www_felissimo_co_jp	https://www.felissimo.co.jp/
spicato_com	https://spicato.com/
www_shueisha_co_jp	https://www.shueisha.co.jp/
www_ai_model_jp	https://www.ai-model.jp/
www_otsuka_plus1_com	https://www.otsuka-plus1.com/
morght_com	https://morght.com/
www_dot_st_com	https://www.dot-st.com/
www_kai_group_com	https://www.kai-group.com/
jp_marugame_com	https://jp.marugame.com/
www_coco_terrace_com	https://www.coco-terrace.com/
buncomo_jp	https://buncomo.jp/
botanistofficial_com	https://botanistofficial.com/
gyre_omotesando_com	https://gyre-omotesando.com/
nishiyama_ramen_com	https://nishiyama-ramen.com/
www_4digit_com	https://www.4digit.com/
www_bravis_com	https://www.bravis.com/
www_h_products_co_jp	https://www.h-products.co.jp/
www_kingjim_co_jp	https://www.kingjim.co.jp/
www_yaohiko_co_jp	https://www.yaohiko.co.jp/
analoguefoundation_com	https://analoguefoundation.com/
kenpan_jp	https://kenpan.jp/
nippori_lamm_tokyo	https://nippori.lamm.tokyo/
recruit_jreast_co_jp	https://recruit.jreast.co.jp/
recruit_renxa_co_jp	https://recruit.renxa.co.jp/
sustainable_botanistofficial_com	https://sustainable.botanistofficial.com/
tyo_co_jp	https://tyo.co.jp/
work_with_art_museumtower_kyobashi_com	https://work-with-art.museumtower-kyobashi.com/
www_kokuyo_com	https://www.kokuyo.com/
www_mbs_jp	https://www.mbs.jp/
www_nikoand_jp	https://www.nikoand.jp/
www_sakuradeeptechshibuya_com	https://www.sakuradeeptechshibuya.com/
www_tanseisha_co_jp	https://www.tanseisha.co.jp/
academy_onecareer_jp	https://academy.onecareer.jp/
andangler_com	https://andangler.com/
mirai_works_co_jp	https://mirai-works.co.jp/
muscatgroup_co_jp	https://muscatgroup.co.jp/
nakameguro_shogakuji_or_jp	https://nakameguro-shogakuji.or.jp/
tabio_com	https://tabio.com/
www_beams_co_jp	https://www.beams.co.jp/
www_haagen_dazs_co_jp	https://www.haagen-dazs.co.jp/
www_kao_co_jp	https://www.kao.co.jp/
www_lebel_co_jp	https://www.lebel.co.jp/
www_lotte_co_jp	https://www.lotte.co.jp/
www_meiji_ac_jp	https://www.meiji.ac.jp/
www_orbis_co_jp	https://www.orbis.co.jp/
www_shiseido_co_jp	https://www.shiseido.co.jp/
www2_mejiro_ac_jp	https://www2.mejiro.ac.jp/
100th_kindai_ac_jp	https://100th.kindai.ac.jp/
45rpm_jp	https://45rpm.jp/
about_mercari_com	https://about.mercari.com/
ace_industry_co_jp	https://ace-industry.co.jp/
akari_care	https://akari.care/
anatomica_jp	https://anatomica.jp/
art_well_being_site	https://art-well-being.site/
artproduce_kua_com	https://artproduce-kua.com/
axinc_jp	https://axinc.jp/
basco1989_com	https://basco1989.com/
bit2013_com	https://bit2013.com/
cascade_bbq_jp	https://cascade-bbq.jp/
cellato_tokyo	https://cellato.tokyo/
corp_kaonavi_jp	https://corp.kaonavi.jp/
coten_co_jp	https://coten.co.jp/
creaimo_jp	https://creaimo.jp/
daikuhara_jp	https://daikuhara.jp/
e_kobe_c_ac_jp	https://e.kobe-c.ac.jp/
featuredprojects_jp	https://featuredprojects.jp/
furu1940_co_jp	https://furu1940.co.jp/
greenpark_santo_com	https://greenpark-santo.com/
hakusuku_jp	https://hakusuku.jp/
hamaokamekki_co_jp	https://hamaokamekki.co.jp/
happynutsday_com	https://happynutsday.com/
has_story_jp	https://has-story.jp/
heartrelation_co_jp	https://heartrelation.co.jp/
iju_ichihara_com	https://iju-ichihara.com/
ikiiki_being_com	https://ikiiki-being.com/
iwatetown_sdgs_jp	https://iwatetown-sdgs.jp/
jiii_atelier_com	https://jiii-atelier.com/
kaitonote_com	https://kaitonote.com/
kenjiobayashi_com	https://kenjiobayashi.com/
koyobase_com	https://koyobase.com/
marnon_jp	https://marnon.jp/
mimiguri_co_jp	https://mimiguri.co.jp/
mixi_co_jp	https://mixi.co.jp/
naniwanomiya_jp	https://naniwanomiya.jp/
nth_marchingband_studio_site	https://nth-marchingband.studio.site/
nution_persol_career_co_jp	https://nution.persol-career.co.jp/
nyle_co_jp	https://nyle.co.jp/
obiproject_monopo_net	https://obiproject.monopo.net/
ogud_co_jp	https://ogud.co.jp/
ozu_company_com	https://ozu-company.com/
partz_fun	https://partz.fun/
qino_jp	https://qino.jp/
risoart_onten_jp	https://risoart.onten.jp/
ru_ru_ru_com	https://ru-ru-ru.com/
setomaneki_jp	https://setomaneki.jp/
shichi_hachi_theday_inc_jp	https://shichi-hachi.theday-inc.jp/
sobajima_jp	https://sobajima.jp/
special_hakujuji_g_co_jp	https://special.hakujuji-g.co.jp/
studio_moramora_com	https://studio-moramora.com/
sun_arc_co_jp	https://sun-arc.co.jp/
tanica_jp	https://tanica.jp/
the_land_of_nomo_panasonic	https://the-land-of-nomo.panasonic/
toa_llc_jp	https://toa-llc.jp/
tsuchitokaze_co_jp	https://tsuchitokaze.co.jp/
um_english_lab_com	https://um-english-lab.com/
unipota_jp	https://unipota.jp/
vermillion_jewelry_com	https://vermillion-jewelry.com/
wofa_jp	https://wofa.jp/
www_aig_japan_jp	https://www.aig-japan.jp/
www_arch_cst_nihon_u_ac_jp	https://www.arch.cst.nihon-u.ac.jp/
www_cielia_com	https://www.cielia.com/
www_finders_tokyo_co_jp	https://www.finders-tokyo.co.jp/
www_freaksstore_com	https://www.freaksstore.com/
www_fujiwara_i_com	https://www.fujiwara-i.com/
www_fukujo_ac_jp	https://www.fukujo.ac.jp/
www_goodthewhat_com	https://www.goodthewhat.com/
www_gunze_co_jp	https://www.gunze.co.jp/
www_ihi_co_jp	https://www.ihi.co.jp/
www_interoffice_co_jp	https://www.interoffice.co.jp/
www_itplus_co_jp	https://www.itplus.co.jp/
www_jaic_g_com	https://www.jaic-g.com/
www_kuwayama_co_jp	https://www.kuwayama.co.jp/
www_mitonedesign_jp	https://www.mitonedesign.jp/
www_nacsj_or_jp	https://www.nacsj.or.jp/
www_nagoyatv_com	https://www.nagoyatv.com/
www_nissui_co_jp	https://www.nissui.co.jp/
www_pkshatech_com	https://www.pkshatech.com/
www_proof_of_guild_com	https://www.proof-of-guild.com/
www_shipsltd_co_jp	https://www.shipsltd.co.jp/
www_taiyokikaku_com	https://www.taiyokikaku.com/
www_tech_flag_co_jp	https://www.tech-flag.co.jp/
www_toda_co_jp	https://www.toda.co.jp/
www_tokuyama_dental_co_jp	https://www.tokuyama-dental.co.jp/
www_toono_or_jp	https://www.toono.or.jp/
www_utopiaagriculture_com	https://www.utopiaagriculture.com/
www_wei_co_jp	https://www.wei.co.jp/
www_yagi_kozai_co_jp	https://www.yagi-kozai.co.jp/
yellows_buzz	https://yellows.buzz/
career_dac_co_jp	https://career.dac.co.jp/
conference_awwwards_com	https://conference.awwwards.com/
innovation_tbs_co_jp	https://innovation.tbs.co.jp/
shibuyayoichi_com	https://shibuyayoichi.com/
www_epsilon_jp	https://www.epsilon.jp/
www_morinaga_co_jp	https://www.morinaga.co.jp/
depart_inc_com	https://depart-inc.com/
school_dhw_co_jp	https://school.dhw.co.jp/
www_ando_shippo_co_jp	https://www.ando-shippo.co.jp/
www_benesse_co_jp	https://www.benesse.co.jp/
www_jal_com	https://www.jal.com/
ai_anime_pj_com	https://ai-anime-pj.com/
ameiro_home_com	https://ameiro-home.com/
appbrew_io	https://appbrew.io/
at_e_jp	https://at-e.jp/
atomsworld_co_jp	https://atomsworld.co.jp/
autoro_io	https://autoro.io/
autumnmeteorite_jp	https://autumnmeteorite.jp/
bee_tribe_jp	https://bee-tribe.jp/
bluefarm_co_jp	https://bluefarm.co.jp/
bousai_fukushi_org	https://bousai-fukushi.org/
brand_kokuyo_co_jp	https://brand.kokuyo.co.jp/
caica_nuts_com	https://caica-nuts.com/
cocochi_design	https://cocochi.design/
ctrlx_jp	https://ctrlx.jp/
designstudio_l_jp	https://designstudio-l.jp/
etoha_lab_co_jp	https://etoha-lab.co.jp/
expo_urban_research_co_jp	https://expo.urban-research.co.jp/
fine_tuning_com	https://fine-tuning.com/
flags_niigata_com	https://flags-niigata.com/
gotoschool_co_jp	https://gotoschool.co.jp/
gpcorp_jp	https://gpcorp.jp/
gunte_lab_kachiboshi_co_jp	https://gunte-lab.kachiboshi.co.jp/
ha_labo_co_jp	https://ha-labo.co.jp/
honeyque_jp	https://honeyque.jp/
hoshinoresorts_com	https://hoshinoresorts.com/
imayo_co_jp	https://imayo.co.jp/
iok_site	https://iok.site/
irop_jp	https://irop.jp/
japan_heritage_ueda_com	https://japan-heritage-ueda.com/
jp_creativesurvey_com	https://jp.creativesurvey.com/
kaneiri_co_jp	https://kaneiri.co.jp/
kesiki_jp	https://kesiki.jp/
key_men_net	https://key-men.net/
kite_kite_com	https://kite-kite.com/
ks_metal_co_jp	https://ks-metal.co.jp/
kulture_jp	https://kulture.jp/
kuwazawa_wagashi_com	https://kuwazawa-wagashi.com/
kwinaika_com	https://kwinaika.com/
landsapporo_jp	https://landsapporo.jp/
layered_omi_com	https://layered-omi.com/
lg10th_special_game_line_me	https://lg10th-special.game.line.me/
liner_hair_com	https://liner-hair.com/
lionsgoodnews_com	https://lionsgoodnews.com/
maple_house_jp	https://maple-house.jp/
marph_com	https://marph.com/
matsushitahome_com	https://matsushitahome.com/
midori_no_mori_jp	https://midori-no-mori.jp/
milkstar_jp	https://milkstar.jp/
morerevery_net	https://morerevery.net/
mygenius_jp	https://mygenius.jp/
necco_inc	https://necco.inc/
negilabo_ufoods_co_jp	https://negilabo.ufoods.co.jp/
new_sushism_jp	https://new-sushism.jp/
newtown_tokyo	https://newtown.tokyo/
nici_jpn_org	https://nici.jpn.org/
nirnor_jp	https://nirnor.jp/
nishiwaki_plasticsurgery_com	https://nishiwaki-plasticsurgery.com/
nisshodenkiseigyo_com	https://nisshodenkiseigyo.com/
northman_hokkaido_com	https://northman-hokkaido.com/
ogawa_vineyard_studio_site	https://ogawa-vineyard.studio.site/
oguro_mfg_com	https://oguro-mfg.com/
onsen_parlor_jp	https://onsen-parlor.jp/
ooharadensen_shop	https://ooharadensen.shop/
owls_cr_co_jp	https://owls-cr.co.jp/
paris_yugao_jp	https://paris-yugao.jp/
paw_inc_jp	https://paw-inc.jp/
philduct_com	https://philduct.com/
pilot_auto	https://pilot.auto/
plate_newtown_tokyo	https://plate.newtown.tokyo/
pm_alfalfa_design_jp	https://pm.alfalfa-design.jp/
poporpop_com	https://poporpop.com/
products_inuse_jp	https://products.inuse.jp/
punchred_xyz	https://punchred.xyz/
rci_a_com	https://rci-a.com/
recruit_actbe_co_jp	https://recruit.actbe.co.jp/
recruit_frontier_gr_jp	https://recruit.frontier-gr.jp/
recruit_sunbelx_com	https://recruit.sunbelx.com/
ringo_applepie_com	https://ringo-applepie.com/
ringo_dou_com	https://ringo-dou.com/
rooth_botanistofficial_com	https://rooth.botanistofficial.com/
saga_hirakawaya_jp	https://saga-hirakawaya.jp/
saiyou_yomiuri_co_jp	https://saiyou.yomiuri.co.jp/
sakarisake_com	https://sakarisake.com/
sbro_co_jp	https://sbro.co.jp/
seikatsuclub_coop	https://seikatsuclub.coop/
shimohara_auto_co_jp	https://shimohara-auto.co.jp/
son_okada_com	https://son-okada.com/
soyogobooks_jp	https://soyogobooks.jp/
special_recruit_mediaaid_co_jp	https://special-recruit.mediaaid.co.jp/
sr_comodo_com	https://sr-comodo.com/
studio_design	https://studio.design/
taks_task_jp	https://taks-task.jp/
tate_lab_com	https://tate-lab.com/
tatoru_com	https://tatoru.com/
terada_knit_co_jp	https://terada-knit.co.jp/
thespot_jp	https://thespot.jp/
tokyugardencity_com	https://tokyugardencity.com/
wallpapermagic_net	https://wallpapermagic.net/
wf_fabric_tokyo_com	https://wf.fabric-tokyo.com/
whitemouth_jp	https://whitemouth.jp/
www_aligne_me	https://www.aligne.me/
www_beyondmag_jp	https://www.beyondmag.jp/
www_bluepond_jp	https://www.bluepond.jp/
www_cyber_l_co_jp	https://www.cyber-l.co.jp/
www_d2cid_co_jp	https://www.d2cid.co.jp/
www_daido_co_jp	https://www.daido.co.jp/
www_daimaru_matsuzakaya_com	https://www.daimaru-matsuzakaya.com/
www_goldenrecord_jp	https://www.goldenrecord.jp/
www_gorakadan_com	https://www.gorakadan.com/
www_helios_syuzo_co_jp	https://www.helios-syuzo.co.jp/
www_hscnet_co_jp	https://www.hscnet.co.jp/
www_isuru_baby_com	https://www.isuru-baby.com/
www_iwaki_socks_jp	https://www.iwaki-socks.jp/
www_kabu_kitamura_com	https://www.kabu-kitamura.com/
www_kanmachi_co_jp	https://www.kanmachi.co.jp/
www_kikumasamune_co_jp	https://www.kikumasamune.co.jp/
www_kuraka_co_jp	https://www.kuraka.co.jp/
www_mainichi_co_jp	https://www.mainichi.co.jp/
www_meidensha_co_jp	https://www.meidensha.co.jp/
www_melt_interface_com	https://www.melt-interface.com/
www_minochu_co_jp	https://www.minochu.co.jp/
www_nagaken_com	https://www.nagaken.com/
www_nikon_com	https://www.nikon.com/
www_ohtsubo_e_com	https://www.ohtsubo-e.com/
www_opexpark_co_jp	https://www.opexpark.co.jp/
www_passto_jp	https://www.passto.jp/
www_pentel_co_jp	https://www.pentel.co.jp/
www_prismpartner_co_jp	https://www.prismpartner.co.jp/
www_sa_nu_com	https://www.sa-nu.com/
www_sekisuihouse_co_jp	https://www.sekisuihouse.co.jp/
www_shochiku_co_jp	https://www.shochiku.co.jp/
www_speakbuddy_com	https://www.speakbuddy.com/
www_spiral_co_jp	https://www.spiral.co.jp/
www_teinei_co_jp	https://www.teinei.co.jp/
www_tgn_co_jp	https://www.tgn.co.jp/
www_trunk_base_com	https://www.trunk-base.com/
www_unagipai_factory_jp	https://www.unagipai-factory.jp/
www_unbundle_tokyo	https://www.unbundle.tokyo/
www_yg_kobe_wu_ac_jp	https://www.yg.kobe-wu.ac.jp/
www_zoom_japan_com	https://www.zoom-japan.com/
www2_panasonic_biz	https://www2.panasonic.biz/
yokanka_com	https://yokanka.com/
yubihari_com	https://yubihari.com/
zakone_jp	https://zakone.jp/
global_jr_central_co_jp	https://global.jr-central.co.jp/
ici_art_com	https://ici-art.com/
www_meg_snow_com	https://www.meg-snow.com/
www_tsumura_co_jp	https://www.tsumura.co.jp/
marui_unite_co_jp	https://marui-unite.co.jp/
www_benners_co_jp	https://www.benners.co.jp/
www_eizo_system_co_jp	https://www.eizo-system.co.jp/
www_houzentei_jp	https://www.houzentei.jp/
bakeru_co_jp	https://bakeru.co.jp/
careers_giftee_co_jp	https://careers.giftee.co.jp/
citizen_jp	https://citizen.jp/
comme_fit	https://comme.fit/
majime_jp	https://majime.jp/
mota_inc	https://mota.inc/
newhattan_jp	https://newhattan.jp/
newpeace_jp	https://newpeace.jp/
newview_design	https://newview.design/
panasonic_co_jp	https://panasonic.co.jp/
plantica_net	https://plantica.net/
quoitworks_com	https://quoitworks.com/
recruit_buysell_technologies_com	https://recruit.buysell-technologies.com/
richka_co_jp	https://richka.co.jp/
rinnai_jp	https://rinnai.jp/
shop_vermicular_jp	https://shop.vermicular.jp/
store_united_arrows_co_jp	https://store.united-arrows.co.jp/
universe_kaonavi_jp	https://universe.kaonavi.jp/
www_albion_co_jp	https://www.albion.co.jp/
www_crazy_co_jp	https://www.crazy.co.jp/
www_dnp_innovationport_com	https://www.dnp-innovationport.com/
www_m_trust_co_jp	https://www.m-trust.co.jp/
www_opefac_com	https://www.opefac.com/
www_orico_co_jp	https://www.orico.co.jp/
www_otsuka_co_jp	https://www.otsuka.co.jp/
www_suntory_co_jp	https://www.suntory.co.jp/
www_tombow_com	https://www.tombow.com/
www_vermicular_jp	https://www.vermicular.jp/
www_y_staff_supply_co_jp	https://www.y-staff-supply.co.jp/
0848ishida_jp	https://0848ishida.jp/
2025_japan_pavilion_go_jp	https://2025-japan-pavilion.go.jp/
2liberum_com	https://2liberum.com/
alice_exhibit_jp	https://alice.exhibit.jp/
amamikaori_lab_com	https://amamikaori-lab.com/
andythemouse_com	https://andythemouse.com/
aquall_jp	https://aquall.jp/
asaiikoji_com	https://asaiikoji.com/
atelier_eighteen_com	https://atelier-eighteen.com/
atomica_communitymanager_com	https://atomica-communitymanager.com/
aubloom_com	https://aubloom.com/
ayumu_home_co_jp	https://ayumu-home.co.jp/
barge166_com	https://barge166.com/
bd_techplay_jp	https://bd.techplay.jp/
bell_support_work	https://bell-support.work/
beyblade_takaratomy_co_jp	https://beyblade.takaratomy.co.jp/
bollina_jp	https://bollina.jp/
bologne_shopping_com	https://bologne-shopping.com/
bouquetinfusions_com	https://bouquetinfusions.com/
browncheesebrother_com	https://browncheesebrother.com/
bunka_shoten_com	https://bunka-shoten.com/
campaign_gongcha_co_jp	https://campaign.gongcha.co.jp/
career_fands_c_com	https://career.fands-c.com/
careers_resilire_jp	https://careers.resilire.jp/
chemi_con_recruit_co_jp	https://chemi-con-recruit.co.jp/
chime_hakushu_com	https://chime-hakushu.com/
choco_nuts_jp	https://choco-nuts.jp/
chuhicha_com	https://chuhicha.com/
chuwrite_com	https://chuwrite.com/
ciraffiti_com	https://ciraffiti.com/
co_lab_joshibi_net	https://co-lab.joshibi.net/
coffee_city_fes_com	https://coffee-city-fes.com/
comone_thers_ac_jp	https://comone.thers.ac.jp/
concon_kyoto	https://concon.kyoto/
contents_blueover_jp	https://contents.blueover.jp/
corp_geekly_co_jp	https://corp.geekly.co.jp/
crewmap_jp	https://crewmap.jp/
crossfields_jp	https://crossfields.jp/
decorsystems_com_au	https://decorsystems.com.au/
design_moneyforward_com	https://design.moneyforward.com/
designedbywomen_org	https://designedbywomen.org/
designershygge_studio_site	https://designershygge.studio.site/
diff_co_jp	https://diff.co.jp/
drame_tokyo	https://drame.tokyo/
echoga_blue_puddle_com	https://echoga.blue-puddle.com/
ecolozoo_cosmo_energy_co_jp	https://ecolozoo.cosmo-energy.co.jp/
edifis_ca	https://edifis.ca/
elephantstone_net	https://elephantstone.net/
epytotorp_panasonic_co_jp	https://epytotorp.panasonic.co.jp/
event_1242_com	https://event.1242.com/
factio_work	https://factio.work/
farmer_syunnoeki_com	https://farmer.syunnoeki.com/
foodcomplianceinternational_com	https://foodcomplianceinternational.com/
freerunjournal_net	https://freerunjournal.net/
fukunagaazusa_jp	https://fukunagaazusa.jp/
futami_akashi_lib_jp	https://futami-akashi-lib.jp/
gakudai_koukashita_com	https://gakudai-koukashita.com/
ganso_osaka	https://ganso.osaka/
gloria_japan_co_jp	https://gloria-japan.co.jp/
gosenone_com	https://gosenone.com/
gr1_jp	https://gr1.jp/
h_chair_com	https://h-chair.com/
hanatsubaki_shiseido_com	https://hanatsubaki.shiseido.com/
hdat_jp	https://hdat.jp/
hikarino_clinic	https://hikarino.clinic/
hinodeoshiki_com	https://hinodeoshiki.com/
hogoneco_clinic_neco_republic_jp	https://hogoneco-clinic.neco-republic.jp/
hrmos_co	https://hrmos.co/
hsmkrt1996_com	https://hsmkrt1996.com/
ice_kuramoto_jp	https://ice-kuramoto.jp/
iconictower_niigatasta_jp	https://iconictower-niigatasta.jp/
ideacloud_co_jp	https://ideacloud.co.jp/
ikerin2017_com	https://ikerin2017.com/
itonami_ukiha_jp	https://itonami-ukiha.jp/
jack_jack_photo_com	https://jack-jack-photo.com/
jo_zu_works_site	https://jo-zu-works.site/
jozu_plus_com	https://jozu-plus.com/
kaizen_tsk_corp_jp	https://kaizen.tsk-corp.jp/
kashijikan_mugi_jp	https://kashijikan-mugi.jp/
kenchikubento_jp	https://kenchikubento.jp/
kidssnacklab_com	https://kidssnacklab.com/
kikasete_journey_jp	https://kikasete-journey.jp/
kimono_benntenn_com	https://kimono-benntenn.com/
kumaleon_com	https://kumaleon.com/
kyouno_jp	https://kyouno.jp/
landonorris_com	https://landonorris.com/
laq2_jp	https://laq2.jp/
laugh_mind_co_jp	https://laugh-mind.co.jp/
lilaclip_com	https://lilaclip.com/
logosland_jp	https://logosland.jp/
lovepassport_mila_jp	https://lovepassport-mila.jp/
lp_tabinuki_com	https://lp.tabinuki.com/
lp_yoom_fun	https://lp.yoom.fun/
makewithnotion_com	https://makewithnotion.com/
megcorporate_jp	https://megcorporate.jp/
mennour_com	https://mennour.com/
metaverse_japan_org	https://metaverse-japan.org/
mobility_contest_jp	https://mobility-contest.jp/
moku2_outdoor_com	https://moku2-outdoor.com/
momotaro_setouchi_tnfportal_jp	https://momotaro-setouchi.tnfportal.jp/
moodhall_com	https://moodhall.com/
nakani_co_jp	https://nakani.co.jp/
nekopi_jp	https://nekopi.jp/
next_junni_co_jp	https://next.junni.co.jp/
nft_fluffyhugs_io	https://nft.fluffyhugs.io/
nikko_jicon_jp	https://nikko-jicon.jp/
nintendo_systems_com	https://nintendo-systems.com/
niyori_site	https://niyori.site/
obunko_org	https://obunko.org/
oc_musabi_ac_jp	https://oc.musabi.ac.jp/
ocy_okinawa	https://ocy.okinawa/
olion_tax_com	https://olion-tax.com/
online_sta_com	https://online-sta.com/
onmaya_co_jp	https://onmaya.co.jp/
operate_so	https://operate.so/
osakakiritori_jp	https://osakakiritori.jp/
paintupsugar_com	https://paintupsugar.com/
pangrampangram_com	https://pangrampangram.com/
parco_scs_com	https://parco-scs.com/
park_inc	https://park.inc/
pday_jp	https://pday.jp/
ph_office_yh_com	https://ph-office-yh.com/
pineal_co_jp	https://pineal.co.jp/
pont_de_ciel_co_jp	https://pont-de-ciel.co.jp/
pwork_jp	https://pwork.jp/
qo_recruit_com	https://qo-recruit.com/
qoobo_info	https://qoobo.info/
rabbicour_com	https://rabbicour.com/
rc_std_jp	https://rc-std.jp/
rdc_ricoh_co_jp	https://rdc.ricoh.co.jp/
re_touch_lp_tokyo	https://re-touch-lp.tokyo/
recoreru_com	https://recoreru.com/
recruit_student_family_co_jp	https://recruit-student.family.co.jp/
recruit_infratec_co_jp	https://recruit.infratec.co.jp/
recruit_kokuyo_co_jp	https://recruit.kokuyo.co.jp/
recruit_mayekawa_co_jp	https://recruit.mayekawa.co.jp/
ririri_jp	https://ririri.jp/
roomclip_jp	https://roomclip.jp/
sakeate_furusato_com	https://sakeate-furusato.com/
sanaburilemon_com	https://sanaburilemon.com/
sandogoya_onsen_com	https://sandogoya-onsen.com/
shimanami_brewery_com	https://shimanami-brewery.com/
shop_newbalance_jp	https://shop.newbalance.jp/
soramamedesign_com	https://soramamedesign.com/
souzo_e_maruman_co_jp	https://souzo.e-maruman.co.jp/
strix_inc_jp	https://strix-inc.jp/
studyinshizuoka_jp	https://studyinshizuoka.jp/
stylers_co_jp	https://stylers.co.jp/
swissdent_creative_nights_com	https://swissdent.creative-nights.com/
syu_m_jp	https://syu-m.jp/
tak_inc_com	https://tak-inc.com/
talkme_jp	https://talkme.jp/
talknote_com	https://talknote.com/
tapp_co_jp	https://tapp-co.jp/
tbrave_com	https://tbrave.com/
tego_lab_jp	https://tego-lab.jp/
tenkukairou_com	https://tenkukairou.com/
terminal27_com	https://terminal27.com/
the_triangle_jp	https://the-triangle.jp/
tokyo_haneda_com	https://tokyo-haneda.com/
tomarino_jp	https://tomarino.jp/
tosaco_brewing_com	https://tosaco-brewing.com/
toyotaconiq_pro_co_jp	https://toyotaconiq-pro.co.jp/
tsuki_zo_jp	https://tsuki-zo.jp/
tsukubalive_volley2022_studio_site	https://tsukubalive-volley2022.studio.site/
ubie_life	https://ubie.life/
village_town	https://village.town/
washimi_lc_jp	https://washimi-lc.jp/
wearebuddies_net	https://wearebuddies.net/
windscell_jp	https://windscell.jp/
www_anniversaire_co_jp	https://www.anniversaire.co.jp/
www_apple_q_jp	https://www.apple-q.jp/
www_bigi_co_jp	https://www.bigi.co.jp/
www_bikkuri_donkey_com	https://www.bikkuri-donkey.com/
www_biscom_jp	https://www.biscom.jp/
www_blanchoney_jp	https://www.blanchoney.jp/
www_bombaysapphire_jp	https://www.bombaysapphire.jp/
www_caramelcrown_jp	https://www.caramelcrown.jp/
www_choreo_co_jp	https://www.choreo.co.jp/
www_cki_group_jp	https://www.cki-group.jp/
www_cri_nagoya_com	https://www.cri-nagoya.com/
www_culinary_ac_jp	https://www.culinary.ac.jp/
www_daiwahouse_co_jp	https://www.daiwahouse.co.jp/
www_elegantseagulls_com	https://www.elegantseagulls.com/
www_est_est_co_jp	https://www.est-est.co.jp/
www_fieldstudiesflora_com	https://www.fieldstudiesflora.com/
www_fondesk_jp	https://www.fondesk.jp/
www_geexplus_co_jp	https://www.geexplus.co.jp/
www_getrepeat_io	https://www.getrepeat.io/
www_hakusensha_co_jp	https://www.hakusensha.co.jp/
www_hana_mura_com	https://www.hana-mura.com/
www_haruta_shoes_co_jp	https://www.haruta-shoes.co.jp/
www_helloelva_com	https://www.helloelva.com/
www_i0plus_jp	https://www.i0plus.jp/
www_junonline_jp	https://www.junonline.jp/
www_kci_or_jp	https://www.kci.or.jp/
www_kurasumai_jp	https://www.kurasumai.jp/
www_kyocera_kanden_co_jp	https://www.kyocera-kanden.co.jp/
www_leoleo_studio	https://www.leoleo.studio/
www_lucua_jp	https://www.lucua.jp/
www_luminaireauthentik_com	https://www.luminaireauthentik.com/
www_meeth_jp	https://www.meeth.jp/
www_moji_sekkei_jp	https://www.moji-sekkei.jp/
www_momforstar_jp	https://www.momforstar.jp/
www_nakano_group_co_jp	https://www.nakano-group.co.jp/
www_netforest_ad_jp	https://www.netforest.ad.jp/
www_newvillage_jp	https://www.newvillage.jp/
www_nipponpapergroup_com	https://www.nipponpapergroup.com/
www_nissei_com_co_jp	https://www.nissei-com.co.jp/
www_nntt_jac_go_jp	https://www.nntt.jac.go.jp/
www_nohohonbooks_jp	https://www.nohohonbooks.jp/
www_noluc_jp	https://www.noluc.jp/
www_omutsu_jp	https://www.omutsu.jp/
www_pal_system_co_jp	https://www.pal-system.co.jp/
www_pi_recruit_jp	https://www.pi-recruit.jp/
www_pintscope_com	https://www.pintscope.com/
www_plazastyle_com	https://www.plazastyle.com/
www_plusr_jp	https://www.plusr.jp/
www_rafuna_jp	https://www.rafuna.jp/
www_rinnai_basic_jp	https://www.rinnai-basic.jp/
www_saiyo_bk_mufg_jp	https://www.saiyo.bk.mufg.jp/
www_sakurajyuji_or_jp	https://www.sakurajyuji.or.jp/
www_salad_bowl_jp	https://www.salad-bowl.jp/
www_salon_meguru_com	https://www.salon-meguru.com/
www_seed_recruit_com	https://www.seed-recruit.com/
www_shibuya_scramble_square_com	https://www.shibuya-scramble-square.com/
www_smtlf_jp	https://www.smtlf.jp/
www_sumitomolife_co_jp	https://www.sumitomolife.co.jp/
www_takutora_net	https://www.takutora.net/
www_tokyobanana_jp	https://www.tokyobanana.jp/
www_un_scalablevision_com	https://www.un-scalablevision.com/
www_upvege_com	https://www.upvege.com/
www_v2_s_net	https://www.v2-s.net/
www_vivivit_com	https://www.vivivit.com/
www_wakibungu_com	https://www.wakibungu.com/
www_wildyriftian_com	https://www.wildyriftian.com/
www_yamada_cg_co_jp	https://www.yamada-cg.co.jp/
www_yamada_gumi_co_jp	https://www.yamada-gumi.co.jp/
yolu_jp	https://yolu.jp/
yubune_co	https://yubune.co/
adachi_itsuki_pharmacy_com	https://adachi-itsuki-pharmacy.com/
aitohus_com	https://aitohus.com/
atledelta_com	https://atledelta.com/
counter_digital_jp	https://counter-digital.jp/
dei_azabu_u_ac_jp	https://dei.azabu-u.ac.jp/
fashionpost_jp	https://fashionpost.jp/
fedl_jp	https://fedl.jp/
global_tree_jp	https://global-tree.jp/
goodlife_inc_co_jp	https://goodlife-inc.co.jp/
jobs_nealle_com	https://jobs.nealle.com/
layerx_co_jp	https://layerx.co.jp/
lenz_co_jp	https://lenz-co.jp/
levelzero_co_jp	https://levelzero.co.jp/
media_arts_ac_jp	https://media-arts.ac.jp/
meikei_ac_jp	https://meikei.ac.jp/
moyogae_com	https://moyogae.com/
newfolk_jp	https://newfolk.jp/
niewmedia_com	https://niewmedia.com/
nine_co_jp	https://nine-co.jp/
novasell_com	https://novasell.com/
nutrad_co_jp	https://nutrad.co.jp/
reynato_co_jp	https://reynato.co.jp/
s_kitazato_jp	https://s-kitazato.jp/
solvvy_co_jp	https://solvvy.co.jp/
triorb_co_jp	https://triorb.co.jp/
ugokko_jp	https://ugokko.jp/
urbanhome_tt_com	https://urbanhome-tt.com/
vuild_co_jp	https://vuild.co.jp/
wander_co_jp	https://wander.co.jp/
www_0101maruigroup_co_jp	https://www.0101maruigroup.co.jp/
www_accorder_co_jp	https://www.accorder.co.jp/
www_aimservices_co_jp	https://www.aimservices.co.jp/
www_asahiyushi_com	https://www.asahiyushi.com/
www_ayana_com	https://www.ayana.com/
www_bluedge_co_jp	https://www.bluedge.co.jp/
www_cartazero_co_jp	https://www.cartazero.co.jp/
www_climarks_com	https://www.climarks.com/
www_creatures_co_jp	https://www.creatures.co.jp/
www_e_nisshin_com	https://www.e-nisshin.com/
www_eteweb_com	https://www.eteweb.com/
www_evoworx_co_jp	https://www.evoworx.co.jp/
www_figaro_vis_jp	https://www.figaro-vis.jp/
www_fujiya_peko_co_jp	https://www.fujiya-peko.co.jp/
www_funtech_inc	https://www.funtech.inc/
www_garage_co_jp	https://www.garage.co.jp/
www_goldwin_co_jp	https://www.goldwin.co.jp/
www_h7house_com	https://www.h7house.com/
www_hit_ad_co_jp	https://www.hit-ad.co.jp/
www_hkt_co_jp	https://www.hkt.co.jp/
www_inouekabu_com	https://www.inouekabu.com/
www_jbnet_jp	https://www.jbnet.jp/
www_kanex_tool_co_jp	https://www.kanex-tool.co.jp/
www_kokushikan_ac_jp	https://www.kokushikan.ac.jp/
www_kouriisland_yawnyard_com	https://www.kouriisland.yawnyard.com/
www_mec_r_com	https://www.mec-r.com/
www_moraine_co_jp	https://www.moraine.co.jp/
www_movel_jp	https://www.movel.jp/
www_narikoma_group_co_jp	https://www.narikoma-group.co.jp/
www_nasu_ougiya_com	https://www.nasu-ougiya.com/
www_next10chairs_com	https://www.next10chairs.com/
www_nissan_nics_co_jp	https://www.nissan-nics.co.jp/
www_nobel_co_jp	https://www.nobel.co.jp/
www_okayamaartsummit_jp	https://www.okayamaartsummit.jp/
www_rebita_co_jp	https://www.rebita.co.jp/
www_rgf_professional_jp	https://www.rgf-professional.jp/
www_ryden_co_jp	https://www.ryden.co.jp/
www_sakurai_gs_co_jp	https://www.sakurai-gs.co.jp/
www_sankei_digital_co_jp	https://www.sankei-digital.co.jp/
www_sogokagu_co_jp	https://www.sogokagu.co.jp/
www_sola_resort_com	https://www.sola-resort.com/
www_suzukishouten_co_jp	https://www.suzukishouten.co.jp/
www_tactile_jp	https://www.tactile.jp/
www_tokyonode_jp	https://www.tokyonode.jp/
www_tokyu_co_jp	https://www.tokyu.co.jp/
www_tomioka_silk_jp	https://www.tomioka-silk.jp/
www_toyokoh_com	https://www.toyokoh.com/
www_uchida_bs_co_jp	https://www.uchida-bs.co.jp/
www_urban_research_jp	https://www.urban-research.jp/
www_wellz_united_jp	https://www.wellz-united.jp/
www_wj_etec_co_jp	https://www.wj-etec.co.jp/
www_workersresort_com	https://www.workersresort.com/
asur_online	https://asur.online/
beeshoney_jp	https://beeshoney.jp/
big_up_style	https://big-up.style/
brutus_jp	https://brutus.jp/
coosy_co_jp	https://coosy.co.jp/
cruise_kobe_com	https://cruise-kobe.com/
daikanyamalaw_com	https://daikanyamalaw.com/
datagrid_co_jp	https://datagrid.co.jp/
dddhotel_jp	https://dddhotel.jp/
dmm_corp_com	https://dmm-corp.com/
droas_jp	https://droas.jp/
eggforward_co_jp	https://eggforward.co.jp/
fabriq_co_jp	https://fabriq.co.jp/
garden_eight_com	https://garden-eight.com/
geo_group_jp	https://geo-group.jp/
goinc_co_jp	https://goinc.co.jp/
goodpatch_com	https://goodpatch.com/
helixes_co	https://helixes.co/
holder_work	https://holder.work/
ippukuandmatcha_jp	https://ippukuandmatcha.jp/
isai_inc_co_jp	https://isai-inc.co.jp/
jikorikai_com	https://jikorikai.com/
journal_standard_jp	https://journal-standard.jp/
kurashito_co_jp	https://kurashito.co.jp/
leverages_jp	https://leverages.jp/
linica_jp	https://linica.jp/
maisoncacao_com	https://maisoncacao.com/
mediadept_co_jp	https://mediadept.co.jp/
mount_jp	https://mount.jp/
narita_akihabara_jp	https://narita-akihabara.jp/
newstories_jp	https://newstories.jp/
nishinomiya_gardens_com	https://nishinomiya-gardens.com/
noir_e_com	https://noir-e.com/
orf_sfc_keio_ac_jp	https://orf.sfc.keio.ac.jp/
paradigm_shift_co_jp	https://paradigm-shift.co.jp/
plusshift_jp	https://plusshift.jp/
realgate_jp	https://realgate.jp/
recruit_openhouse_group_com	https://recruit.openhouse-group.com/
redandgreen_jp	https://redandgreen.jp/
renomaparis_jp	https://renomaparis.jp/
rinn_co_jp	https://rinn.co.jp/
sakuramachi_kumamoto_jp	https://sakuramachi-kumamoto.jp/
shibuya_qws_com	https://shibuya-qws.com/
shibuya_parco_jp	https://shibuya.parco.jp/
shirota_yu_com	https://shirota-yu.com/
sp_25ans_jp	https://sp.25ans.jp/
spiderplus_co_jp	https://spiderplus.co.jp/
sumi_fillinglife_co	https://sumi.fillinglife.co/
taotajima_jp	https://taotajima.jp/
theo_blue	https://theo.blue/
theokuratokyo_jp	https://theokuratokyo.jp/
theshift_tokyo	https://theshift.tokyo/
wht_co_jp	https://wht.co.jp/
wota_co_jp	https://wota.co.jp/
www_acsl_co_jp	https://www.acsl.co.jp/
www_artandscience_jp	https://www.artandscience.jp/
www_asahi_com	https://www.asahi.com/
www_aur_co_jp	https://www.aur.co.jp/
www_billboard_live_com	https://www.billboard-live.com/
www_career_dentsu_jp	https://www.career.dentsu.jp/
www_ccc_co_jp	https://www.ccc.co.jp/
www_cupnoodle_jp	https://www.cupnoodle.jp/
www_denso_com	https://www.denso.com/
www_dhf_co_jp	https://www.dhf.co.jp/
www_dhw_ac_jp	https://www.dhw.ac.jp/
www_e_hakama_com	https://www.e-hakama.com/
www_form_process_com	https://www.form-process.com/
www_fujibo_co_jp	https://www.fujibo.co.jp/
www_grust_co_jp	https://www.grust.co.jp/
www_haradacorp_co_jp	https://www.haradacorp.co.jp/
www_hidagyu_yoromeat_honten_com	https://www.hidagyu-yoromeat-honten.com/
www_hrm_co_jp	https://www.hrm.co.jp/
www_ics_ac_jp	https://www.ics.ac.jp/
www_jcomm_co_jp	https://www.jcomm.co.jp/
www_loewe_com	https://www.loewe.com/
www_meihou_ac_co_jp	https://www.meihou-ac.co.jp/
www_mitsui_kinzoku_com	https://www.mitsui-kinzoku.com/
www_mlit_go_jp	https://www.mlit.go.jp/
www_opera_net_jp	https://www.opera-net.jp/
www_perfectdays_movie_jp	https://www.perfectdays-movie.jp/
www_persol_group_co_jp	https://www.persol-group.co.jp/
www_petline_co_jp	https://www.petline.co.jp/
www_saisoncard_co_jp	https://www.saisoncard.co.jp/
www_sbfoods_co_jp	https://www.sbfoods.co.jp/
www_shupatto_com	https://www.shupatto.com/
www_sonicjam_co_jp	https://www.sonicjam.co.jp/
www_sotetsu_co_jp	https://www.sotetsu.co.jp/
www_spade_co_jp	https://www.spade-co.jp/
www_tau_ac_jp	https://www.tau.ac.jp/
www_tokyo_designplex_com	https://www.tokyo-designplex.com/
www_ut_g_co_jp	https://www.ut-g.co.jp/
www_va_t_ac_jp	https://www.va-t.ac.jp/
www_wacoal_jp	https://www.wacoal.jp/
www_yakult_co_jp	https://www.yakult.co.jp/
11tanjung_com	https://11tanjung.com/
30th_ibuka_webflow_io	https://30th-ibuka.webflow.io/
70materia_com	https://70materia.com/
aawum_com	https://aawum.com/
adrienrovero_com	https://adrienrovero.com/
aino_agency	https://aino.agency/
akekure_beans_com	https://akekure-beans.com/
aletagency_com	https://aletagency.com/
algo_tv	https://algo.tv/
alireza_com	https://alireza.com/
annajona_is	https://annajona.is/
aquastand_jp	https://aquastand.jp/
arights_com	https://arights.com/
arvinleeuwis_xyz	https://arvinleeuwis.xyz/
atmos_leeroy_ca	https://atmos.leeroy.ca/
ballparkfantasia_com	https://ballparkfantasia.com/
bebop_jp_com	https://bebop-jp.com/
bellinicanella_com	https://bellinicanella.com/
bene_regalo_com	https://bene-regalo.com/
bnawall_com	https://bnawall.com/
boyd_ae	https://boyd.ae/
bumblebeespaces_com	https://bumblebeespaces.com/
burma_shave_jp	https://burma-shave.jp/
cabifoods_com	https://cabifoods.com/
casa_dolcegabbana_com	https://casa.dolcegabbana.com/
collection_ii_mfisher_com	https://collection-ii.mfisher.com/
columbia100_watson_la	https://columbia100.watson.la/
convexity_space	https://convexity.space/
csr_adastria_co_jp	https://csr.adastria.co.jp/
curious_co	https://curious.co/
dangerous_places_for_sailors_tilda_ws	https://dangerous-places-for-sailors.tilda.ws/
databest_webflow_io	https://databest.webflow.io/
david_hckh_com	https://david-hckh.com/
dayloog_com	https://dayloog.com/
delassus_com	https://delassus.com/
denshiland_murata_com	https://denshiland.murata.com/
dgrees_studio	https://dgrees.studio/
dich_fashion_webflow_io	https://dich-fashion.webflow.io/
diorbystarck_art	https://diorbystarck.art/
divinalingua_it	https://divinalingua.it/
donbraco_jp	https://donbraco.jp/
dscl_jp	https://dscl.jp/
e_ftb_co_jp	https://e-ftb.co.jp/
e_t_studio	https://e-t.studio/
elyse_residence_dev_webflow_io	https://elyse-residence-dev.webflow.io/
exat_hottype_co	https://exat.hottype.co/
expo_58_historia_europa_eu	https://expo-58.historia.europa.eu/
expo2025_kuragepj_com	https://expo2025-kuragepj.com/
fantasy_asahibeer_co_jp	https://fantasy.asahibeer.co.jp/
fieldwork_cc	https://fieldwork.cc/
findmy_vitra_com	https://findmy.vitra.com/
fix_studio	https://fix.studio/
fleava_com	https://fleava.com/
font_k95_it	https://font.k95.it/
foodculture2021_go_jp	https://foodculture2021.go.jp/
fukuoka_parco_jp	https://fukuoka.parco.jp/
gigshare_webflow_io	https://gigshare.webflow.io/
glcpatti_com	https://glcpatti.com/
gleec_com	https://gleec.com/
global_hpc_co_jp	https://global.hpc.co.jp/
go_od_co	https://go-od.co/
goods_wtf	https://goods.wtf/
goodzones_com	https://goodzones.com/
grafik_co_nz	https://grafik.co.nz/
gt_mechanik_com	https://gt-mechanik.com/
gufram_it	https://gufram.it/
gus_biz	https://gus.biz/
hakaji_io	https://hakaji.io/
haleypark_design	https://haleypark.design/
hayatomachida_com	https://hayatomachida.com/
heleonic_com	https://heleonic.com/
heydaycanning_com	https://heydaycanning.com/
honorestos_com	https://honorestos.com/
hypercoop_store	https://hypercoop.store/
iba_globe_why_de	https://iba-globe.why.de/
immersive_museum_jp	https://immersive-museum.jp/
info_shinchosha_co_jp	https://info.shinchosha.co.jp/
iredpanda_com	https://iredpanda.com/
irl_url_com	https://irl-url.com/
itssharl_ee	https://itssharl.ee/
j_croissant_jp	https://j-croissant.jp/
janetandjanet_com	https://janetandjanet.com/
jfvegancafe_com	https://jfvegancafe.com/
k_2_design	https://k-2.design/
k_s_f_com	https://k-s-f.com/
kamenoco_jp	https://kamenoco.jp/
karinasirqueira_com	https://karinasirqueira.com/
kayukayukoujitsu_jp	https://kayukayukoujitsu.jp/
kikuchi_kagu_jp	https://kikuchi-kagu.jp/
kimikura_jp	https://kimikura.jp/
kiyo_steak_com	https://kiyo-steak.com/
kodomo_solasto_hoiku_com	https://kodomo.solasto-hoiku.com/
kprverse_com	https://kprverse.com/
ksart_jp	https://ksart.jp/
labs_chaingpt_org	https://labs.chaingpt.org/
lategra_co_jp	https://lategra.co.jp/
letter_run_webflow_io	https://letter-run.webflow.io/
liaoliveoil_com	https://liaoliveoil.com/
lp_chatwork_com	https://lp.chatwork.com/
lusion_co	https://lusion.co/
marioecg_com	https://marioecg.com/
martingauer_com	https://martingauer.com/
mathijshanenkamp_com	https://mathijshanenkamp.com/
members_play_lacoste_com	https://members-play.lacoste.com/
mew_xyz	https://mew.xyz/
mfisher_apollonas_com	https://mfisher-apollonas.com/
michel_belin_essentiel_jp	https://michel-belin-essentiel.jp/
migueltrias_com	https://migueltrias.com/
minitap_ai	https://minitap.ai/
mirror_planet_world	https://mirror-planet.world/
moonknight_tilda_ws	https://moonknight.tilda.ws/
morningstar_ventures	https://morningstar.ventures/
motion_zajno_com	https://motion.zajno.com/
mrpops_ua	https://mrpops.ua/
museos_arteyeducacion_org	https://museos.arteyeducacion.org/
mybird_com	https://mybird.com/
nemohamo_com	https://nemohamo.com/
nextjs_org	https://nextjs.org/
noordinaryaccessories_com	https://noordinaryaccessories.com/
nosajthing_com	https://nosajthing.com/
ocota_jp	https://ocota.jp/
openbook_im	https://openbook.im/
packaging_inclusion_com	https://packaging-inclusion.com/
pad_dotincorp_com	https://pad.dotincorp.com/
pandapiano_tilda_ws	https://pandapiano.tilda.ws/
pasticceriaverona_it	https://pasticceriaverona.it/
pebblelife_com	https://pebblelife.com/
penco_jp	https://penco.jp/
pepabo_com	https://pepabo.com/
podcast_humbleteam_com	https://podcast.humbleteam.com/
poprocket_com	https://poprocket.com/
popyours_jp	https://popyours.jp/
porta_nyc_com	https://porta-nyc.com/
privateart_collection_com	https://privateart-collection.com/
proof_io	https://proof.io/
propel_me	https://propel.me/
quon_design	https://quon.design/
recruit_blam_co_jp	https://recruit.blam.co.jp/
recruit_kakehashi_life	https://recruit.kakehashi.life/
reliable_co	https://reliable.co/
retn_net	https://retn.net/
robinpayot_com	https://robinpayot.com/
robonilla_com	https://robonilla.com/
roccobarbaro_com	https://roccobarbaro.com/
rocketslab_com	https://rocketslab.com/
rose_sangyo_com	https://rose-sangyo.com/
rubber_lab_com	https://rubber-lab.com/
rubenwyttenbach_ch	https://rubenwyttenbach.ch/
runway_com	https://runway.com/
ruska_com_br	https://ruska.com.br/
ryumeguri_com	https://ryumeguri.com/
saisai_inc_co_jp	https://saisai-inc.co.jp/
sansan_engineering_com	https://sansan-engineering.com/
santorini_miyakojima_com	https://santorini-miyakojima.com/
scheele_green_tilda_ws	https://scheele-green.tilda.ws/
schick_jp	https://schick.jp/
seacat_rossinavi_it	https://seacat.rossinavi.it/
sendai_parco_jp	https://sendai.parco.jp/
shogi100th_com	https://shogi100th.com/
shopmrbeast_com	https://shopmrbeast.com/
smith_krsk_tilda_ws	https://smith-krsk.tilda.ws/
solumina_co_jp	https://solumina.co.jp/
something_jp	https://something.jp/
sonyesportsproject_com	https://sonyesportsproject.com/
soratourism_com	https://soratourism.com/
soundwaves_world	https://soundwaves.world/
studio_fabric_tokyo_com	https://studio.fabric-tokyo.com/
studiobonded_com	https://studiobonded.com/
sui_io	https://sui.io/
sumitomoexpo_com	https://sumitomoexpo.com/
summer_afternoon_vlucendo_com	https://summer-afternoon.vlucendo.com/
sussextaps_com_au	https://sussextaps.com.au/
synthia_love	https://synthia.love/
te_mari_life	https://te-mari.life/
teaflow_webflow_io	https://teaflow.webflow.io/
telepathicinstruments_com	https://telepathicinstruments.com/
the_space_of_infinite_radiance_cledepeau_beaute_com	https://the-space-of-infinite-radiance.cledepeau-beaute.com/
thetechweek_com	https://thetechweek.com/
tokyochaiparty_com	https://tokyochaiparty.com/
touyoko_nakamegurokoukashita_jp	https://touyoko-nakamegurokoukashita.jp/
tsuzuku_tokyo	https://tsuzuku.tokyo/
tuvalu_jp	https://tuvalu.jp/
tzk_co_jp	https://tzk.co.jp/
uchu1prj_jp	https://uchu1prj.jp/
unfurproject_com	https://unfurproject.com/
unifi_baunfire_com	https://unifi.baunfire.com/
unifiersofjapan_framer_website	https://unifiersofjapan.framer.website/
units_gr	https://units.gr/
untruthsandconsequences_com	https://untruthsandconsequences.com/
uplinq_non_linear_studio	https://uplinq.non-linear.studio/
utrecht_jp	https://utrecht.jp/
v_vanguard_co_jp	https://v-vanguard.co.jp/
valentime_vercel_app	https://valentime.vercel.app/
vaonis_com	https://vaonis.com/
viita_watches_com	https://viita-watches.com/
violetoffice_com	https://violetoffice.com/
visionary_design_co_jp	https://visionary-design.co.jp/
volzhenka_com	https://volzhenka.com/
wagyu_gen_jp	https://wagyu-gen.jp/
wearezak_com	https://wearezak.com/
wellness_parco_jp	https://wellness.parco.jp/
widman_ski	https://widman.ski/
wonderwall_studio_pl	https://wonderwall-studio.pl/
www_3200kelvin_com	https://www.3200kelvin.com/
www_aalimentaria_com	https://www.aalimentaria.com/
www_aisin_com	https://www.aisin.com/
www_andreucci_fr	https://www.andreucci.fr/
www_aoyama_decarbo_com	https://www.aoyama-decarbo.com/
www_asoview_com	https://www.asoview.com/
www_casaramen_it	https://www.casaramen.it/
www_cenee_paris_com	https://www.cenee-paris.com/
www_chukoh_co_jp	https://www.chukoh.co.jp/
www_cmcc_vc	https://www.cmcc.vc/
www_coalhouse_co_uk	https://www.coalhouse.co.uk/
www_cobosrl_co	https://www.cobosrl.co/
www_d_1_jp	https://www.d-1.jp/
www_ddddb_online	https://www.ddddb.online/
www_draw_your_polo_lacoste_com	https://www.draw-your-polo.lacoste.com/
www_drinkcharlies_com	https://www.drinkcharlies.com/
www_drinknatz_com	https://www.drinknatz.com/
www_drinkzoi_co	https://www.drinkzoi.co/
www_driscolls_com_au	https://www.driscolls.com.au/
www_dsanddurga_com	https://www.dsanddurga.com/
www_dustmoto_com	https://www.dustmoto.com/
www_eatoffbeat_com	https://www.eatoffbeat.com/
www_educated_guess_com	https://www.educated--guess.com/
www_eliotbesson_com	https://www.eliotbesson.com/
www_espn_com	https://www.espn.com/
www_exemplaires2026_fr	https://www.exemplaires2026.fr/
www_fendi_com	https://www.fendi.com/
www_fgi_co_jp	https://www.fgi.co.jp/
www_findworkhappiness_com	https://www.findworkhappiness.com/
www_flshfrm_com	https://www.flshfrm.com/
www_folllit_com	https://www.folllit.com/
www_francobollimontilessini_com	https://www.francobollimontilessini.com/
www_fwh_co_jp	https://www.fwh.co.jp/
www_ginivini_com	https://www.ginivini.com/
www_goaro_com	https://www.goaro.com/
www_gokuraku_jigoku_beppu_com	https://www.gokuraku-jigoku-beppu.com/
www_gt_america_com	https://www.gt-america.com/
www_halmek_holdings_co_jp	https://www.halmek-holdings.co.jp/
www_henriheymans_com	https://www.henriheymans.com/
www_honest_p_com	https://www.honest-p.com/
www_houseofcorto_com	https://www.houseofcorto.com/
www_icam_inox_com	https://www.icam-inox.com/
www_igloo_inc	https://www.igloo.inc/
www_imperialebolgheri_com	https://www.imperialebolgheri.com/
www_jeanpaulgaultier_com	https://www.jeanpaulgaultier.com/
www_jeffreymartinmusic_com	https://www.jeffreymartinmusic.com/
www_jera_co_jp	https://www.jera.co.jp/
www_juice_agency	https://www.juice.agency/
www_kamaboko_com	https://www.kamaboko.com/
www_kepler_interactive_com	https://www.kepler-interactive.com/
www_kobe_collection_com	https://www.kobe-collection.com/
www_kubota_com	https://www.kubota.com/
www_kwe_saiyo_com	https://www.kwe-saiyo.com/
www_la_formosa_com	https://www.la-formosa.com/
www_lacrapulestudio_com	https://www.lacrapulestudio.com/
www_liaison_office_eng_osaka_u_ac_jp	https://www.liaison-office.eng.osaka-u.ac.jp/
www_lumine_ne_jp	https://www.lumine.ne.jp/
www_marikoohya_jp	https://www.marikoohya.jp/
www_meetings_fr	https://www.meetings.fr/
www_mersi_architecture_com	https://www.mersi-architecture.com/
www_metachors_com	https://www.metachors.com/
www_micro_so	https://www.micro.so/
www_montelupo_co	https://www.montelupo.co/
www_mutantstand_xyz	https://www.mutantstand.xyz/
www_nano_connect_com	https://www.nano-connect.com/
www_nationalgeographic_com	https://www.nationalgeographic.com/
www_neoculturalcouture_com	https://www.neoculturalcouture.com/
www_newtwen_com	https://www.newtwen.com/
www_nihonbashi_sakurafes_art	https://www.nihonbashi-sakurafes.art/
www_orb_space_com	https://www.orb-space.com/
www_oshanehoward_com	https://www.oshanehoward.com/
www_outstation_com_au	https://www.outstation.com.au/
www_pasoconongaku_club	https://www.pasoconongaku.club/
www_patrickbuhr_de	https://www.patrickbuhr.de/
www_peppasauce_love	https://www.peppasauce.love/
www_pola_co_jp	https://www.pola.co.jp/
www_rakudoan_jp	https://www.rakudoan.jp/
www_relivebycoco_com	https://www.relivebycoco.com/
www_renobeya_renove_realcube_com	https://www.renobeya.renove-realcube.com/
www_robuchon_jp	https://www.robuchon.jp/
www_rsztype_com	https://www.rsztype.com/
www_sigfoss_com	https://www.sigfoss.com/
www_sincrews_com	https://www.sincrews.com/
www_st_inc	https://www.st.inc/
www_stord_com	https://www.stord.com/
www_stripe_press	https://www.stripe.press/
www_suzuki_asahi_jp	https://www.suzuki-asahi.jp/
www_thecheckout_klarna_com	https://www.thecheckout.klarna.com/
www_theo_be	https://www.theo.be/
www_thequestofevolution_com	https://www.thequestofevolution.com/
www_therme_lab_uec_ac_jp	https://www.therme.lab.uec.ac.jp/
www_therocketpanda_com	https://www.therocketpanda.com/
www_tosen_es	https://www.tosen.es/
www_tus_ac_jp	https://www.tus.ac.jp/
www_ukiya_co_jp	https://www.ukiya.co.jp/
www_urban_research_co_jp	https://www.urban-research.co.jp/
www_valdoca_com	https://www.valdoca.com/
www_vana_com	https://www.vana.com/
www_veryrubycut_jp	https://www.veryrubycut.jp/
www_weglot_like_magic_com	https://www.weglot-like-magic.com/
www_yu_iwashita_jp	https://www.yu-iwashita.jp/
www_zzzn_jp	https://www.zzzn.jp/
yamabikosha_com	https://yamabikosha.com/
yoan_jp	https://yoan.jp/
yu_do_jp	https://yu-do.jp/
zesnullen_world	https://zesnullen.world/
2029mag_musabi_ac_jp	https://2029mag.musabi.ac.jp/
301_jp	https://301.jp/
4wide_jp	https://4wide.jp/
8books_jp	https://8books.jp/
abemamoru_shouten_com	https://abemamoru-shouten.com/
about_paypay_ne_jp	https://about.paypay.ne.jp/
ac_bu_info	https://ac-bu.info/
acesinc_co_jp	https://acesinc.co.jp/
aguije_jp	https://aguije.jp/
aichler_jp	https://aichler.jp/
amanojyaku_jp	https://amanojyaku.jp/
angelux_co_jp	https://angelux.co.jp/
anywhere_goodpatch_com	https://anywhere.goodpatch.com/
aoyama_rinnai_jp	https://aoyama.rinnai.jp/
arc_pds_com	https://arc-pds.com/
artscouncil_kanazawa_jp	https://artscouncil-kanazawa.jp/
asobisystem_com	https://asobisystem.com/
axxis_co_jp	https://axxis.co.jp/
baigie_me	https://baigie.me/
bnn_co_jp	https://bnn.co.jp/
brand_miyazaki_ss_co_jp	https://brand.miyazaki-ss.co.jp/
bros_japan_co_jp	https://bros-japan.co.jp/
brt_inc_jp	https://brt-inc.jp/
c_m_co_jp	https://c-m.co.jp/
c_morinosato_com	https://c-morinosato.com/
cacco_co_jp	https://cacco.co.jp/
career_datumstudio_jp	https://career.datumstudio.jp/
career_mitsui_com	https://career.mitsui.com/
cartaholdings_co_jp	https://cartaholdings.co.jp/
cellinteractive_jp	https://cellinteractive.jp/
chimjun_jp	https://chimjun.jp/
clend_jp	https://clend.jp/
comsun_space	https://comsun.space/
coralcap_co	https://coralcap.co/
corp_ezobolic_jp	https://corp.ezobolic.jp/
corp_infomart_co_jp	https://corp.infomart.co.jp/
corp_penmark_jp	https://corp.penmark.jp/
corp_shiseido_com	https://corp.shiseido.com/
corporate_demae_can_co_jp	https://corporate.demae-can.co.jp/
corporate_pokemon_co_jp	https://corporate.pokemon.co.jp/
cow_aka_jp	https://cow-aka.jp/
crisp_co_jp	https://crisp.co.jp/
crosset_onward_co_jp	https://crosset.onward.co.jp/
daieikomatsu_co_jp	https://daieikomatsu.co.jp/
daitai_ya_com	https://daitai-ya.com/
deltaclinic_jp	https://deltaclinic.jp/
demido_jp	https://demido.jp/
design_partnership_goodpatch_com	https://design-partnership.goodpatch.com/
design_toyota_finance_co_jp	https://design.toyota-finance.co.jp/
doctors_inc_jp	https://doctors-inc.jp/
droptokyo_com	https://droptokyo.com/
earcouture_jp	https://earcouture.jp/
earthboat_jp	https://earthboat.jp/
eat_play_sleep_org	https://eat-play-sleep.org/
ecdtokyo_jp	https://ecdtokyo.jp/
endangeredveggies_smm_co_jp	https://endangeredveggies.smm.co.jp/
enjintokyo_com	https://enjintokyo.com/
eterble_com	https://eterble.com/
fas_jp_com	https://fas-jp.com/
fdms_co_jp	https://fdms.co.jp/
fiolab_corp_jp	https://fiolab-corp.jp/
foru_co_jp	https://foru.co.jp/
fukuya_hd_co_jp	https://fukuya-hd.co.jp/
fundingwebsite2023_terra_drone_net	https://fundingwebsite2023.terra-drone.net/
gaban_h_spice_jp	https://gaban.h-spice.jp/
ghraicho_com	https://ghraicho.com/
go_gx_com	https://go-gx.com/
grinweb_jp	https://grinweb.jp/
growth_tokyo_jp	https://growth-tokyo.jp/
h_sunad_co_jp	https://h-sunad.co.jp/
ha_ru2017_co_jp	https://ha-ru2017.co.jp/
hair_ici_com	https://hair-ici.com/
hakonature_jp	https://hakonature.jp/
harti_tokyo	https://harti.tokyo/
hayakawa_lawoffice_com	https://hayakawa-lawoffice.com/
he_group_recruit_jp	https://he-group-recruit.jp/
hikarina_co_jp	https://hikarina.co.jp/
hirakata_elcl_jp	https://hirakata-elcl.jp/
holon_inc_jp	https://holon-inc.jp/
homunculus_jp	https://homunculus.jp/
housousha_co_jp	https://housousha.co.jp/
hta_program_jp	https://hta-program.jp/
ieshima_co_jp	https://ieshima.co.jp/
inadani_sees_jp	https://inadani-sees.jp/
inclusivecamp_com	https://inclusivecamp.com/
j_cat_co_jp	https://j-cat.co.jp/
jiraku_or_jp	https://jiraku.or.jp/
jox_jp_com	https://jox-jp.com/
jp_news_mercari_com	https://jp-news.mercari.com/
jy_contents_com	https://jy-contents.com/
khhk_info	https://khhk.info/
kingram_liquor_jp	https://kingram-liquor.jp/
kittoi_com	https://kittoi.com/
kooge_co	https://kooge.co/
koushou_inc_com	https://koushou-inc.com/
kuuma_sauna_com	https://kuuma-sauna.com/
kyu_core_com	https://kyu-core.com/
lanway_jp	https://lanway.jp/
largic_jp	https://largic.jp/
largo_studio	https://largo.studio/
life_design_okinawa	https://life-design.okinawa/
life_job_draft_jp	https://life.job-draft.jp/
linew_co_jp	https://linew.co.jp/
loveeez_com	https://loveeez.com/
loworks_co_jp	https://loworks.co.jp/
m_i_m_jp	https://m-i-m.jp/
m_kobe_c_ac_jp	https://m.kobe-c.ac.jp/
marginalman_net	https://marginalman.net/
matsushitafudousan_com	https://matsushitafudousan.com/
mcares_co_jp	https://mcares.co.jp/
meishoen_com	https://meishoen.com/
meln_design	https://meln.design/
meoto_jp	https://meoto.jp/
midori_so	https://midori.so/
mixandblend_jp	https://mixandblend.jp/
miyakawa_lab_com	https://miyakawa-lab.com/
monopo_co_jp	https://monopo.co.jp/
mori_record_jp	https://mori-record.jp/
naito_otsuka_com	https://naito-otsuka.com/
naneaahua_hair_com	https://naneaahua-hair.com/
navy_limited_com	https://navy-limited.com/
neie_jp	https://neie.jp/
nesting_me	https://nesting.me/
newseaminc_com	https://newseaminc.com/
next100_shijonawate_gakuen_ac_jp	https://next100.shijonawate-gakuen.ac.jp/
noizarchitects_com	https://noizarchitects.com/
nomadinc_jp	https://nomadinc.jp/
nougatshop_jp	https://nougatshop.jp/
nssg_jp	https://nssg.jp/
nuset_jp	https://nuset.jp/
ochill_jp	https://ochill.jp/
on_the_trip_com	https://on-the-trip.com/
osteria_ao_com	https://osteria-ao.com/
otoco_co_jp	https://otoco.co.jp/
otsuka_air_jp	https://otsuka-air.jp/
paquetmonte_suzu_pr_com	https://paquetmonte.suzu-pr.com/
paradox_series_com	https://paradox-series.com/
peaceput_com	https://peaceput.com/
phare_jp_com	https://phare-jp.com/
pikkasinternational_com	https://pikkasinternational.com/
playliving_izu_com	https://playliving-izu.com/
plus_d_co_jp	https://plus-d.co.jp/
popeyemagazine_jp	https://popeyemagazine.jp/
ppc_wonder_com	https://ppc-wonder.com/
primenumbers_co_jp	https://primenumbers.co.jp/
prty_jp	https://prty.jp/
r_equal_com	https://r-equal.com/
r_reha_jp	https://r-reha.jp/
ramenclub_jp	https://ramenclub.jp/
raywarp_com	https://raywarp.com/
rct_tobila_com	https://rct.tobila.com/
realation_jp	https://realation.jp/
recruit_nichinoken_kansai_jp	https://recruit-nichinoken-kansai.jp/
recruit_haruka_co_jp	https://recruit.haruka.co.jp/
recruit_kaonavi_jp	https://recruit.kaonavi.jp/
recruit_ohsho_co_jp	https://recruit.ohsho.co.jp/
recruit_valuence_inc	https://recruit.valuence.inc/
recruit_zoccon_me	https://recruit.zoccon.me/
redesign_boy_co_jp	https://redesign.boy.co.jp/
reel_re_co_jp	https://reel-re.co.jp/
relilla_com	https://relilla.com/
restaurant_nelu_osaka	https://restaurant.nelu.osaka/
roaster_co_jp	https://roaster.co.jp/
rx_pro_co_jp	https://rx-pro.co.jp/
saikazo_org	https://saikazo.org/
salonia_jp	https://salonia.jp/
samabake_asuka_com	https://samabake-asuka.com/
sauvenir_jp	https://sauvenir.jp/
school_kawa_sui_com	https://school.kawa-sui.com/
schule_linie_group_jp	https://schule.linie-group.jp/
sculpture_tamabi_ac_jp	https://sculpture.tamabi.ac.jp/
sdb_chuo_u_ac_jp	https://sdb.chuo-u.ac.jp/
seigaku_jp	https://seigaku.jp/
service_elephantstone_net	https://service.elephantstone.net/
service_sumu_hotel_com	https://service.sumu-hotel.com/
sevendex_com	https://sevendex.com/
shiftbrain_com	https://shiftbrain.com/
shinanotech_co_jp	https://shinanotech.co.jp/
shishi_w_com	https://shishi-w.com/
shutl_shochiku_co_jp	https://shutl.shochiku.co.jp/
signif_jp	https://signif.jp/
smile_days_jp	https://smile-days.jp/
smilebaton_co_jp	https://smilebaton.co.jp/
soratoumi_shop_com	https://soratoumi-shop.com/
sou_group_jp	https://sou-group.jp/
standby_inc_com	https://standby-inc.com/
stonemuseum_jp	https://stonemuseum.jp/
styleport_co_jp	https://styleport.co.jp/
subculture_makery_co_jp	https://subculture.makery.co.jp/
sundaymorning_f_com	https://sundaymorning-f.com/
swc_aiwakai_jp	https://swc-aiwakai.jp/
synflux_io	https://synflux.io/
syodorin_org	https://syodorin.org/
tacto_inc_com	https://tacto-inc.com/
talanton_jp	https://talanton.jp/
tech_garage_co_jp	https://tech.garage.co.jp/
tensui_or_jp	https://tensui.or.jp/
teraoka_hiroshima_co_jp	https://teraoka-hiroshima.co.jp/
the_one_co_jp	https://the-one.co.jp/
tokyo_voice_jp	https://tokyo-voice.jp/
tokyotechnology_jp	https://tokyotechnology.jp/
ttglobal_com	https://ttglobal.com/
uniam_jp	https://uniam.jp/
uomi_jp	https://uomi.jp/
ux_system_denso_info	https://ux.system.denso.info/
uzuz_college_jp	https://uzuz-college.jp/
uzuz_holdings_jp	https://uzuz-holdings.jp/
vectiv_goldwin_co_jp	https://vectiv.goldwin.co.jp/
vlag_yokohama	https://vlag.yokohama/
welgee_talents_jp	https://welgee-talents.jp/
willstyle_co_jp	https://willstyle.co.jp/
woodspirits_ethicalspirits_jp	https://woodspirits.ethicalspirits.jp/
words_inc_co_jp	https://words-inc.co.jp/
wosh_jp	https://wosh.jp/
woven_toyota	https://woven.toyota/
www_1002_co_jp	https://www.1002.co.jp/
www_2016arita_jp	https://www.2016arita.jp/
www_actus_interior_com	https://www.actus-interior.com/
www_adkco_jp	https://www.adkco.jp/
www_algo_artis_com	https://www.algo-artis.com/
www_amanation_official_com	https://www.amanation-official.com/
www_amita_oshiete_jp	https://www.amita-oshiete.jp/
www_anicecompany_co_jp	https://www.anicecompany.co.jp/
www_arflex_co_jp	https://www.arflex.co.jp/
www_atomis_co_jp	https://www.atomis.co.jp/
www_aza_co_jp	https://www.aza.co.jp/
www_azumagumi_co_jp	https://www.azumagumi.co.jp/
www_belmo_com	https://www.belmo.com/
www_bouhan_metro_tokyo_lg_jp	https://www.bouhan.metro.tokyo.lg.jp/
www_bun_kyoto_u_ac_jp	https://www.bun.kyoto-u.ac.jp/
www_cantina_zushi_com	https://www.cantina-zushi.com/
www_canvas_inc_co	https://www.canvas-inc.co/
www_cbc_med_kyoto_u_ac_jp	https://www.cbc.med.kyoto-u.ac.jp/
www_centrair_jp	https://www.centrair.jp/
www_chagocoro_jp	https://www.chagocoro.jp/
www_chocolate_inc_com	https://www.chocolate-inc.com/
www_cigr_co_jp	https://www.cigr.co.jp/
www_corehouse_jp	https://www.corehouse.jp/
www_correc_co_jp	https://www.correc.co.jp/
www_cyber_ai_productions_co_jp	https://www.cyber-ai-productions.co.jp/
www_danbrise_barber_com	https://www.danbrise-barber.com/
www_daytolife_co_jp	https://www.daytolife.co.jp/
www_decencia_co_jp	https://www.decencia.co.jp/
www_details_co_jp	https://www.details.co.jp/
www_dimensionfund_co_jp	https://www.dimensionfund.co.jp/
www_dokomi_de	https://www.dokomi.de/
www_dynatrek_co_jp	https://www.dynatrek.co.jp/
www_enkouji_jp	https://www.enkouji.jp/
www_fuji_koeki_co_jp	https://www.fuji-koeki.co.jp/
www_futabam_co_jp	https://www.futabam.co.jp/
www_ga_tech_co_jp	https://www.ga-tech.co.jp/
www_gotoju_co_jp	https://www.gotoju.co.jp/
www_gritbank_jp	https://www.gritbank.jp/
www_growin_jp	https://www.growin.jp/
www_hakujuji_g_co_jp	https://www.hakujuji-g.co.jp/
www_hanesbrandsinc_jp	https://www.hanesbrandsinc.jp/
www_hba_co_jp	https://www.hba.co.jp/
www_heralbony_jp	https://www.heralbony.jp/
www_herm_co_jp	https://www.herm.co.jp/
www_hitachi_co_jp	https://www.hitachi.co.jp/
www_hokkaido_ccbc_co_jp	https://www.hokkaido.ccbc.co.jp/
www_honda_jobs_com	https://www.honda-jobs.com/
www_honeycomb_labo_com	https://www.honeycomb-labo.com/
www_horiba_com	https://www.horiba.com/
www_hosa_nagoya	https://www.hosa.nagoya/
www_hot_factory_jp	https://www.hot-factory.jp/
www_humaneyes_co_jp	https://www.humaneyes.co.jp/
www_i_studio_co_jp	https://www.i-studio.co.jp/
www_iamas_ac_jp	https://www.iamas.ac.jp/
www_idd_tamabi_ac_jp	https://www.idd.tamabi.ac.jp/
www_ikedamohando_co_jp	https://www.ikedamohando.co.jp/
www_infobahn_co_jp	https://www.infobahn.co.jp/
www_infordio_co_jp	https://www.infordio.co.jp/
www_intloop_com	https://www.intloop.com/
www_jal_co_jp	https://www.jal.co.jp/
www_jiichiro_shop_com	https://www.jiichiro-shop.com/
www_jti_co_jp	https://www.jti.co.jp/
www_kaiyukan_com	https://www.kaiyukan.com/
www_kansai_u_ac_jp	https://www.kansai-u.ac.jp/
www_kinto_technologies_com	https://www.kinto-technologies.com/
www_kirameki_cc	https://www.kirameki.cc/
www_kkctl_co_jp	https://www.kkctl.co.jp/
www_kobedenshi_ac_jp	https://www.kobedenshi.ac.jp/
www_kurokawa_echoes_jp	https://www.kurokawa-echoes.jp/
www_kurokitec_com	https://www.kurokitec.com/
www_kuronekoyamato_co_jp	https://www.kuronekoyamato.co.jp/
www_kvcp_jp	https://www.kvcp.jp/
www_lacasa_co_jp	https://www.lacasa.co.jp/
www_las_recruit_jp	https://www.las-recruit.jp/
www_mampei_co_jp	https://www.mampei.co.jp/
www_matsuo_komuten_co_jp	https://www.matsuo-komuten.co.jp/
www_meisei_ac_jp	https://www.meisei.ac.jp/
www_misakigumi_com	https://www.misakigumi.com/
www_mito_ac_jp	https://www.mito.ac.jp/
www_mizuho_fg_co_jp	https://www.mizuho-fg.co.jp/
www_music_ac_jp	https://www.music.ac.jp/
www_mydream_co_jp	https://www.mydream.co.jp/
www_n_up_co_jp	https://www.n-up.co.jp/
www_nakamura_brace_co_jp	https://www.nakamura-brace.co.jp/
www_natoco_co_jp	https://www.natoco.co.jp/
www_nel_all_com	https://www.nel-all.com/
www_nelu_osaka	https://www.nelu.osaka/
www_neuron_tokyo_jp	https://www.neuron-tokyo.jp/
www_nexon_co_jp	https://www.nexon.co.jp/
www_nishikawa1566_com	https://www.nishikawa1566.com/
www_nissanmotor_jobs	https://www.nissanmotor.jobs/
www_nomura_re_co_jp	https://www.nomura-re.co.jp/
www_nomurakougei_co_jp	https://www.nomurakougei.co.jp/
www_nttdata_strategy_com	https://www.nttdata-strategy.com/
www_oceanplace_kobe_com	https://www.oceanplace-kobe.com/
www_ohtake_ac_jp	https://www.ohtake.ac.jp/
www_onionion_co_jp	https://www.onionion.co.jp/
www_orixbank_co_jp	https://www.orixbank.co.jp/
www_pacificleague_jp	https://www.pacificleague.jp/
www_pasconet_co_jp	https://www.pasconet.co.jp/
www_penguin_capital_co_jp	https://www.penguin-capital.co.jp/
www_pmo_web_com	https://www.pmo-web.com/
www_porters_jp	https://www.porters.jp/
www_positive_co_jp	https://www.positive.co.jp/
www_prime_x_co_jp	https://www.prime-x.co.jp/
www_proni_co_jp	https://www.proni.co.jp/
www_propertyagent_co_jp	https://www.propertyagent.co.jp/
www_recruit_torikizoku_co_jp	https://www.recruit.torikizoku.co.jp/
www_rinnai_dishwasher_weblimited_jp	https://www.rinnai-dishwasher-weblimited.jp/
www_ritsumei_ac_jp	https://www.ritsumei.ac.jp/
www_rohto_co_jp	https://www.rohto.co.jp/
www_rokkakukan_sakurado_com	https://www.rokkakukan-sakurado.com/
www_rondomark_jp	https://www.rondomark.jp/
www_saiseikai_gr_jp	https://www.saiseikai.gr.jp/
www_sanseitechnos_co_jp	https://www.sanseitechnos.co.jp/
www_sawai_co_jp	https://www.sawai.co.jp/
www_sgkz_or_jp	https://www.sgkz.or.jp/
www_shimz_co_jp	https://www.shimz.co.jp/
www_shindengen_co_jp	https://www.shindengen.co.jp/
www_shirahone_org	https://www.shirahone.org/
www_shiroito_co_jp	https://www.shiroito.co.jp/
www_shizuoka_ina_co_jp	https://www.shizuoka-ina.co.jp/
www_studiocbr_jp	https://www.studiocbr.jp/
www_sumitomoforestry_co_jp	https://www.sumitomoforestry.co.jp/
www_sunfluoro_co_jp	https://www.sunfluoro.co.jp/
www_takachu_co_jp	https://www.takachu.co.jp/
www_takedahp_or_jp	https://www.takedahp.or.jp/
www_toei_co_jp	https://www.toei.co.jp/
www_tokyu_land_co_jp	https://www.tokyu-land.co.jp/
www_tomore_jp	https://www.tomore.jp/
www_topcon_co_jp	https://www.topcon.co.jp/
www_toyota_battery_com	https://www.toyota-battery.com/
www_tsuklio_com	https://www.tsuklio.com/
www_un_t_com	https://www.un-t.com/
www_ut_ec_co_jp	https://www.ut-ec.co.jp/
www_uuum_co_jp	https://www.uuum.co.jp/
www_valuesccg_com	https://www.valuesccg.com/
www_venect_jp	https://www.venect.jp/
www_webstaff_jp	https://www.webstaff.jp/
www_welzo_co_jp	https://www.welzo.co.jp/
www_yachiyo_egg_com	https://www.yachiyo-egg.com/
www_yadohouse_jp	https://www.yadohouse.jp/
www_yamacs_co_jp	https://www.yamacs.co.jp/
www_yamatoen_or_jp	https://www.yamatoen.or.jp/
www_yasuda_re_co_jp	https://www.yasuda-re.co.jp/
www_yayoi_kk_co_jp	https://www.yayoi-kk.co.jp/
www_yhmf_jp	https://www.yhmf.jp/
www_yugeisha_com	https://www.yugeisha.com/
www_yukiyasu_co_jp	https://www.yukiyasu.co.jp/
www_yusinkai_or_jp	https://www.yusinkai.or.jp/
www_zizo_ne_jp	https://www.zizo.ne.jp/
x_z_jp	https://x-z.jp/
xico_co_jp	https://xico.co.jp/
yacs_recruit_jp	https://yacs-recruit.jp/
yama_beer_com	https://yama-beer.com/
yuppa_co_jp	https://yuppa.co.jp/
zero_fut_sakai_com	https://zero-fut-sakai.com/
zik_inc_co_jp	https://zik-inc.co.jp/
201d_jp	https://201d.jp/
agete_com	https://agete.com/
agriculture_kubota_co_jp	https://agriculture.kubota.co.jp/
andsaunafarm_com	https://andsaunafarm.com/
apollo_aa_jp	https://apollo-aa.jp/
aqm2_ai	https://aqm2.ai/
arrowsinc_com	https://arrowsinc.com/
bitstar_tokyo	https://bitstar.tokyo/
bnature_hawaii_com	https://bnature-hawaii.com/
bottlebrew_jp	https://bottlebrew.jp/
careers_supership_jp	https://careers.supership.jp/
china_circus_inc_com	https://china.circus-inc.com/
circus_inc_com	https://circus-inc.com/
clear_gel_jp	https://clear-gel.jp/
cyber_v_co_jp	https://cyber-v.co.jp/
designscramble_jp	https://designscramble.jp/
dream_lab_work	https://dream-lab.work/
e_office_inc	https://e-office.inc/
elevence_co_jp	https://elevence.co.jp/
elinjp_com	https://elinjp.com/
emirise_shop	https://emirise.shop/
endoftheworld_jp	https://endoftheworld.jp/
fujifilm_x_com	https://fujifilm-x.com/
geekpictures_co_jp	https://geekpictures.co.jp/
gentsuguya_jp	https://gentsuguya.jp/
ginnomori_info	https://ginnomori.info/
gngn_inc	https://gngn.inc/
guide_theo_blue	https://guide.theo.blue/
hairmake1_jp	https://hairmake1.jp/
hakko_anko_sand_com	https://hakko-anko-sand.com/
hdc_co_jp	https://hdc.co.jp/
hellotoday_jp	https://hellotoday.jp/
hubble_docs_com	https://hubble-docs.com/
humans_in_space_jaxa_jp	https://humans-in-space.jaxa.jp/
japapo_co_jp	https://japapo.co.jp/
jitto_jp	https://jitto.jp/
job_cinra_net	https://job.cinra.net/
jp_sunstar_com	https://jp.sunstar.com/
jphdgroup_recruit_jp	https://jphdgroup-recruit.jp/
jra_fun_jp	https://jra-fun.jp/
kamarqgroup_com	https://kamarqgroup.com/
kansou_co_jp	https://kansou.co.jp/
karimoku_cat_jp	https://karimoku-cat.jp/
ketakuma_com	https://ketakuma.com/
kuroad_com	https://kuroad.com/
loof_inn_com	https://loof-inn.com/
madoguchi_inc	https://madoguchi.inc/
maxilla_jp	https://maxilla.jp/
mikiyatakimoto_com	https://mikiyatakimoto.com/
mine_toyokeizai_net	https://mine.toyokeizai.net/
moln_com	https://moln.com/
moltsinc_co_jp	https://moltsinc.co.jp/
mu_inc_net	https://mu-inc.net/
n_oyanagi_com	https://n-oyanagi.com/
nenga_aisatsujo_jp	https://nenga.aisatsujo.jp/
nestle_jp	https://nestle.jp/
oh_openhouse_group_com	https://oh.openhouse-group.com/
oneby_onemedia_jp	https://oneby.onemedia.jp/
onemedia_jp	https://onemedia.jp/
oua_osaka_geidai_ac_jp	https://oua.osaka-geidai.ac.jp/
parco_jp	https://parco.jp/
pay_jp	https://pay.jp/
pnrm_co_jp	https://pnrm.co.jp/
poupelle_kids_jp	https://poupelle-kids.jp/
pro_care_shop	https://pro-care.shop/
re_class_s_jp	https://re-class-s.jp/
re_forus_jp	https://re-forus.jp/
recruit_leverages_jp	https://recruit.leverages.jp/
rerep_jp	https://rerep.jp/
revios_jp	https://revios.jp/
rutbryk_jp	https://rutbryk.jp/
seiwagakuen_ed_jp	https://seiwagakuen.ed.jp/
snows_winter_com	https://snows-winter.com/
sonicjam_studio	https://sonicjam.studio/
sp_universal_music_co_jp	https://sp.universal-music.co.jp/
spec_management_jp	https://spec-management.jp/
stonestyle_co_th	https://stonestyle.co.th/
suzaka_marugotomuseum_jp	https://suzaka-marugotomuseum.jp/
tadashiokochi_com	https://tadashiokochi.com/
tamawonder_tokyo	https://tamawonder.tokyo/
ten_tokyo_shoseki_co_jp	https://ten.tokyo-shoseki.co.jp/
tokyo_bunkitsu_jp	https://tokyo.bunkitsu.jp/
town_odakyu_chukai_com	https://town.odakyu-chukai.com/
toyota_jp	https://toyota.jp/
triumph_cpn_com	https://triumph-cpn.com/
tsugito_co_jp	https://tsugito.co.jp/
ueno_wonderer_jp	https://ueno-wonderer.jp/
unleashmag_com	https://unleashmag.com/
westa_co_jp	https://westa.co.jp/
whoseleather_com	https://whoseleather.com/
wowgow_co_jp	https://wowgow.co.jp/
www_adk_jp	https://www.adk.jp/
www_aircord_co_jp	https://www.aircord.co.jp/
www_aozorabank_co_jp	https://www.aozorabank.co.jp/
www_apiajapan_com	https://www.apiajapan.com/
www_arluis_com	https://www.arluis.com/
www_atamisekaie_jp	https://www.atamisekaie.jp/
www_biotop_jp	https://www.biotop.jp/
www_cinra_net	https://www.cinra.net/
www_dnp_co_jp	https://www.dnp.co.jp/
www_earth_jp	https://www.earth.jp/
www_fca_ac_jp	https://www.fca.ac.jp/
www_felissimo_job_com	https://www.felissimo-job.com/
www_freee_co_jp	https://www.freee.co.jp/
www_frontage_jp	https://www.frontage.jp/
www_fukagawa_seiji_co_jp	https://www.fukagawa-seiji.co.jp/
www_hamadasyuzou_co_jp	https://www.hamadasyuzou.co.jp/
www_honda_co_jp	https://www.honda.co.jp/
www_in_focus_co_jp	https://www.in-focus.co.jp/
www_itoen_co_jp	https://www.itoen.co.jp/
www_itoki_jp	https://www.itoki.jp/
www_jaiwate_or_jp	https://www.jaiwate.or.jp/
www_jillstuart_floranotisjillstuart_com	https://www.jillstuart-floranotisjillstuart.com/
www_jr_odekake_net	https://www.jr-odekake.net/
www_juliagel_com	https://www.juliagel.com/
www_kamome_d_jp	https://www.kamome-d.jp/
www_kieka_jp	https://www.kieka.jp/
www_kinoya_co_jp	https://www.kinoya.co.jp/
www_kintetsu_co_jp	https://www.kintetsu.co.jp/
www_kubota_co_jp	https://www.kubota.co.jp/
www_lespros_co_jp	https://www.lespros.co.jp/
www_liberty_japan_co_jp	https://www.liberty-japan.co.jp/
www_marugame_seimen_com	https://www.marugame-seimen.com/
www_marusanai_co_jp	https://www.marusanai.co.jp/
www_mcplas_co_jp	https://www.mcplas.co.jp/
www_mercedes_benz_jp	https://www.mercedes-benz.jp/
www_millor_jp	https://www.millor.jp/
www_mitsubishi_motors_co_jp	https://www.mitsubishi-motors.co.jp/
www_moreworks_jp	https://www.moreworks.jp/
www_nekobu_com	https://www.nekobu.com/
www_noritz_co_jp	https://www.noritz.co.jp/
www_ntt_east_co_jp	https://www.ntt-east.co.jp/
www_pasmo_co_jp	https://www.pasmo.co.jp/
www_pokkasapporo_fb_jp	https://www.pokkasapporo-fb.jp/
www_popupsociety_com	https://www.popupsociety.com/
www_recruit_jinji_jp	https://www.recruit-jinji.jp/
www_recruit_sansendo_co_jp	https://www.recruit.sansendo.co.jp/
www_resonac_com	https://www.resonac.com/
www_shachihata_co_jp	https://www.shachihata.co.jp/
www_sharkbaysalt_com	https://www.sharkbaysalt.com/
www_shinkawa_co_jp	https://www.shinkawa.co.jp/
www_sony_co_jp	https://www.sony.co.jp/
www_starflyer_jp	https://www.starflyer.jp/
www_stripe_intl_com	https://www.stripe-intl.com/
www_takashimaya_co_jp	https://www.takashimaya.co.jp/
www_tanaka_co_jp	https://www.tanaka.co.jp/
www_town_shimane_misato_lg_jp	https://www.town.shimane-misato.lg.jp/
www_turing_motors_com	https://www.turing-motors.com/
www_tv_asahi_co_jp	https://www.tv-asahi.co.jp/
www_ubsc_co_jp	https://www.ubsc.co.jp/
www_utena_co_jp	https://www.utena.co.jp/
www_vext_co_jp	https://www.vext.co.jp/
www_welleg_co_jp	https://www.welleg.co.jp/
www_yrglm_co_jp	https://www.yrglm.co.jp/
x_garden_co_jp	https://x-garden.co.jp/
y_n10_com	https://y-n10.com/
100tokyo_jp	https://100tokyo.jp/
12_office_com	https://12-office.com/
16animal_com	https://16animal.com/
18trip_jp	https://18trip.jp/
1planet_co_jp	https://1planet.co.jp/
1to2_jp	https://1to2.jp/
2016_naoyoshioka_com	https://2016.naoyoshioka.com/
2023_kouba_fes_jp	https://2023.kouba-fes.jp/
3bl_jp	https://3bl.jp/
43degrees_jp	https://43degrees.jp/
50th_runners_co_jp	https://50th.runners.co.jp/
6mi_dental_com	https://6mi-dental.com/
7_kou_jp	https://7-kou.jp/
add_colors_jp	https://add-colors.jp/
aerospacebiz_jaxa_jp	https://aerospacebiz.jaxa.jp/
aichitriennale_jp	https://aichitriennale.jp/
aimoriyama_com	https://aimoriyama.com/
aircord_co_jp	https://aircord.co.jp/
aiyu_hasami_com	https://aiyu-hasami.com/
ajflat_co_jp	https://ajflat.co.jp/
akiya_city_kyoto_lg_jp	https://akiya.city.kyoto.lg.jp/
album_tukurou_com	https://album-tukurou.com/
alceo_simplex_inc	https://alceo.simplex.inc/
alche_studio	https://alche.studio/
aletheia_neo_clinic_com	https://aletheia-neo-clinic.com/
allhero_co_jp	https://allhero.co.jp/
allterrain_descente_com	https://allterrain.descente.com/
alltstudio_jp	https://alltstudio.jp/
alphadrive_co_jp	https://alphadrive.co.jp/
amagasakiboxing_com	https://amagasakiboxing.com/
amano_clinic_jp	https://amano-clinic.jp/
ambientweaving2_lab_zozo_jp	https://ambientweaving2.lab.zozo.jp/
aminomason_jp	https://aminomason.jp/
amuca_world	https://amuca.world/
andpost_jp	https://andpost.jp/
anjalirokko_jp	https://anjalirokko.jp/
ao_beauty_labo_com	https://ao-beauty-labo.com/
aoba_kaikei_net	https://aoba-kaikei.net/
aoki_jimusho_net	https://aoki-jimusho.net/
arent_co_jp	https://arent.co.jp/
artio_co_jp	https://artio.co.jp/
artsquiggle_com	https://artsquiggle.com/
asagiri_kashiho_jp	https://asagiri-kashiho.jp/
asobot_co_jp	https://asobot.co.jp/
asukafuneralsupply_co_jp	https://asukafuneralsupply.co.jp/
atago_kdg_com	https://atago-kdg.com/
atarimae_kanko_com	https://atarimae-kanko.com/
atelierasahi_com	https://atelierasahi.com/
avex_jp	https://avex.jp/
awajishima_eito_com	https://awajishima-eito.com/
ayda_jp	https://ayda.jp/
az_strawberry_com	https://az-strawberry.com/
b_engineer_co_jp	https://b-engineer.co.jp/
backpackersjapan_co_jp	https://backpackersjapan.co.jp/
baigetsudo_com	https://baigetsudo.com/
banna_jp	https://banna.jp/
banta_cafe_com	https://banta-cafe.com/
bar_flex_com	https://bar-flex.com/
baycrews_jp	https://baycrews.jp/
beatus_co_jp	https://beatus.co.jp/
benza_jp	https://benza.jp/
berg_onishi_co_jp	https://berg-onishi.co.jp/
biennale_tuad_ac_jp	https://biennale.tuad.ac.jp/
bijoupiko_co_jp	https://bijoupiko.co.jp/
bioene_tokyo	https://bioene.tokyo/
bird_and_insect_com	https://bird-and-insect.com/
bitbeans_com	https://bitbeans.com/
boku_to_watashi_and_com	https://boku-to-watashi-and.com/
bonu_bonu_com	https://bonu-bonu.com/
boo_ster_co_jp	https://boo-ster.co.jp/
booboobkt_com	https://booboobkt.com/
bottleworks_jp	https://bottleworks.jp/
branche_chocolat_jp	https://branche-chocolat.jp/
brand_myocqua_com	https://brand.myocqua.com/
brand_studysapuri_jp	https://brand.studysapuri.jp/
breakingstreet_kose_co_jp	https://breakingstreet.kose.co.jp/
bungumaru_com	https://bungumaru.com/
ca_base_next_cyberagent_co_jp	https://ca-base-next.cyberagent.co.jp/
cafe_steen_com	https://cafe-steen.com/
campinc_tokyo	https://campinc.tokyo/
carborocco_com	https://carborocco.com/
caredesigncenter_com	https://caredesigncenter.com/
career_ark_co_jp	https://career-ark.co.jp/
careerpod_jp	https://careerpod.jp/
careers_ffis_fujifilm_com	https://careers-ffis.fujifilm.com/
careers_amt_law_com	https://careers.amt-law.com/
careers_monoxer_com	https://careers.monoxer.com/
carekura_com	https://carekura.com/
ccolors_jp	https://ccolors.jp/
cgworld_jp	https://cgworld.jp/
chevroncoffee_jp	https://chevroncoffee.jp/
chillysourcetokyo_com	https://chillysourcetokyo.com/
ci_funtech_inc	https://ci.funtech.inc/
cipicipi_jp	https://cipicipi.jp/
circu_co_jp	https://circu.co.jp/
classmethod_jp	https://classmethod.jp/
cloud_dental_clinic_com	https://cloud-dental-clinic.com/
clutch_store_com	https://clutch-store.com/
co_coco_jp	https://co-coco.jp/
cocolo_gift_jp	https://cocolo-gift.jp/
college8_jp	https://college8.jp/
comic_smiles55_jp	https://comic.smiles55.jp/
community_kitchen_jp	https://community-kitchen.jp/
coprec_co_jp	https://coprec.co.jp/
corekara_co_jp	https://corekara.co.jp/
corp_akatsuki_sc_com	https://corp.akatsuki-sc.com/
corp_crisp_co_jp	https://corp.crisp.co.jp/
corp_fundinno_com	https://corp.fundinno.com/
corp_smaregi_jp	https://corp.smaregi.jp/
corp_telecy_tv	https://corp.telecy.tv/
corp_warc_jp	https://corp.warc.jp/
cosok_co_jp	https://cosok.co.jp/
cozywave_co_jp	https://cozywave.co.jp/
craftcorp_jp	https://craftcorp.jp/
createe_inc_com	https://createe-inc.com/
creative_theport_jp	https://creative.theport.jp/
crezit_holdings_com	https://crezit-holdings.com/
crossproducers_com	https://crossproducers.com/
cyberagent_adagency_com	https://cyberagent-adagency.com/
d4c_creative_com	https://d4c-creative.com/
daigakumegane_com	https://daigakumegane.com/
daikanyamaseikaten_com	https://daikanyamaseikaten.com/
daimatsu_cc	https://daimatsu.cc/
daiwakasei_net	https://daiwakasei.net/
decarbook_jp	https://decarbook.jp/
delaunay_jp	https://delaunay.jp/
delight_hd_co_jp	https://delight-hd.co.jp/
dena_ai	https://dena.ai/
dena_com	https://dena.com/
dept_tus_ac_jp	https://dept.tus.ac.jp/
designing_jp	https://designing.jp/
diffar_jp	https://diffar.jp/
dilly_dally_jp	https://dilly-dally.jp/
discoveryhi_c_com	https://discoveryhi-c.com/
dodasports_doda_jp	https://dodasports.doda.jp/
doisena_jp	https://doisena.jp/
doodlemama_jp	https://doodlemama.jp/
dotby_jp	https://dotby.jp/
dpstudio_jp	https://dpstudio.jp/
drtraining_jp	https://drtraining.jp/
each_tokyo_co_jp	https://each-tokyo.co.jp/
eco_pork_com	https://eco-pork.com/
ecrit_jp	https://ecrit.jp/
eigamura_com	https://eigamura.com/
eightbit_co_jp	https://eightbit.co.jp/
eightthethalasso_homme_jp	https://eightthethalasso-homme.jp/
eikous_jp	https://eikous.jp/
emarf_co	https://emarf.co/
emberz_jp	https://emberz.jp/
emuni_co_jp	https://emuni.co.jp/
enfant_media	https://enfant.media/
enishe_net	https://enishe.net/
enomoto_pharmacy_com	https://enomoto-pharmacy.com/
eveunblue_jp	https://eveunblue.jp/
f_bc_jp	https://f-bc.jp/
facts_city_fukuoka_lg_jp	https://facts.city.fukuoka.lg.jp/
fanfare_kk_com	https://fanfare-kk.com/
feature_ro_clinic_com	https://feature.ro-clinic.com/
fennel_esports_com	https://fennel-esports.com/
fil_toyama_com	https://fil-toyama.com/
fillinglife_co	https://fillinglife.co/
fimmigrm_com	https://fimmigrm.com/
fin_d_life	https://fin-d.life/
firstvillage_co_jp	https://firstvillage.co.jp/
fit_song_jp	https://fit-song.jp/
fjpcomm_framer_website	https://fjpcomm.framer.website/
flyingcat_jp	https://flyingcat.jp/
fontworks_co_jp	https://fontworks.co.jp/
fs_store_jp	https://fs-store.jp/
fugetsuro_co_jp	https://fugetsuro.co.jp/
fuji_gateway_com	https://fuji-gateway.com/
fuji_gen_jp	https://fuji-gen.jp/
fujioka_dental_jp	https://fujioka-dental.jp/
fukanuma_uminohiroba_jp	https://fukanuma-uminohiroba.jp/
fukuoka_islandcity_days_jp	https://fukuoka-islandcity-days.jp/
fullscale_jp	https://fullscale.jp/
funds_i_jp	https://funds-i.jp/
fuyuasobi_ropepicnic_com	https://fuyuasobi.ropepicnic.com/
fuyuugai_com	https://fuyuugai.com/
gacha_lab_tech	https://gacha-lab.tech/
gardenplace_jp	https://gardenplace.jp/
gatari_co_jp	https://gatari.co.jp/
geki_inc_com	https://geki-inc.com/
ginco_io	https://ginco.io/
ginger_inc_jp	https://ginger-inc.jp/
girl_houyhnhnm_jp	https://girl.houyhnhnm.jp/
global_toyota	https://global.toyota/
gokagn_com	https://gokagn.com/
gooooodnews_com	https://gooooodnews.com/
gorilla_clinic	https://gorilla.clinic/
gosaiji_kenshin_com	https://gosaiji-kenshin.com/
grayscale_studio_jp	https://grayscale-studio.jp/
ground_line_me	https://ground.line.me/
groxi_jp	https://groxi.jp/
gundam_official_com	https://gundam-official.com/
guntu_jp	https://guntu.jp/
gyu_bee_com	https://gyu-bee.com/
h_u_g_co_jp	https://h-u-g.co.jp/
haajapan_com	https://haajapan.com/
habaken_com	https://habaken.com/
hacobu_jp	https://hacobu.jp/
hadanature_rmc_jp	https://hadanature-rmc.jp/
hapticdesign_org	https://hapticdesign.org/
haraguchi_jibika_com	https://haraguchi-jibika.com/
harmonies_kumon_ne_jp	https://harmonies.kumon.ne.jp/
haru_ni_net	https://haru-ni.net/
hashi_co_jp	https://hashi.co.jp/
hellolife_jp	https://hellolife.jp/
helte_jp	https://helte.jp/
hemmi_ge_com	https://hemmi-ge.com/
hibiya_central_market_jp	https://hibiya-central-market.jp/
higashikawa_perican_com	https://higashikawa-perican.com/
hikky_co_jp	https://hikky.co.jp/
himeji_pudding_com	https://himeji-pudding.com/
hinata_dental_net	https://hinata-dental.net/
hince_jp	https://hince.jp/
hishiiwa_com	https://hishiiwa.com/
hito_onomichi_jp	https://hito-onomichi.jp/
hitomonokurashi_com	https://hitomonokurashi.com/
hitoyoshikuma_workcation_com	https://hitoyoshikuma-workcation.com/
hoegaarden_jp	https://hoegaarden.jp/
hokkaidotogo_com	https://hokkaidotogo.com/
holoshirts_com	https://holoshirts.com/
honke_owariya_co_jp	https://honke-owariya.co.jp/
hoshinoya_com	https://hoshinoya.com/
hotoride_com	https://hotoride.com/
hugmug_jp	https://hugmug.jp/
hunter_recruit_jp	https://hunter-recruit.jp/
hy_stars_jp	https://hy-stars.jp/
i_couleur_co_jp	https://i-couleur.co.jp/
i_taxoffice_jp	https://i-taxoffice.jp/
i_tie_s_com	https://i-tie-s.com/
idea888_co_jp	https://idea888.co.jp/
identity_city	https://identity.city/
idstr_jp	https://idstr.jp/
info_cookpad_com	https://info.cookpad.com/
inouehifuka_com	https://inouehifuka.com/
inuneko_seikatsu_co_jp	https://inuneko-seikatsu.co.jp/
invisible_choices_audio	https://invisible-choices.audio/
iroha_gifu_net	https://iroha-gifu.net/
isaka_co_jp	https://isaka.co.jp/
ishinomaki_farm_com	https://ishinomaki-farm.com/
ito_eggfarm_com	https://ito-eggfarm.com/
itoq_co_jp	https://itoq.co.jp/
iwai_omotesando_lp_story_crazy_co_jp	https://iwai-omotesando-lp-story.crazy.co.jp/
iyokilab_k_u_tokyo_ac_jp	https://iyokilab.k.u-tokyo.ac.jp/
izana_ezo_jp	https://izana-ezo.jp/
izanami_official_com	https://izanami-official.com/
izawasyouten_jp	https://izawasyouten.jp/
jalcard_jal_co_jp	https://jalcard.jal.co.jp/
jibun_pharmacy_com	https://jibun-pharmacy.com/
jillion_co_jp	https://jillion.co.jp/
jobs_freee_co_jp	https://jobs.freee.co.jp/
jofuku_jp	https://jofuku.jp/
journey_the_panese_jp	https://journey.the-panese.jp/
jp_corp_sansan_com	https://jp.corp-sansan.com/
jp_magnolia_white_com	https://jp.magnolia-white.com/
jp_merpay_com	https://jp.merpay.com/
jsh_kyoto_su_ac_jp	https://jsh.kyoto-su.ac.jp/
juhmokusha_jp	https://juhmokusha.jp/
jump_ncar_artmuseums_go_jp	https://jump-ncar.artmuseums.go.jp/
junhashimoto_jp	https://junhashimoto.jp/
junkan_jp	https://junkan.jp/
kabajirushi_honpo_jp	https://kabajirushi-honpo.jp/
kaf_kamitsubaki_jp	https://kaf.kamitsubaki.jp/
kaho_enterprise_co_jp	https://kaho-enterprise.co.jp/
kaigan_studio_com	https://kaigan-studio.com/
kaiseihp_jp	https://kaiseihp.jp/
kaitaksha_com	https://kaitaksha.com/
kaketsugi_jp	https://kaketsugi.jp/
kakumagumi_com	https://kakumagumi.com/
kamino_mf_com	https://kamino-mf.com/
kamiukena_home_com	https://kamiukena-home.com/
kanazawa_c_co_jp	https://kanazawa-c.co.jp/
kango_medi_care_co_jp	https://kango.medi-care.co.jp/
kariomons_com	https://kariomons.com/
karte_io	https://karte.io/
kashiwanoha_innovation_jp	https://kashiwanoha-innovation.jp/
kazukinoda_com	https://kazukinoda.com/
kazuyosejima_movie_com	https://kazuyosejima-movie.com/
kei_inc_jp	https://kei-inc.jp/
ki_do_ri_jp	https://ki-do-ri.jp/
ki_e_to_jp	https://ki-e-to.jp/
kiiro_d_com	https://kiiro-d.com/
kimiko_design_studio_site	https://kimiko-design.studio.site/
kimuraryokka_com	https://kimuraryokka.com/
kinarito_net	https://kinarito.net/
kinoiglu_com	https://kinoiglu.com/
kinoya_co_jp	https://kinoya.co.jp/
kinswith_vet_com	https://kinswith-vet.com/
kirigumi_co_jp	https://kirigumi.co.jp/
kitamaki_com	https://kitamaki.com/
kitano_hunter_co_jp	https://kitano-hunter.co.jp/
kitanohashi_com	https://kitanohashi.com/
kk_hiro_com	https://kk-hiro.com/
knot_to_knot_co_jp	https://knot-to-knot.co.jp/
knot_voice_jp	https://knot-voice.jp/
ko_minkan_jp	https://ko-minkan.jp/
kobechoco_jp	https://kobechoco.jp/
kodaiyaki_nauman_com	https://kodaiyaki-nauman.com/
kodomari_fuji_jp	https://kodomari-fuji.jp/
koishikawaxross_jp	https://koishikawaxross.jp/
kojimachi_photo_jp	https://kojimachi-photo.jp/
kokuuexplorers_com	https://kokuuexplorers.com/
konel_jp	https://konel.jp/
kosugiyu_tonari_com	https://kosugiyu-tonari.com/
koude_musabi_ac_jp	https://koude.musabi.ac.jp/
koyama_houmu_com	https://koyama-houmu.com/
kurume_ac_jp	https://kurume.ac.jp/
kwangaku_kaikan1999_jp	https://kwangaku-kaikan1999.jp/
kyoto_iju_com	https://kyoto-iju.com/
kyoudougakusya_org	https://kyoudougakusya.org/
kyougakuji_kids_com	https://kyougakuji-kids.com/
kyuigi_ac_jp	https://kyuigi.ac.jp/
l_mg_jp	https://l-mg.jp/
lab_reneuto_com	https://lab.reneuto.com/
lanch_jp	https://lanch.jp/
landix_jp	https://landix.jp/
leapy_jp	https://leapy.jp/
lee_hpplus_jp	https://lee.hpplus.jp/
lemon_tart_co_jp	https://lemon-tart.co.jp/
lens_llc_co_jp	https://lens-llc.co.jp/
lens_park_com	https://lens-park.com/
letstalkgender_jp	https://letstalkgender.jp/
liberate_group_com	https://liberate-group.com/
lifecatalog_cowcamo_jp	https://lifecatalog.cowcamo.jp/
lifejam_co_jp	https://lifejam.co.jp/
lifense_jp	https://lifense.jp/
liginc_co_jp	https://liginc.co.jp/
liqlog_com	https://liqlog.com/
litalico_co_jp	https://litalico.co.jp/
loftwork_com	https://loftwork.com/
loogg_jp	https://loogg.jp/
lp_sa_nu_com	https://lp.sa-nu.com/
lp_wbsj_org	https://lp.wbsj.org/
lululun_com	https://lululun.com/
lumiarch_ntt_east_co_jp	https://lumiarch.ntt-east.co.jp/
lumine_recruit_jp	https://lumine-recruit.jp/
luup_sc	https://luup.sc/
m_o_v_jp	https://m-o-v.jp/
madamefigaro_jp	https://madamefigaro.jp/
mado_cinra_net	https://mado.cinra.net/
magasinn_xyz	https://magasinn.xyz/
making_tartaruga_co_jp	https://making.tartaruga.co.jp/
makuhari_care_com	https://makuhari-care.com/
manchinken_com	https://manchinken.com/
maplepizza_jp	https://maplepizza.jp/
maquillage_shiseido_co_jp	https://maquillage.shiseido.co.jp/
marimo_dental_com	https://marimo-dental.com/
maruoka_castle_jp	https://maruoka-castle.jp/
maruyama_urban_co_jp	https://maruyama-urban.co.jp/
maruyoshi_car_com	https://maruyoshi-car.com/
mastervisions_co_jp	https://mastervisions.co.jp/
material_lib_com	https://material-lib.com/
matoka_jp	https://matoka.jp/
matsushitagumi_com	https://matsushitagumi.com/
mauddesign_tokyo	https://mauddesign.tokyo/
mawal_jp	https://mawal.jp/
mech_w3_kanazawa_u_ac_jp	https://mech.w3.kanazawa-u.ac.jp/
medulla_co_jp	https://medulla.co.jp/
mefilas_com	https://mefilas.com/
megrassgarden_n_com	https://megrassgarden-n.com/
menya_bibiri_net	https://menya-bibiri.net/
meta_bath_museumcollection_tokyo	https://meta-bath.museumcollection.tokyo/
meumu_jp	https://meumu.jp/
mgl_quest	https://mgl.quest/
michi_kusa_co_jp	https://michi-kusa.co.jp/
midrain_jp	https://midrain.jp/
mimeyoi_co	https://mimeyoi.co/
mimicrydesign_co_jp	https://mimicrydesign.co.jp/
minico_handmade_jp	https://minico.handmade.jp/
minnamigo_com	https://minnamigo.com/
mint_vc_com	https://mint-vc.com/
miraken_lamm_tokyo	https://miraken.lamm.tokyo/
mm_hair_net	https://mm-hair.net/
mmslaw_jp	https://mmslaw.jp/
mobirise_jp	https://mobirise.jp/
mochpit_com	https://mochpit.com/
moheim_com	https://moheim.com/
mominoki_g_com	https://mominoki-g.com/
mon_kyoto	https://mon.kyoto/
monarchitects_jp	https://monarchitects.jp/
mori_no_oto_com	https://mori-no-oto.com/
mori_reform_jp	https://mori-reform.jp/
morikawa_kobe_co_jp	https://morikawa-kobe.co.jp/
morinagakodomo_com	https://morinagakodomo.com/
morioka_ganka_com	https://morioka-ganka.com/
moroccanbeauty_jp	https://moroccanbeauty.jp/
morohoshi_site	https://morohoshi.site/
moshiyado_com	https://moshiyado.com/
mosio_co_jp	https://mosio.co.jp/
motomachi_dc_jp	https://motomachi-dc.jp/
motosue_co_jp	https://motosue.co.jp/
mtg_softbankrobotics_com	https://mtg.softbankrobotics.com/
mud_co_jp	https://mud.co.jp/
mujuu_jp	https://mujuu.jp/
muracodesigns_com	https://muracodesigns.com/
mushilabo_jp	https://mushilabo.jp/
mwcc_jp	https://mwcc.jp/
mycampus_jue_ac_jp	https://mycampus.jue.ac.jp/
myfootballkit_jp	https://myfootballkit.jp/
mymethod_style	https://mymethod.style/
myocqua_com	https://myocqua.com/
mypearls_mikimoto_com	https://mypearls.mikimoto.com/
mystage_fstage_co_jp	https://mystage.fstage.co.jp/
nakahora_bokujou_jp	https://nakahora-bokujou.jp/
nakamura_inc_jp	https://nakamura-inc.jp/
nakatani_tac_jp	https://nakatani-tac.jp/
nana_eyelash_com	https://nana-eyelash.com/
nanatsuya_stay_com	https://nanatsuya-stay.com/
nanoclo_system_co_jp	https://nanoclo-system.co.jp/
nara_iff_jp	https://nara-iff.jp/
nauts_co_jp	https://nauts.co.jp/
nemuli_co_jp	https://nemuli.co.jp/
new_humanities_kyoto_seika_ac_jp	https://new-humanities.kyoto-seika.ac.jp/
newtike_ougon_jp	https://newtike.ougon.jp/
ngroup_official_com	https://ngroup-official.com/
nicottolabo_info	https://nicottolabo.info/
nihombashi_tokyo_com	https://nihombashi-tokyo.com/
nishinokensetsukogyo_co_jp	https://nishinokensetsukogyo.co.jp/
nitowa_jp	https://nitowa.jp/
noboseru_yujuku_com	https://noboseru-yujuku.com/
nomca_jp	https://nomca.jp/
northobject_com	https://northobject.com/
np_kakebarai_com	https://np-kakebarai.com/
nspc_co_jp	https://nspc.co.jp/
nudo_jp	https://nudo.jp/
obama_kodomoen_jp	https://obama-kodomoen.jp/
office_hayashike_iwamiginzan_jp	https://office-hayashike.iwamiginzan.jp/
ogiya_wedding_jp	https://ogiya-wedding.jp/
oguraya_misumi_com	https://oguraya-misumi.com/
oita_essentials_com	https://oita-essentials.com/
okagesamade_hinokage_jp	https://okagesamade-hinokage.jp/
okamoto_dental_clinic	https://okamoto-dental.clinic/
okanechips_mei_kyu_com	https://okanechips.mei-kyu.com/
okanoyasaketen_com	https://okanoyasaketen.com/
okitegami_morisawafonts_com	https://okitegami.morisawafonts.com/
okuyorovillage_com	https://okuyorovillage.com/
omori_sakura_iwamiginzan_jp	https://omori-sakura.iwamiginzan.jp/
onecareer_co_jp	https://onecareer.co.jp/
onomichi_u2_com	https://onomichi-u2.com/
onsenshi_com	https://onsenshi.com/
otani_or_jp	https://otani.or.jp/
otonamuse_jp	https://otonamuse.jp/
otsuka_eyeclinic_jp	https://otsuka-eyeclinic.jp/
ouwn_jp	https://ouwn.jp/
owners_sa_nu_com	https://owners.sa-nu.com/
p_sophia_co_jp	https://p-sophia.co.jp/
park_itc_u_tokyo_ac_jp	https://park.itc.u-tokyo.ac.jp/
parks_tokyo_com	https://parks-tokyo.com/
patisserie_emera_jp	https://patisserie-emera.jp/
pearlygates_net	https://pearlygates.net/
pegasus_clinic_com	https://pegasus-clinic.com/
people_trip_guide_shibuya_jp	https://people-trip-guide-shibuya.jp/
perseofficial_jp	https://perseofficial.jp/
pf_quant_page	https://pf.quant.page/
photostudioamoretto_com	https://photostudioamoretto.com/
pillow_jp	https://pillow.jp/
plus_c_chuo_u_ac_jp	https://plus-c.chuo-u.ac.jp/
plusbon_co_jp	https://plusbon.co.jp/
pntwhere_com	https://pntwhere.com/
polaris_game	https://polaris.game/
popisyousakae_com	https://popisyousakae.com/
power_x_jp	https://power-x.jp/
pro_pickyou_jp	https://pro.pickyou.jp/
products_store_jp	https://products-store.jp/
propellertokyo_jp	https://propellertokyo.jp/
qrmauder_com	https://qrmauder.com/
quon_mktg_co_jp	https://quon-mktg.co.jp/
rakuwa_otowa_jp	https://rakuwa-otowa.jp/
rakuyusanso_com	https://rakuyusanso.com/
randysdonuts_jp	https://randysdonuts.jp/
readycrew_jp	https://readycrew.jp/
recruit_goodluck_corp_com	https://recruit-goodluck-corp.com/
recruit_yamaguchi_kogyo_jp	https://recruit-yamaguchi-kogyo.jp/
recruit_afuri_com	https://recruit.afuri.com/
recruit_asuzacgroup_jp	https://recruit.asuzacgroup.jp/
recruit_d_pops_co_jp	https://recruit.d-pops.co.jp/
recruit_dac_co_jp	https://recruit.dac.co.jp/
recruit_datumstudio_jp	https://recruit.datumstudio.jp/
recruit_garage_co_jp	https://recruit.garage.co.jp/
recruit_groxi_jp	https://recruit.groxi.jp/
recruit_haradacorp_co_jp	https://recruit.haradacorp.co.jp/
recruit_ito_noen_co_jp	https://recruit.ito-noen.co.jp/
recruit_kokuyo_com	https://recruit.kokuyo.com/
recruit_licenseacademy_jp	https://recruit.licenseacademy.jp/
recruit_livesense_co_jp	https://recruit.livesense.co.jp/
recruit_moneyforward_com	https://recruit.moneyforward.com/
recruit_towa_house_com	https://recruit.towa-house.com/
recruit_tsuruta_electric_co_jp	https://recruit.tsuruta-electric.co.jp/
recruit_tver_co_jp	https://recruit.tver.co.jp/
recruit_uuum_co_jp	https://recruit.uuum.co.jp/
recruit_yoshinoya_com	https://recruit.yoshinoya.com/
reed_life_com	https://reed-life.com/
reissuerecords_net	https://reissuerecords.net/
reizeike_jp	https://reizeike.jp/
renew_sendai_jp	https://renew-sendai.jp/
renewal_ccbt_rekibun_or_jp	https://renewal.ccbt.rekibun.or.jp/
rentaro_kyoto_com	https://rentaro-kyoto.com/
rerise_co	https://rerise.co/
rescalar_co_jp	https://rescalar.co.jp/
rethink_noritakatatehana_com	https://rethink.noritakatatehana.com/
retrieva_jp	https://retrieva.jp/
retroinsatsu_com	https://retroinsatsu.com/
revenge_pop_mikapikazo_info	https://revenge-pop.mikapikazo.info/
ricafrosh_com	https://ricafrosh.com/
ringer_tokyo	https://ringer.tokyo/
ripace_net	https://ripace.net/
rittorbase_jp	https://rittorbase.jp/
rl_waffle_com	https://rl-waffle.com/
roar_salon_jp	https://roar-salon.jp/
robot_i_goods_co_jp	https://robot.i-goods.co.jp/
rprojectjapan_com	https://rprojectjapan.com/
ryosokuin_com	https://ryosokuin.com/
sagamariage_jp	https://sagamariage.jp/
saiseikai_gotsu_jp	https://saiseikai-gotsu.jp/
sakai_bussan_jp	https://sakai-bussan.jp/
sake_shirakiku_jp	https://sake-shirakiku.jp/
sakumastudio_com	https://sakumastudio.com/
sakurafudousan_jp	https://sakurafudousan.jp/
sakuramoto_shop_com	https://sakuramoto-shop.com/
sanki_ota_com	https://sanki-ota.com/
santa_village_jp	https://santa-village.jp/
sasa_osaka	https://sasa.osaka/
sasukeharaguchi_com	https://sasukeharaguchi.com/
satoyama_jujo_com	https://satoyama-jujo.com/
savethequeenflowers_com	https://savethequeenflowers.com/
sawataya_jp	https://sawataya.jp/
science_art_matsudo_net	https://science-art-matsudo.net/
scramberry_io	https://scramberry.io/
screate_soft_co_jp	https://screate-soft.co.jp/
screen_life_jp	https://screen-life.jp/
sdgsstory_global_brother	https://sdgsstory.global.brother/
seavege_stand_com	https://seavege-stand.com/
seen_villa_jp	https://seen-villa.jp/
sekainoowari_jp	https://sekainoowari.jp/
seki_sou_com	https://seki-sou.com/
sendai_inc_com	https://sendai-inc.com/
service_kateinoigaku_jp	https://service.kateinoigaku.jp/
sgsjapan_career_jp	https://sgsjapan-career.jp/
sheishere_jp	https://sheishere.jp/
shiftlink_tech	https://shiftlink.tech/
shiki_kodomo_dc_com	https://shiki-kodomo-dc.com/
shimpo_biz	https://shimpo.biz/
shinanomachi_iju_jp	https://shinanomachi-iju.jp/
shinjiro_info	https://shinjiro.info/
shinjuku_arcteryx_jp	https://shinjuku.arcteryx.jp/
shinka_inc_com	https://shinka-inc.com/
shinyaokano_jp	https://shinyaokano.jp/
shioya_clinic_jp	https://shioya-clinic.jp/
shiroishi_yougashiten_com	https://shiroishi-yougashiten.com/
shop_fruoats_jp	https://shop.fruoats.jp/
shoungumi_jp	https://shoungumi.jp/
showa_kogyo_com	https://showa-kogyo.com/
showkoclub_jp	https://showkoclub.jp/
sin_so_com	https://sin-so.com/
sinden_tokyo	https://sinden.tokyo/
sinnpurete_com	https://sinnpurete.com/
sinso_tokyo	https://sinso.tokyo/
siropcolor_com	https://siropcolor.com/
sk_kumamoto_jp	https://sk-kumamoto.jp/
smarthr_jp	https://smarthr.jp/
sobahouse_jp	https://sobahouse.jp/
soden_inc_jp	https://soden-inc.jp/
sogafarm_jp	https://sogafarm.jp/
solani_illustration_xyz	https://solani-illustration.xyz/
soles_gaufrette_com	https://soles-gaufrette.com/
solu_co_jp	https://solu.co.jp/
sophie_studio	https://sophie.studio/
sophielagirafe_jp	https://sophielagirafe.jp/
sorato_nadc_com	https://sorato-nadc.com/
southrain_com	https://southrain.com/
souvenir_studio_jp	https://souvenir-studio.jp/
sportsmanship_heros_jp	https://sportsmanship-heros.jp/
spur_hpplus_jp	https://spur.hpplus.jp/
squareup_com	https://squareup.com/
stafflife_jp	https://stafflife.jp/
standard_inc_net	https://standard-inc.net/
star_ale_com	https://star-ale.com/
start_your_fujirockfestival_com	https://start-your.fujirockfestival.com/
stayful_jp	https://stayful.jp/
stiiilll_com	https://stiiilll.com/
store_palette_com	https://store-palette.com/
store_nissin_com	https://store.nissin.com/
studio_home_jp	https://studio-home.jp/
studio_tao_net	https://studio-tao.net/
studio_tremo_com	https://studio-tremo.com/
sugorocks_com	https://sugorocks.com/
summerfallsake_jp	https://summerfallsake.jp/
sun_ad_co_jp	https://sun-ad.co.jp/
sun_crea_biz	https://sun-crea.biz/
supala_shop	https://supala.shop/
supercrowds_co	https://supercrowds.co/
sustoco_concentinc_jp	https://sustoco.concentinc.jp/
suzuki_ladies_clinic_jp	https://suzuki-ladies-clinic.jp/
swag_tokyo	https://swag.tokyo/
symbol_shinayaka_design_com	https://symbol.shinayaka-design.com/
syne_jp	https://syne.jp/
syo_ei_com	https://syo-ei.com/
syoyo_al_co_jp	https://syoyo-al.co.jp/
sypress_jp	https://sypress.jp/
szy_co_jp	https://szy.co.jp/
taa_fdn_org	https://taa-fdn.org/
tabippo_net	https://tabippo.net/
tagpic_jp	https://tagpic.jp/
takadanobaba_shinmi_shika_com	https://takadanobaba.shinmi-shika.com/
takafumisenda_com	https://takafumisenda.com/
takahashi_hajime_jp	https://takahashi-hajime.jp/
takami_kids_com	https://takami-kids.com/
takanome_sake_com	https://takanome-sake.com/
takaone_jp	https://takaone.jp/
takidanifudouson_or_jp	https://takidanifudouson.or.jp/
takusho_recruit_com	https://takusho-recruit.com/
tamagaway_jp	https://tamagaway.jp/
tanakahome_jp	https://tanakahome.jp/
tango_creation_jp	https://tango-creation.jp/
tashi_design	https://tashi.design/
tenri_ichica_com	https://tenri-ichica.com/
teraokanatsumi_com	https://teraokanatsumi.com/
tetetoco_jp	https://tetetoco.jp/
the_campus_net	https://the-campus.net/
the_company_co_jp	https://the-company.co.jp/
thebase_com	https://thebase.com/
theqoly_com	https://theqoly.com/
theworks_tokyo	https://theworks.tokyo/
tickertalk_co_jp	https://tickertalk.co.jp/
tjda_jp	https://tjda.jp/
tjokayama_jp	https://tjokayama.jp/
tner_jp	https://tner.jp/
to_official_jp	https://to-official.jp/
to2kyo2_com	https://to2kyo2.com/
tojiro_net	https://tojiro.net/
tokyo_creativesalon_com	https://tokyo-creativesalon.com/
tomareru_ongakushitsu_net	https://tomareru-ongakushitsu.net/
tomari_co_jp	https://tomari.co.jp/
tomatec_co_jp	https://tomatec.co.jp/
tommy_verse_jp	https://tommy-verse.jp/
tone_ne_jp	https://tone.ne.jp/
toridori_co_jp	https://toridori.co.jp/
totetot_tote_co_jp	https://totetot.tote.co.jp/
town_event_kaonavi_jp	https://town-event.kaonavi.jp/
town_kaonavi_jp	https://town.kaonavi.jp/
trail_inc_jp	https://trail-inc.jp/
travel_yamakoshi_place	https://travel.yamakoshi.place/
trisect_design_com	https://trisect-design.com/
tropopause_net	https://tropopause.net/
tsk_corp_jp	https://tsk-corp.jp/
tsuchiya_inten_jp	https://tsuchiya-inten.jp/
tsukuruba_com	https://tsukuruba.com/
tsuno_ru_com	https://tsuno-ru.com/
udatsu_co_jp	https://udatsu.co.jp/
uekishun_com	https://uekishun.com/
ufoods_co_jp	https://ufoods.co.jp/
umaimon_yoro_meat_co_jp	https://umaimon.yoro-meat.co.jp/
umber_jp_com	https://umber-jp.com/
umiral_jp	https://umiral.jp/
unagino_nedoko_net	https://unagino-nedoko.net/
unevenhub_store	https://unevenhub.store/
unite_divisionofme_com	https://unite-divisionofme.com/
unou_jp	https://unou.jp/
uptofficial_jp	https://uptofficial.jp/
urizurakodomoen_net	https://urizurakodomoen.net/
usinc_jp	https://usinc.jp/
uzuz_jp	https://uzuz.jp/
v7_usestate_org	https://v7.usestate.org/
vaio_com	https://vaio.com/
vakel_studio	https://vakel.studio/
valuence_infinities_com	https://valuence-infinities.com/
ventureforjapan_or_jp	https://ventureforjapan.or.jp/
villa_itsutsu_cafeworks_com	https://villa-itsutsu.cafeworks.com/
vioro_jp	https://vioro.jp/
virtualmuseum_fukuoka_kenbi_jp	https://virtualmuseum.fukuoka-kenbi.jp/
wakabacare_hoikuen_com	https://wakabacare-hoikuen.com/
wankosoba_jp	https://wankosoba.jp/
warnerbros_co_jp	https://warnerbros.co.jp/
wataridori_books_com	https://wataridori-books.com/
web_mad_com	https://web-mad.com/
wellp_official_jp	https://wellp-official.jp/
wellulu_com	https://wellulu.com/
wewewe_jp	https://wewewe.jp/
willstyle_20_jp	https://willstyle-20.jp/
withmidwife_jp	https://withmidwife.jp/
wmg_jp	https://wmg.jp/
wms_or_jp	https://wms.or.jp/
wood_designpark_jp	https://wood-designpark.jp/
woset_world	https://woset.world/
wrl_co_jp	https://wrl.co.jp/
www_100inc_co_jp	https://www.100inc.co.jp/
www_33bank_co_jp	https://www.33bank.co.jp/
www_404shibuya_tokyo	https://www.404shibuya.tokyo/
www_4cs_recruit_jp	https://www.4cs-recruit.jp/
www_acra_a_com	https://www.acra-a.com/
www_ad_kitanihon_co_jp	https://www.ad-kitanihon.co.jp/
www_aid_dcc_com	https://www.aid-dcc.com/
www_aiful_co_jp	https://www.aiful.co.jp/
www_airbnb_jp	https://www.airbnb.jp/
www_akariart_jp	https://www.akariart.jp/
www_akatsuki_gakuen_com	https://www.akatsuki-gakuen.com/
www_alishia_net	https://www.alishia.net/
www_alpen_group_jp	https://www.alpen-group.jp/
www_ameet_jp	https://www.ameet.jp/
www_amu_co_jp	https://www.amu.co.jp/
www_aoyagiuirou_co_jp	https://www.aoyagiuirou.co.jp/
www_apex_ne_jp	https://www.apex.ne.jp/
www_apple_com	https://www.apple.com/
www_aquaring_co_jp	https://www.aquaring.co.jp/
www_asahi_intecc_co_jp	https://www.asahi-intecc.co.jp/
www_asahi_kasei_co_jp	https://www.asahi-kasei.co.jp/
www_asahi_shuzo_co_jp	https://www.asahi-shuzo.co.jp/
www_asahiya_net_com	https://www.asahiya-net.com/
www_asmi_jp	https://www.asmi.jp/
www_asnova_co_jp	https://www.asnova.co.jp/
www_asoview_co_jp	https://www.asoview.co.jp/
www_astigu_jp	https://www.astigu.jp/
www_asty_co_jp	https://www.asty.co.jp/
www_atamigas_co_jp	https://www.atamigas.co.jp/
www_atoj_co_jp	https://www.atoj.co.jp/
www_atsugi_co_jp	https://www.atsugi.co.jp/
www_authenticbeautyconcept_jp	https://www.authenticbeautyconcept.jp/
www_axelspace_com	https://www.axelspace.com/
www_b_monster_jp	https://www.b-monster.jp/
www_ban_cha_com	https://www.ban-cha.com/
www_barhotel_com	https://www.barhotel.com/
www_bayflow_jp	https://www.bayflow.jp/
www_beams_factory_com	https://www.beams-factory.com/
www_beardpapa_jp	https://www.beardpapa.jp/
www_beatfic_jp	https://www.beatfic.jp/
www_beatsbydre_com	https://www.beatsbydre.com/
www_bebit_co_jp	https://www.bebit.co.jp/
www_beetleland_maibara_com	https://www.beetleland-maibara.com/
www_bess_jp	https://www.bess.jp/
www_biccamera_com	https://www.biccamera.com/
www_bisyoujuen_com	https://www.bisyoujuen.com/
www_bizmates_co_jp	https://www.bizmates.co.jp/
www_bizmates_jp	https://www.bizmates.jp/
www_blender_tokyo_jp	https://www.blender-tokyo.jp/
www_blestoncourt_com	https://www.blestoncourt.com/
www_bluenoteplace_jp	https://www.bluenoteplace.jp/
www_bodaijuen_jp	https://www.bodaijuen.jp/
www_borderless_japan_com	https://www.borderless-japan.com/
www_bot_express_com	https://www.bot-express.com/
www_bowte_jp	https://www.bowte.jp/
www_brainpad_co_jp	https://www.brainpad.co.jp/
www_breather_co_jp	https://www.breather.co.jp/
www_bridal_feel_com	https://www.bridal-feel.com/
www_brotherearth_com	https://www.brotherearth.com/
www_budweiser_jp	https://www.budweiser.jp/
www_buffaloes_co_jp	https://www.buffaloes.co.jp/
www_c_myk_com	https://www.c-myk.com/
www_campjo_com	https://www.campjo.com/
www_care_plus_jp	https://www.care-plus.jp/
www_carjurajah_jp	https://www.carjurajah.jp/
www_casazizo_com	https://www.casazizo.com/
www_cerabea_co_jp	https://www.cerabea.co.jp/
www_chibabank_co_jp	https://www.chibabank.co.jp/
www_chifure_co_jp	https://www.chifure.co.jp/
www_chitazen_co_jp	https://www.chitazen.co.jp/
www_choco_ne_com	https://www.choco-ne.com/
www_chuo_tax_jp	https://www.chuo-tax.jp/
www_city_shibuya_tokyo_jp	https://www.city.shibuya.tokyo.jp/
www_clasico_nomura_jp	https://www.clasico-nomura.jp/
www_clasishome_jp	https://www.clasishome.jp/
www_cledepeau_beaute_com	https://www.cledepeau-beaute.com/
www_cloudsoft_co_jp	https://www.cloudsoft.co.jp/
www_co_midrain_jp	https://www.co.midrain.jp/
www_com_m_com	https://www.com-m.com/
www_compotte_jp	https://www.compotte.jp/
www_coprec_co_jp	https://www.coprec.co.jp/
www_corner_inc_co_jp	https://www.corner-inc.co.jp/
www_corporate_lasana_co_jp	https://www.corporate.lasana.co.jp/
www_cow_aka_jp	https://www.cow-aka.jp/
www_cow_soap_co_jp	https://www.cow-soap.co.jp/
www_crazywedding_jp	https://www.crazywedding.jp/
www_creativewell_conference_jp	https://www.creativewell-conference.jp/
www_cyberagent_co_jp	https://www.cyberagent.co.jp/
www_d_runway_co_jp	https://www.d-runway.co.jp/
www_daico_co_jp	https://www.daico.co.jp/
www_daifukuseishi_jp	https://www.daifukuseishi.jp/
www_daihatsu_co_jp	https://www.daihatsu.co.jp/
www_daimaru_co_jp	https://www.daimaru.co.jp/
www_daiso_sangyo_co_jp	https://www.daiso-sangyo.co.jp/
www_dascorp_co_jp	https://www.dascorp.co.jp/
www_days758_com	https://www.days758.com/
www_dazaifutenmangu_or_jp	https://www.dazaifutenmangu.or.jp/
www_dcf_d_co_jp	https://www.dcf-d.co.jp/
www_decorte_com	https://www.decorte.com/
www_delfonics_com	https://www.delfonics.com/
www_denbi_ac_jp	https://www.denbi.ac.jp/
www_dentist_sato_com	https://www.dentist-sato.com/
www_dentsucasting_co_jp	https://www.dentsucasting.co.jp/
www_desamis_co_jp	https://www.desamis.co.jp/
www_digitalgrid_com	https://www.digitalgrid.com/
www_discovery_go_jp	https://www.discovery-go.jp/
www_discoveryjapan_jp	https://www.discoveryjapan.jp/
www_docomosky_jp	https://www.docomosky.jp/
www_double_crop_jp	https://www.double-crop.jp/
www_dreamstz_com	https://www.dreamstz.com/
www_dx_recruit_mitsuifudosan_co_jp	https://www.dx-recruit.mitsuifudosan.co.jp/
www_dynamic_maps_co_jp	https://www.dynamic-maps.co.jp/
www_e_d_i_jp	https://www.e-d-i.jp/
www_e_state_ne_jp	https://www.e-state.ne.jp/
www_echigo_tsumari_jp	https://www.echigo-tsumari.jp/
www_edifice_watches_com	https://www.edifice-watches.com/
www_elematec_com	https://www.elematec.com/
www_energia_support_com	https://www.energia-support.com/
www_epoch_inc_jp	https://www.epoch-inc.jp/
www_eventstudio_jp	https://www.eventstudio.jp/
www_everyday_needs_com	https://www.everyday-needs.com/
www_ex_partners_co_jp	https://www.ex-partners.co.jp/
www_exd_co_jp	https://www.exd.co.jp/
www_fabric_arts_co_jp	https://www.fabric-arts.co.jp/
www_fabrichealth_com	https://www.fabrichealth.com/
www_featuredprojects_jp	https://www.featuredprojects.jp/
www_ffa_ajinomoto_com	https://www.ffa.ajinomoto.com/
www_fiore_flower_co_jp	https://www.fiore-flower.co.jp/
www_firstdigital_co_jp	https://www.firstdigital.co.jp/
www_flat_head_com	https://www.flat-head.com/
www_flexnet_co_jp	https://www.flexnet.co.jp/
www_flyingfish_co_jp	https://www.flyingfish.co.jp/
www_foresight_law_gr_jp	https://www.foresight-law.gr.jp/
www_formandcraft_jp	https://www.formandcraft.jp/
www_fournines_co_jp	https://www.fournines.co.jp/
www_frontierconsul_net	https://www.frontierconsul.net/
www_fukushi_greencoop_or_jp	https://www.fukushi-greencoop.or.jp/
www_futuretrain_jp	https://www.futuretrain.jp/
www_gallery_kura_com	https://www.gallery-kura.com/
www_garni_co_jp	https://www.garni.co.jp/
www_gentosha_co_jp	https://www.gentosha.co.jp/
www_glam_jp	https://www.glam.jp/
www_glctateya_com	https://www.glctateya.com/
www_global_link_m_com	https://www.global-link-m.com/
www_glossom_co_jp	https://www.glossom.co.jp/
www_gokokumai_co_jp	https://www.gokokumai.co.jp/
www_gonshiro_co_jp	https://www.gonshiro.co.jp/
www_grad_osaka_geidai_ac_jp	https://www.grad.osaka-geidai.ac.jp/
www_gran_turismo_com	https://www.gran-turismo.com/
www_hakutsuru_co_jp	https://www.hakutsuru.co.jp/
www_harimaya_co_com	https://www.harimaya-co.com/
www_hasegawa_kogyo_co_jp	https://www.hasegawa-kogyo.co.jp/
www_hashi_mente_co_jp	https://www.hashi-mente.co.jp/
www_hatch_888_jp	https://www.hatch-888.jp/
www_hattori_eng_co_jp	https://www.hattori-eng.co.jp/
www_hcf_or_jp	https://www.hcf.or.jp/
www_healthcare_omron_co_jp	https://www.healthcare.omron.co.jp/
www_hello_ai	https://www.hello.ai/
www_hellomobility_jp	https://www.hellomobility.jp/
www_herenow_city	https://www.herenow.city/
www_hinagata_mag_com	https://www.hinagata-mag.com/
www_hinodeya_seika_net	https://www.hinodeya-seika.net/
www_hive_jpn_com	https://www.hive.jpn.com/
www_honeycoffee_co_jp	https://www.honeycoffee.co.jp/
www_hoshizaki_co_jp	https://www.hoshizaki.co.jp/
www_hotel_plumm_jp	https://www.hotel-plumm.jp/
www_human_or_jp	https://www.human.or.jp/
www_hxxxp_com	https://www.hxxxp.com/
www_i_goods_co_jp	https://www.i-goods.co.jp/
www_ide_clinic_com	https://www.ide-clinic.com/
www_igaku_shoin_co_jp	https://www.igaku-shoin.co.jp/
www_ignis_jp	https://www.ignis.jp/
www_ikea_com	https://www.ikea.com/
www_iken_ac_jp	https://www.iken.ac.jp/
www_infinityvector_com	https://www.infinityvector.com/
www_infofarm_co_jp	https://www.infofarm.co.jp/
www_internet_ac_jp	https://www.internet.ac.jp/
www_ionic_co_jp	https://www.ionic.co.jp/
www_is_seimen_co_jp	https://www.is-seimen.co.jp/
www_ishii_zouen_co_jp	https://www.ishii-zouen.co.jp/
www_ishizaka_gr_jp	https://www.ishizaka.gr.jp/
www_itochu_f_co_jp	https://www.itochu-f.co.jp/
www_itokin_com	https://www.itokin.com/
www_izmd_com	https://www.izmd.com/
www_izumiiin_com	https://www.izumiiin.com/
www_j_akiya_jp	https://www.j-akiya.jp/
www_j_startup_go_jp	https://www.j-startup.go.jp/
www_jimmyfairly_com	https://www.jimmyfairly.com/
www_jins_com	https://www.jins.com/
www_jorganic_coffee_jp	https://www.jorganic-coffee.jp/
www_joseocando_com	https://www.joseocando.com/
www_justsystems_com	https://www.justsystems.com/
www_juutakuecokoubou_com	https://www.juutakuecokoubou.com/
www_jwa_or_jp	https://www.jwa.or.jp/
www_kaeru_camp_com	https://www.kaeru-camp.com/
www_kagaman_co_jp	https://www.kagaman.co.jp/
www_kagome_co_jp	https://www.kagome.co.jp/
www_kakiyama_com	https://www.kakiyama.com/
www_kaneyama_kankou_ne_jp	https://www.kaneyama-kankou.ne.jp/
www_kansai_sp_co_jp	https://www.kansai-sp.co.jp/
www_kawaidenki_co_jp	https://www.kawaidenki.co.jp/
www_kei_collection_com	https://www.kei-collection.com/
www_keihan_co_jp	https://www.keihan.co.jp/
www_kenkomayo_co_jp	https://www.kenkomayo.co.jp/
www_kenshi_arc_com	https://www.kenshi-arc.com/
www_kewpie_co_jp	https://www.kewpie.co.jp/
www_khobho_co_jp	https://www.khobho.co.jp/
www_kichinan_co_jp	https://www.kichinan.co.jp/
www_kienoe_com	https://www.kienoe.com/
www_kiyasuya_jp	https://www.kiyasuya.jp/
www_kiyomizudera_or_jp	https://www.kiyomizudera.or.jp/
www_kobaphoto_com	https://www.kobaphoto.com/
www_kobayashi_tekko_co_jp	https://www.kobayashi-tekko.co.jp/
www_kobe_wu_ac_jp	https://www.kobe-wu.ac.jp/
www_kobebeef_co_jp	https://www.kobebeef.co.jp/
www_kobegakuin_ac_jp	https://www.kobegakuin.ac.jp/
www_kodonishimura_com	https://www.kodonishimura.com/
www_koei_con_co_jp	https://www.koei-con.co.jp/
www_kojimalaw_jp	https://www.kojimalaw.jp/
www_komorohonjin_com	https://www.komorohonjin.com/
www_konan_wu_ac_jp	https://www.konan-wu.ac.jp/
www_konarahouse_jp	https://www.konarahouse.jp/
www_konowa_info	https://www.konowa.info/
www_koyama_gr_com	https://www.koyama-gr.com/
www_koyama_sendai_org	https://www.koyama-sendai.org/
www_kracie_co_jp	https://www.kracie.co.jp/
www_ksk_anl_com	https://www.ksk-anl.com/
www_kungyokudo_co_jp	https://www.kungyokudo.co.jp/
www_kunitachicumcum_com	https://www.kunitachicumcum.com/
www_kuraudia_holdings	https://www.kuraudia.holdings/
www_kuritajibika_com	https://www.kuritajibika.com/
www_kurobe_emutech_com	https://www.kurobe-emutech.com/
www_kyocera_co_jp	https://www.kyocera.co.jp/
www_kyoei_corp_com	https://www.kyoei-corp.com/
www_kyopla_co_jp	https://www.kyopla.co.jp/
www_kyoto_seika_ac_jp	https://www.kyoto-seika.ac.jp/
www_la_viepure_com	https://www.la-viepure.com/
www_labo_shuppan_jp	https://www.labo-shuppan.jp/
www_lakole_cp_jp	https://www.lakole-cp.jp/
www_lamac_co_jp	https://www.lamac.co.jp/
www_latte_tokyo_com	https://www.latte-tokyo.com/
www_lavons_jp	https://www.lavons.jp/
www_lecoqsportif_jp_com	https://www.lecoqsportif-jp.com/
www_lignyte_co_jp	https://www.lignyte.co.jp/
www_lion_co_jp	https://www.lion.co.jp/
www_littleworld_jp	https://www.littleworld.jp/
www_lixil_co_jp	https://www.lixil.co.jp/
www_logi_terminal_com	https://www.logi-terminal.com/
www_logos_ne_jp	https://www.logos.ne.jp/
www_louer_jp	https://www.louer.jp/
www_lumine_co_jp	https://www.lumine.co.jp/
www_m_hand_co_jp	https://www.m-hand.co.jp/
www_m3career_com	https://www.m3career.com/
www_mamanqa_com	https://www.mamanqa.com/
www_marubeni_com	https://www.marubeni.com/
www_maruko_com	https://www.maruko.com/
www_maruta_co_jp	https://www.maruta.co.jp/
www_matchingagent_co_jp	https://www.matchingagent.co.jp/
www_mazda_co_jp	https://www.mazda.co.jp/
www_media_pedia_com	https://www.media-pedia.com/
www_medipal_co_jp	https://www.medipal.co.jp/
www_meiji_co_jp	https://www.meiji.co.jp/
www_meijo_u_ac_jp	https://www.meijo-u.ac.jp/
www_mejiro_ac_jp	https://www.mejiro.ac.jp/
www_merus1894_com	https://www.merus1894.com/
www_milbon_com	https://www.milbon.com/
www_miruto_shop	https://www.miruto.shop/
www_misky_co_jp	https://www.misky.co.jp/
www_mitsubishi_home_com	https://www.mitsubishi-home.com/
www_mitsubishi_motors_com	https://www.mitsubishi-motors.com/
www_mitsuoka_motor_com	https://www.mitsuoka-motor.com/
www_miyoshi_shoji_co_jp	https://www.miyoshi-shoji.co.jp/
www_mjapan_jp	https://www.mjapan.jp/
www_monexgroup_jp	https://www.monexgroup.jp/
www_monochrome_so	https://www.monochrome.so/
www_moon_x_com	https://www.moon-x.com/
www_moritakk_co_jp	https://www.moritakk.co.jp/
www_morozoff_co_jp	https://www.morozoff.co.jp/
www_motech_co_jp	https://www.motech.co.jp/
www_mucap_co_jp	https://www.mucap.co.jp/
www_murakamifarm_com	https://www.murakamifarm.com/
www_n_ssi_co_jp	https://www.n-ssi.co.jp/
www_nagano_cgc_or_jp	https://www.nagano-cgc.or.jp/
www_nagoyaoceans_com	https://www.nagoyaoceans.com/
www_nakagawa_masashichi_jp	https://www.nakagawa-masashichi.jp/
www_napla_co_jp	https://www.napla.co.jp/
www_narukuma_com	https://www.narukuma.com/
www_nca_ac_jp	https://www.nca.ac.jp/
www_ndc_co_jp	https://www.ndc.co.jp/
www_net_marketing_co_jp	https://www.net-marketing.co.jp/
www_newmuseum_org	https://www.newmuseum.org/
www_nii_co_jp	https://www.nii.co.jp/
www_nike_com	https://www.nike.com/
www_nikkei_com	https://www.nikkei.com/
www_nikken_cm_com	https://www.nikken-cm.com/
www_nikken_ri_com	https://www.nikken-ri.com/
www_ninben_co_jp	https://www.ninben.co.jp/
www_nintendo_co_jp	https://www.nintendo.co.jp/
www_nippon_shinyaku_co_jp	https://www.nippon-shinyaku.co.jp/
www_nishizaki_co_jp	https://www.nishizaki.co.jp/
www_nissan_co_jp	https://www.nissan.co.jp/
www_nissha_com	https://www.nissha.com/
www_nissin_mokkou_co_jp	https://www.nissin-mokkou.co.jp/
www_nissin_ufo_jp	https://www.nissin-ufo.jp/
www_nitoms_com	https://www.nitoms.com/
www_nomamuseum_kodansha_co_jp	https://www.nomamuseum.kodansha.co.jp/
www_nomula_co_jp	https://www.nomula.co.jp/
www_nomura_interior_jp	https://www.nomura-interior.jp/
www_nonaka_world_co_jp	https://www.nonaka-world.co.jp/
www_northeastshop_jp	https://www.northeastshop.jp/
www_notabag_jp	https://www.notabag.jp/
www_nova_select_jp	https://www.nova-select.jp/
www_nsgk_co_jp	https://www.nsgk.co.jp/
www_ntt_com	https://www.ntt.com/
www_ntvart_co_jp	https://www.ntvart.co.jp/
www_nue_inc_jp	https://www.nue-inc.jp/
www_odakyuhousing_co_jp	https://www.odakyuhousing.co.jp/
www_office_pits_co_jp	https://www.office-pits.co.jp/
www_ogami_co_jp	https://www.ogami.co.jp/
www_oharchi_com	https://www.oharchi.com/
www_ohizumi_ds_jp	https://www.ohizumi-ds.jp/
www_ohtake_nutrition_ac_jp	https://www.ohtake-nutrition.ac.jp/
www_oikaze_jp	https://www.oikaze.jp/
www_ojiholdings_co_jp	https://www.ojiholdings.co.jp/
www_okamura_co_jp	https://www.okamura.co.jp/
www_oki_com	https://www.oki.com/
www_okuibuki_jp	https://www.okuibuki.jp/
www_onitsukatiger_com	https://www.onitsukatiger.com/
www_oralcare_co_jp	https://www.oralcare.co.jp/
www_oricom_co_jp	https://www.oricom.co.jp/
www_orixrentec_jp	https://www.orixrentec.jp/
www_otoden_co_jp	https://www.otoden.co.jp/
www_otsuki_pearl_co_jp	https://www.otsuki-pearl.co.jp/
www_oumi_lease_com	https://www.oumi-lease.com/
www_pantarhei_japan_com	https://www.pantarhei-japan.com/
www_parente_jp	https://www.parente.jp/
www_pelicansoap_co_jp	https://www.pelicansoap.co.jp/
www_pen_online_jp	https://www.pen-online.jp/
www_pgcd_co_jp	https://www.pgcd.co.jp/
www_pias_recruit_jp	https://www.pias-recruit.jp/
www_placesion_com	https://www.placesion.com/
www_plan_b_co_jp	https://www.plan-b.co.jp/
www_plaport_co_jp	https://www.plaport.co.jp/
www_plst_com	https://www.plst.com/
www_pokemon_co_jp	https://www.pokemon.co.jp/
www_ponycanyon_biz	https://www.ponycanyon.biz/
www_pornograffitti_jp	https://www.pornograffitti.jp/
www_potel_jp	https://www.potel.jp/
www_pronets_co_jp	https://www.pronets.co.jp/
www_prored_p_com	https://www.prored-p.com/
www_proud_web_jp	https://www.proud-web.jp/
www_r_4_co_jp	https://www.r-4.co.jp/
www_rakusyo_jp	https://www.rakusyo.jp/
www_randsel_jp	https://www.randsel.jp/
www_re_shampoo_jp	https://www.re-shampoo.jp/
www_recruit_co_jp	https://www.recruit.co.jp/
www_recruit_okamoto_optics_co_jp	https://www.recruit.okamoto-optics.co.jp/
www_redbull_com	https://www.redbull.com/
www_regrit_p_com	https://www.regrit-p.com/
www_remain_in_com	https://www.remain-in.com/
www_rmd_co_jp	https://www.rmd.co.jp/
www_robot_co_jp	https://www.robot.co.jp/
www_ryozanpark_com	https://www.ryozanpark.com/
www_s_swiss_com	https://www.s-swiss.com/
www_saintparts_co_jp	https://www.saintparts.co.jp/
www_saito_kasei_com	https://www.saito-kasei.com/
www_sakamoto_co_ltd_jp	https://www.sakamoto-co-ltd.jp/
www_sake_shichiken_co_jp	https://www.sake-shichiken.co.jp/
www_sakura_clinic_jp	https://www.sakura-clinic.jp/
www_samara_com	https://www.samara.com/
www_samsung_com	https://www.samsung.com/
www_sandesica_co_jp	https://www.sandesica.co.jp/
www_sangishop_jp	https://www.sangishop.jp/
www_sanpou_nishimuraya_com	https://www.sanpou-nishimuraya.com/
www_sanwa_fl_co_jp	https://www.sanwa-fl.co.jp/
www_sanwakoutsu_co_jp	https://www.sanwakoutsu.co.jp/
www_sapporobeer_jp	https://www.sapporobeer.jp/
www_schwein_jp	https://www.schwein.jp/
www_seesaw_hair_com	https://www.seesaw-hair.com/
www_seikowatches_com	https://www.seikowatches.com/
www_serta_japan_jp	https://www.serta-japan.jp/
www_setsunan_ac_jp	https://www.setsunan.ac.jp/
www_shakujii_dc_com	https://www.shakujii-dc.com/
www_shamaison_com	https://www.shamaison.com/
www_sharedan_co_jp	https://www.sharedan.co.jp/
www_shed_co_jp	https://www.shed.co.jp/
www_shelter_inc	https://www.shelter.inc/
www_shigaku_tokyo_or_jp	https://www.shigaku-tokyo.or.jp/
www_shikokusenki_com	https://www.shikokusenki.com/
www_shine_reman_com	https://www.shine-reman.com/
www_shiraishi_gr_jp	https://www.shiraishi-gr.jp/
www_shiseidocreative_com	https://www.shiseidocreative.com/
www_shizuokabank_co_jp	https://www.shizuokabank.co.jp/
www_siobara_or_jp	https://www.siobara.or.jp/
www_sixtones_jp	https://www.sixtones.jp/
www_smbc_careers_com	https://www.smbc-careers.com/
www_snowpeak_co_jp	https://www.snowpeak.co.jp/
www_sokunousokudoku_net	https://www.sokunousokudoku.net/
www_solebrain_co_jp	https://www.solebrain.co.jp/
www_sonpo_or_jp	https://www.sonpo.or.jp/
www_sony_jp	https://www.sony.jp/
www_sotozen_net_or_jp	https://www.sotozen-net.or.jp/
www_soujyu_megaminomori_com	https://www.soujyu.megaminomori.com/
www_southernlink_co_jp	https://www.southernlink.co.jp/
www_sss_s_jp	https://www.sss-s.jp/
www_standfoundation_jp	https://www.standfoundation.jp/
www_stellabeaute_jp	https://www.stellabeaute.jp/
www_subaru_co_jp	https://www.subaru.co.jp/
www_sugino_com	https://www.sugino.com/
www_sugita_pridea_co_jp	https://www.sugita-pridea.co.jp/
www_suikoen_jp	https://www.suikoen.jp/
www_sundrug_recruit_jp	https://www.sundrug-recruit.jp/
www_sur_co_jp	https://www.sur.co.jp/
www_surugabank_co_jp	https://www.surugabank.co.jp/
www_suzunoya_com	https://www.suzunoya.com/
www_swans_co_jp	https://www.swans.co.jp/
www_symdirect_co_jp	https://www.symdirect.co.jp/
www_synergy_s_co_jp	https://www.synergy-s.co.jp/
www_t_i_forum_co_jp	https://www.t-i-forum.co.jp/
www_takahama_kawara_museum_com	https://www.takahama-kawara-museum.com/
www_takaratomy_co_jp	https://www.takaratomy.co.jp/
www_takashima_nouen_com	https://www.takashima-nouen.com/
www_takizumi_com	https://www.takizumi.com/
www_tamabi_ac_jp	https://www.tamabi.ac.jp/
www_tanpopoen_net	https://www.tanpopoen.net/
www_tat_group_co_jp	https://www.tat-group.co.jp/
www_tdb_co_jp	https://www.tdb.co.jp/
www_techv_co_jp	https://www.techv.co.jp/
www_tegamishaschool_com	https://www.tegamishaschool.com/
www_teien_art_museum_ne_jp	https://www.teien-art-museum.ne.jp/
www_telecomstaff_co_jp	https://www.telecomstaff.co.jp/
www_tenandoproject_com	https://www.tenandoproject.com/
www_terminaldesign_jp	https://www.terminaldesign.jp/
www_tfc_co_jp	https://www.tfc.co.jp/
www_thehousetokyo_com	https://www.thehousetokyo.com/
www_thenorthface_jp	https://www.thenorthface.jp/
www_theport_jp	https://www.theport.jp/
www_theryokantokyo_ofurocafe_com	https://www.theryokantokyo-ofurocafe.com/
www_thesharehotels_com	https://www.thesharehotels.com/
www_tn_sanso_co_jp	https://www.tn-sanso.co.jp/
www_toa_estate_co_jp	https://www.toa-estate.co.jp/
www_toei_eigamura_com	https://www.toei-eigamura.com/
www_tohokucotton_com	https://www.tohokucotton.com/
www_toilet_or_jp	https://www.toilet.or.jp/
www_tokaikisen_co_jp	https://www.tokaikisen.co.jp/
www_tokiomarinehd_com	https://www.tokiomarinehd.com/
www_tokyu_recruit_jp	https://www.tokyu-recruit.jp/
www_tokyu_renewal_co_jp	https://www.tokyu-renewal.co.jp/
www_torix_corp_com	https://www.torix-corp.com/
www_toshin_dev_co_jp	https://www.toshin-dev.co.jp/
www_towaie_org	https://www.towaie.org/
www_toyo_e_co_jp	https://www.toyo-e.co.jp/
www_toyoseikico_co_jp	https://www.toyoseikico.co.jp/
www_toyota_co_jp	https://www.toyota.co.jp/
www_trail_blazer_co_jp	https://www.trail-blazer.co.jp/
www_tribalmedia_co_jp	https://www.tribalmedia.co.jp/
www_tricle_llc_co_jp	https://www.tricle-llc.co.jp/
www_tsi_holdings_com	https://www.tsi-holdings.com/
www_tsuchidaclinic_jp	https://www.tsuchidaclinic.jp/
www_uds_hotels_com	https://www.uds-hotels.com/
www_uds_net_co_jp	https://www.uds-net.co.jp/
www_uemura_shigyo_co_jp	https://www.uemura-shigyo.co.jp/
www_umetoku_co_jp	https://www.umetoku.co.jp/
www_unagifujita_com	https://www.unagifujita.com/
www_unbalance_co_jp	https://www.unbalance.co.jp/
www_uniqlo_com	https://www.uniqlo.com/
www_uniquevision_co_jp	https://www.uniquevision.co.jp/
www_united_arrows_co_jp	https://www.united-arrows.co.jp/
www_unitrust_co_jp	https://www.unitrust.co.jp/
www_unzen_mikado_net	https://www.unzen-mikado.net/
www_ushijima_law_gr_jp	https://www.ushijima-law.gr.jp/
www_vtos_jp	https://www.vtos.jp/
www_wai_demic_com	https://www.wai-demic.com/
www_waseda_jp	https://www.waseda.jp/
www_weddingpark_co_jp	https://www.weddingpark.co.jp/
www_willco_inc_jp	https://www.willco-inc.jp/
www_withings_com	https://www.withings.com/
www_yaegaki_co_jp	https://www.yaegaki.co.jp/
www_yagi_iis_u_tokyo_ac_jp	https://www.yagi.iis.u-tokyo.ac.jp/
www_yamagatanodesign_jp	https://www.yamagatanodesign.jp/
www_yamamotocoffee_co_jp	https://www.yamamotocoffee.co.jp/
www_yamano_yeah_com	https://www.yamano-yeah.com/
www_yamasaki_iin_com	https://www.yamasaki-iin.com/
www_yamatokogyo_co_jp	https://www.yamatokogyo.co.jp/
www_yaohiko_nagoya	https://www.yaohiko.nagoya/
www_yoro_meat_co_jp	https://www.yoro-meat.co.jp/
www_ypc_g_com	https://www.ypc-g.com/
www_ys_dc_jp	https://www.ys-dc.jp/
www_yuridenki_co_jp	https://www.yuridenki.co.jp/
wwwzz_jp	https://wwwzz.jp/
yamaidashi_com	https://yamaidashi.com/
yamanomi_hoiku_com	https://yamanomi-hoiku.com/
yamauchinotori_jp	https://yamauchinotori.jp/
yansukim_com	https://yansukim.com/
yappli_co_jp	https://yappli.co.jp/
yasudayuko_com	https://yasudayuko.com/
yayaproducts_com	https://yayaproducts.com/
yet_ysinc_co_jp	https://yet.ysinc.co.jp/
yeti_standing_jp	https://yeti-standing.jp/
yohobrewing_com	https://yohobrewing.com/
yonayonaale_com	https://yonayonaale.com/
yoyogipark_trunk_hotel_com	https://yoyogipark.trunk-hotel.com/
yscompany_tokyo	https://yscompany.tokyo/
yuenjp_com	https://yuenjp.com/
zeroboard_jp	https://zeroboard.jp/
zerotokyo_jp	https://zerotokyo.jp/
zoczoc_co_jp	https://zoczoc.co.jp/
zozo_jp	https://zozo.jp/
021fund_bn_ent_net	https://021fund.bn-ent.net/
10antz_co_jp	https://10antz.co.jp/
10th_mimt_jp	https://10th.mimt.jp/
202x_jp	https://202x.jp/
4711_jp	https://4711.jp/
5pmjournal_com	https://5pmjournal.com/
about_airporter_co_jp	https://about.airporter.co.jp/
ad_slvrbullet_com	https://ad.slvrbullet.com/
ai_develop_com	https://ai-develop.com/
ai_spt_jp	https://ai-spt.jp/
ajicollab_ajinomoto_com	https://ajicollab.ajinomoto.com/
ako_kankou_jp	https://ako-kankou.jp/
album_make_com	https://album-make.com/
anasrc_com	https://anasrc.com/
anessa_shiseido_co_jp	https://anessa.shiseido.co.jp/
aomorigokan_com	https://aomorigokan.com/
app_sunday_webry_com	https://app.sunday-webry.com/
artaquarium_jp	https://artaquarium.jp/
asiankung_fu_com	https://asiankung-fu.com/
balcon_tokyo_jp	https://balcon-tokyo.jp/
beams_co_jp	https://beams.co.jp/
bellesiora_com	https://bellesiora.com/
bessatsu_olympia_kyklos_com	https://bessatsu-olympia-kyklos.com/
bieitiful_jp	https://bieitiful.jp/
bltinc_co_jp	https://bltinc.co.jp/
bluehamham_com	https://bluehamham.com/
bodygram_com	https://bodygram.com/
boucheron_rings_for_two_jp	https://boucheron.rings-for-two.jp/
brands_onisi_jp	https://brands.onisi.jp/
breed_fluffyhugs_io	https://breed.fluffyhugs.io/
bullyingandbehavior_com	https://bullyingandbehavior.com/
butfirstchillout_com	https://butfirstchillout.com/
cannesprlions_com	https://cannesprlions.com/
careers_gizumo_inc_jp	https://careers.gizumo-inc.jp/
cdps_co_jp	https://cdps.co.jp/
cohaco_rip	https://cohaco.rip/
corp_innoqua_jp	https://corp.innoqua.jp/
corp_tokubai_co_jp	https://corp.tokubai.co.jp/
corporate_naviplus_co_jp	https://corporate.naviplus.co.jp/
coss_coss_jp	https://coss-coss.jp/
cp_pocky_jp	https://cp.pocky.jp/
crewcrew_jp	https://crewcrew.jp/
crossingcarnival_com	https://crossingcarnival.com/
cufture_cinra_net	https://cufture.cinra.net/
cuore_beauty_co_jp	https://cuore-beauty.co.jp/
cvstos_jp	https://cvstos.jp/
cycling_ehime_com	https://cycling-ehime.com/
cypher_co_jp	https://cypher.co.jp/
d21_co_jp	https://d21.co.jp/
dancyu_jp	https://dancyu.jp/
dansuki_jp	https://dansuki.jp/
davinci_poirot_com	https://davinci-poirot.com/
did_dialogue_or_jp	https://did.dialogue.or.jp/
digit_jp	https://digit.jp/
drbreastform_com	https://drbreastform.com/
drift_cc	https://drift.cc/
dx_exhibition_com	https://dx-exhibition.com/
e_shop_renown_com	https://e-shop.renown.com/
edumotto_u_gakugei_ac_jp	https://edumotto.u-gakugei.ac.jp/
edwin_mall_jp	https://edwin-mall.jp/
emmi_jp	https://emmi.jp/
f_manzoku_jp	https://f-manzoku.jp/
favoritedriven_co_jp	https://favoritedriven.co.jp/
ferret_plus_com	https://ferret-plus.com/
fibreplex_fun	https://fibreplex.fun/
fishermanjapan_com	https://fishermanjapan.com/
fuji_medical_co_jp	https://fuji-medical.co.jp/
girlswalker_com	https://girlswalker.com/
glamdaystyle_jp	https://glamdaystyle.jp/
glassfactory_shop_jp	https://glassfactory-shop.jp/
glimpse_jp	https://glimpse.jp/
global_hiramatsuhotels_com	https://global.hiramatsuhotels.com/
go_chatwork_com	https://go.chatwork.com/
gokito_net	https://gokito.net/
gon_project_com	https://gon-project.com/
goodluck_corp_com	https://goodluck-corp.com/
grandstage_jp	https://grandstage.jp/
gs_abc_mart_net	https://gs.abc-mart.net/
happy_call_info	https://happy-call.info/
hare_jp	https://hare.jp/
hc_kowa_co_jp	https://hc.kowa.co.jp/
hdf_vc	https://hdf.vc/
henkelbeauty_jp	https://henkelbeauty.jp/
hidasangyo_com	https://hidasangyo.com/
hmletjapan_com	https://hmletjapan.com/
hytek_co_jp	https://hytek.co.jp/
i_common_jp	https://i-common.jp/
ichiman_j_sen_jp	https://ichiman.j-sen.jp/
idea_sportsmanship_heros_jp	https://idea.sportsmanship-heros.jp/
ilu_raon_com	https://ilu-raon.com/
imakers_co_jp	https://imakers.co.jp/
info_asahi_com	https://info.asahi.com/
informer_movie_jp	https://informer-movie.jp/
inside_ai	https://inside.ai/
iroiro7iro_com	https://iroiro7iro.com/
is_career_istyle_co_jp	https://is-career.istyle.co.jp/
isamumorita_com	https://isamumorita.com/
ish21_toto_com	https://ish21.toto.com/
ishizaka_group_co_jp	https://ishizaka-group.co.jp/
iwatagumi_jp	https://iwatagumi.jp/
japanbakery_jp	https://japanbakery.jp/
japanese_hanjo_tv	https://japanese-hanjo.tv/
japantaxi_co_jp	https://japantaxi.co.jp/
jasonrodman_tokyo	https://jasonrodman.tokyo/
jff_jpf_go_jp	https://jff.jpf.go.jp/
jnc_eng_co_jp	https://jnc-eng.co.jp/
jobmaker_jp	https://jobmaker.jp/
jonan_i_nest_co_jp	https://jonan.i-nest.co.jp/
jp_mitsuichemicals_com	https://jp.mitsuichemicals.com/
jujutsukaisen_dolcegabbana_com	https://jujutsukaisen.dolcegabbana.com/
junzo_com	https://junzo.com/
jurlique_japan_com	https://jurlique-japan.com/
k627_co_jp	https://k627.co.jp/
kaeru_parco_jp	https://kaeru.parco.jp/
kakinukilaw_com	https://kakinukilaw.com/
kamisenro_co_jp	https://kamisenro.co.jp/
keisoku_a_r_tech_net	https://keisoku.a-r-tech.net/
kernel_deepcore_jp	https://kernel.deepcore.jp/
kesou_jp	https://kesou.jp/
kiii_co_jp	https://kiii.co.jp/
kimisomu_anime_com	https://kimisomu-anime.com/
kino_wakayama_jp	https://kino-wakayama.jp/
kinto_co_jp	https://kinto.co.jp/
kk_gion_co_jp	https://kk-gion.co.jp/
kobedenshi_ac_jp	https://kobedenshi.ac.jp/
kompass_cinra_net	https://kompass.cinra.net/
kurashi_spice_com	https://kurashi-spice.com/
kuroihanaya_com	https://kuroihanaya.com/
kyo_hanamusubi_com	https://kyo-hanamusubi.com/
kyoto_travel	https://kyoto.travel/
landoftomorrow_jp	https://landoftomorrow.jp/
libre_1_co_jp	https://libre-1.co.jp/
logic_is_co_jp	https://logic-is.co.jp/
machimachi_baycrews_co_jp	https://machimachi.baycrews.co.jp/
maison_mercari_com	https://maison.mercari.com/
makingandthings_urukust_com	https://makingandthings-urukust.com/
maruko_com	https://maruko.com/
marumarumarumori_jp	https://marumarumarumori.jp/
mba_globis_ac_jp	https://mba.globis.ac.jp/
meimeiletter_com	https://meimeiletter.com/
mf_workstyling_jp	https://mf.workstyling.jp/
mfc_mynavi_jp	https://mfc.mynavi.jp/
mieru_ai_net	https://mieru-ai.net/
mille_la_chouette_jp	https://mille-la-chouette.jp/
mis_mobility_nttdata_com	https://mis-mobility.nttdata.com/
mm_marketcafe_jp	https://mm-marketcafe.jp/
mmk_recruit_com	https://mmk-recruit.com/
monogoen_jp	https://monogoen.jp/
mr_mr_jp	https://mr-mr.jp/
mysmoothskin_jp	https://mysmoothskin.jp/
nb_bros_com	https://nb-bros.com/
new_tsukuba_jp	https://new-tsukuba.jp/
nf_kifu_kidssupport_jp	https://nf-kifu-kidssupport.jp/
nogatadenki_jp	https://nogatadenki.jp/
nojess_net	https://nojess.net/
non_ringo_applepie_com	https://non.ringo-applepie.com/
ojousan_com	https://ojousan.com/
onepiece100we_are_one_com	https://onepiece100we-are-one.com/
ooevalley_jp	https://ooevalley.jp/
order_botanistofficial_com	https://order.botanistofficial.com/
outdoorproducts_tokyo	https://outdoorproducts.tokyo/
ove_official_jp	https://ove-official.jp/
palautimes_jp	https://palautimes.jp/
panaracer_com	https://panaracer.com/
park4d_com	https://park4d.com/
pasdedeuxfactory_jp	https://pasdedeuxfactory.jp/
peaceteclab_co_jp	https://peaceteclab.co.jp/
petal_online_com	https://petal-online.com/
phantom_film_com	https://phantom-film.com/
pics_tokyo	https://pics.tokyo/
pilot_luckymotif_jp	https://pilot-luckymotif.jp/
play2020_jp	https://play2020.jp/
playec_jp	https://playec.jp/
ponstaff_jp	https://ponstaff.jp/
powerofwords_jp	https://powerofwords.jp/
premin_shop	https://premin.shop/
pubbu_comeon_com	https://pubbu-comeon.com/
qd_newh_co_jp	https://qd.newh.co.jp/
r_style_top	https://r-style.top/
raccos_com	https://raccos.com/
recruit_postas_co_jp	https://recruit.postas.co.jp/
recruit_sas_com_com	https://recruit.sas-com.com/
recruiting_tech_globis_co_jp	https://recruiting-tech.globis.co.jp/
rekisaikan_jp	https://rekisaikan.jp/
rerec_jp	https://rerec.jp/
reserve_golfdigest_co_jp	https://reserve.golfdigest.co.jp/
richad_yahoo_co_jp	https://richad.yahoo.co.jp/
rita_apbank_jp	https://rita.apbank.jp/
roostergearmarket_com	https://roostergearmarket.com/
ryogoku_kokugikan_jp	https://ryogoku-kokugikan.jp/
s_size_co_jp	https://s-size.co.jp/
s_creativehope_co_jp	https://s.creativehope.co.jp/
sakanakun_lab_com	https://sakanakun-lab.com/
sakeonair_com	https://sakeonair.com/
scudetto_com	https://scudetto.com/
sendai_startups_org	https://sendai-startups.org/
service_menu_inc	https://service.menu.inc/
sheerme_jp	https://sheerme.jp/
shin_nyo_do_jp	https://shin-nyo-do.jp/
showdot_jp	https://showdot.jp/
smart_lets_ktai_jp	https://smart.lets-ktai.jp/
snd_dev	https://snd.dev/
soar_world_com	https://soar-world.com/
ssgarden_jp	https://ssgarden.jp/
starbucks_no_mado_com	https://starbucks-no-mado.com/
store_cloudil_jp	https://store.cloudil.jp/
store_hosoo_co_jp	https://store.hosoo.co.jp/
store_wacoal_jp	https://store.wacoal.jp/
suzuki_scc_com	https://suzuki-scc.com/
swimmy_org	https://swimmy.org/
syoss_selfcoloring_jp	https://syoss-selfcoloring.jp/
tamacity_online_bunkasai_com	https://tamacity-online-bunkasai.com/
tanqgakusha_jp	https://tanqgakusha.jp/
tcn_jp_net	https://tcn.jp.net/
teachers_studysapuri_jp	https://teachers.studysapuri.jp/
tecarat_jp	https://tecarat.jp/
tengahealthcare_com	https://tengahealthcare.com/
tinder_co_jp	https://tinder.co.jp/
tmi_recruit_com	https://tmi-recruit.com/
tokyosystem_co_jp	https://tokyosystem.co.jp/
top_dhc_co_jp	https://top.dhc.co.jp/
turningpoint_work	https://turningpoint.work/
umajimura_jp	https://umajimura.jp/
undercoverism_com	https://undercoverism.com/
upside_movie_jp	https://upside-movie.jp/
uselessprototyping_jp	https://uselessprototyping.jp/
veritas_jhrs_jp	https://veritas-jhrs.jp/
w_wired_com	https://w-wired.com/
wankonowa_com	https://wankonowa.com/
wearemethod_com	https://wearemethod.com/
wedding_diy_escrit_jp	https://wedding-diy.escrit.jp/
weddingpunx_jp	https://weddingpunx.jp/
willof_factory_co_jp	https://willof-factory.co.jp/
winescapejapan_koshu_com	https://winescapejapan-koshu.com/
www_acro_inc_co_jp	https://www.acro-inc.co.jp/
www_adjuvant_co_jp	https://www.adjuvant.co.jp/
www_aiil_amada_co_jp	https://www.aiil.amada.co.jp/
www_ainexx_online_com	https://www.ainexx-online.com/
www_ajinomoto_co_jp	https://www.ajinomoto.co.jp/
www_ajinomoto_com	https://www.ajinomoto.com/
www_alleyoop_co_jp	https://www.alleyoop.co.jp/
www_allhouse_co_jp	https://www.allhouse.co.jp/
www_ana_cooljapan_com	https://www.ana-cooljapan.com/
www_ana_modelplane_com	https://www.ana-modelplane.com/
www_arieltrading_co_jp	https://www.arieltrading.co.jp/
www_asahibeer_co_jp	https://www.asahibeer.co.jp/
www_asian_bridge_com	https://www.asian-bridge.com/
www_associa_com	https://www.associa.com/
www_audi_jp	https://www.audi.jp/
www_autobacs_co_jp	https://www.autobacs.co.jp/
www_ax_on_co_jp	https://www.ax-on.co.jp/
www_bandainamcosevens_co_jp	https://www.bandainamcosevens.co.jp/
www_basta_al_jp	https://www.basta-al.jp/
www_biwakokisen_co_jp	https://www.biwakokisen.co.jp/
www_bloc_rhodia_jp	https://www.bloc-rhodia.jp/
www_bosai_nippon_com	https://www.bosai-nippon.com/
www_brooklynoverall_jp	https://www.brooklynoverall.jp/
www_bungosd_expo_com	https://www.bungosd-expo.com/
www_calpis_info	https://www.calpis.info/
www_castle_co_jp	https://www.castle.co.jp/
www_ccstyle_jp	https://www.ccstyle.jp/
www_coen_co_jp	https://www.coen.co.jp/
www_dai_seki_co_jp	https://www.dai-seki.co.jp/
www_deepx_co_jp	https://www.deepx.co.jp/
www_dental_tanaka_net	https://www.dental-tanaka.net/
www_dentsu_crx_co_jp	https://www.dentsu-crx.co.jp/
www_dentsudigital_co_jp	https://www.dentsudigital.co.jp/
www_dreamincubator_co_jp	https://www.dreamincubator.co.jp/
www_ebarafoods_com	https://www.ebarafoods.com/
www_eco_megane_jp	https://www.eco-megane.jp/
www_fdcp_co_jp	https://www.fdcp.co.jp/
www_flypeach_com	https://www.flypeach.com/
www_foodhall_kiteki_com	https://www.foodhall-kiteki.com/
www_froebel_kan_co_jp	https://www.froebel-kan.co.jp/
www_fujigotemba_distillery_com	https://www.fujigotemba-distillery.com/
www_fujitv_view_jp	https://www.fujitv-view.jp/
www_g_tune_jp	https://www.g-tune.jp/
www_ganza_co_jp	https://www.ganza.co.jp/
www_girls2_jp	https://www.girls2.jp/
www_grand1934_com	https://www.grand1934.com/
www_hakkaisan_reint_com	https://www.hakkaisan-reint.com/
www_hakkogroup_jp	https://www.hakkogroup.jp/
www_hk_wedding_jp	https://www.hk-wedding.jp/
www_hoshinoresorts_com	https://www.hoshinoresorts.com/
www_hosoo_co_jp	https://www.hosoo.co.jp/
www_housingstage_jp	https://www.housingstage.jp/
www_humanwoman_net	https://www.humanwoman.net/
www_i_nest_co_jp	https://www.i-nest.co.jp/
www_ici_center_jp	https://www.ici-center.jp/
www_ideal_evolve_jp	https://www.ideal-evolve.jp/
www_iflytek_co_jp	https://www.iflytek.co.jp/
www_ikuple_com	https://www.ikuple.com/
www_inden_ya_co_jp	https://www.inden-ya.co.jp/
www_innotech_co_jp	https://www.innotech.co.jp/
www_innovationmanagement_co_jp	https://www.innovationmanagement.co.jp/
www_inter_cube_co_jp	https://www.inter-cube.co.jp/
www_intex_osaka_com	https://www.intex-osaka.com/
www_ippodo_tea_co_jp	https://www.ippodo-tea.co.jp/
www_isid_ao_co_jp	https://www.isid-ao.co.jp/
www_ito_ya_co_jp	https://www.ito-ya.co.jp/
www_itoen_global_com	https://www.itoen-global.com/
www_ittokai_or_jp	https://www.ittokai.or.jp/
www_jackall_co_jp	https://www.jackall.co.jp/
www_jakuets_co_jp	https://www.jakuets.co.jp/
www_jfx_co_jp	https://www.jfx.co.jp/
www_jibaisekihoken_koho_jp	https://www.jibaisekihoken-koho.jp/
www_jma_co_jp	https://www.jma.co.jp/
www_jp_square_enix_com	https://www.jp.square-enix.com/
www_jph_japon_co_jp	https://www.jph-japon.co.jp/
www_jpsnet_jp	https://www.jpsnet.jp/
www_kahlua_net_com	https://www.kahlua-net.com/
www_kajima_co_jp	https://www.kajima.co.jp/
www_kankyoportal_city_kita_lg_jp	https://www.kankyoportal.city.kita.lg.jp/
www_kansai_ac_jp	https://www.kansai.ac.jp/
www_kiitos_kids_net	https://www.kiitos-kids.net/
www_kirala_jp	https://www.kirala.jp/
www_kke_co_jp	https://www.kke.co.jp/
www_kokuyo_furniture_co_jp	https://www.kokuyo-furniture.co.jp/
www_kpg_gr_jp	https://www.kpg.gr.jp/
www_kyorin_u_ac_jp	https://www.kyorin-u.ac.jp/
www_kyoto_kimono_co_jp	https://www.kyoto-kimono.co.jp/
www_laissepasse_com	https://www.laissepasse.com/
www_lbm_co_jp	https://www.lbm.co.jp/
www_lloyds_co_jp	https://www.lloyds.co.jp/
www_luxis_inc_com	https://www.luxis-inc.com/
www_mash_co_co_jp	https://www.mash-co.co.jp/
www_maxiq_co_jp	https://www.maxiq.co.jp/
www_mcf_co_jp	https://www.mcf.co.jp/
www_mic_p_com	https://www.mic-p.com/
www_mikihiko_com	https://www.mikihiko.com/
www_mitsuifudosan_hotelmanagement_com	https://www.mitsuifudosan-hotelmanagement.com/
www_mol_service_com	https://www.mol-service.com/
www_monet2023_jp	https://www.monet2023.jp/
www_mouse_jp_co_jp	https://www.mouse-jp.co.jp/
www_msf_or_jp	https://www.msf.or.jp/
www_n_gaku_jp	https://www.n-gaku.jp/
www_nagatanien_co_jp	https://www.nagatanien.co.jp/
www_netdreamers_co_jp	https://www.netdreamers.co.jp/
www_nfield_co_jp	https://www.nfield.co.jp/
www_nikkeibp_co_jp	https://www.nikkeibp.co.jp/
www_nikken_hs_co_jp	https://www.nikken-hs.co.jp/
www_nissayletterproject_jp	https://www.nissayletterproject.jp/
www_nok_recruit_com	https://www.nok-recruit.com/
www_nonpi_com	https://www.nonpi.com/
www_nttdocomo_co_jp	https://www.nttdocomo.co.jp/
www_oca_ac_jp	https://www.oca.ac.jp/
www_one_earth_g_a_u_tokyo_ac_jp	https://www.one-earth-g.a.u-tokyo.ac.jp/
www_oriciro_com	https://www.oriciro.com/
www_orim_co_jp	https://www.orim.co.jp/
www_osaka_shoko_co_jp	https://www.osaka-shoko.co.jp/
www_oshimatsubaki_co_jp	https://www.oshimatsubaki.co.jp/
www_pajapan_com	https://www.pajapan.com/
www_parco_space_co_jp	https://www.parco-space.co.jp/
www_perfume_web_jp	https://www.perfume-web.jp/
www_pierreherme_co_jp	https://www.pierreherme.co.jp/
www_pile_site	https://www.pile.site/
www_pilot_co_jp	https://www.pilot.co.jp/
www_pleindevie_net	https://www.pleindevie.net/
www_pocarisnap_jp	https://www.pocarisnap.jp/
www_pococha_com	https://www.pococha.com/
www_pola_com	https://www.pola.com/
www_r_security_jp	https://www.r-security.jp/
www_realit_co_jp	https://www.realit.co.jp/
www_redesign_closet_net	https://www.redesign-closet.net/
www_salondenoble_com	https://www.salondenoble.com/
www_san_ei_faucet_com	https://www.san-ei-faucet.com/
www_san_ei_web_co_jp	https://www.san-ei-web.co.jp/
www_sansendo_co_jp	https://www.sansendo.co.jp/
www_santen_co_jp	https://www.santen.co.jp/
www_sasakawa_ph_com	https://www.sasakawa-ph.com/
www_satohtakeru_com	https://www.satohtakeru.com/
www_sawa2_com	https://www.sawa2.com/
www_scohia_com	https://www.scohia.com/
www_se4_space	https://www.se4.space/
www_senbokuhome_co_jp	https://www.senbokuhome.co.jp/
www_sendenkaigi_com	https://www.sendenkaigi.com/
www_setsusachiaki_com	https://www.setsusachiaki.com/
www_shizutetsu_ad_co_jp	https://www.shizutetsu-ad.co.jp/
www_smtb_jp	https://www.smtb.jp/
www_so_office_jp	https://www.so-office.jp/
www_sony_com	https://www.sony.com/
www_sozobox_pf_japanpost_jp	https://www.sozobox.pf.japanpost.jp/
www_springvalleybrewery_jp	https://www.springvalleybrewery.jp/
www_sptotal_jp	https://www.sptotal.jp/
www_studio_clip_jp	https://www.studio-clip.jp/
www_sun_denshi_co_jp	https://www.sun-denshi.co.jp/
www_sushi_hama_jp	https://www.sushi-hama.jp/
www_tabisuru_market_jp	https://www.tabisuru-market.jp/
www_taitogeirakusai_com	https://www.taitogeirakusai.com/
www_takenaka_co_jp	https://www.takenaka.co.jp/
www_tanaka_scale_co_jp	https://www.tanaka-scale.co.jp/
www_tarami_co_jp	https://www.tarami.co.jp/
www_tech_ac_jp	https://www.tech.ac.jp/
www_tennoz_rim_tokyo	https://www.tennoz-rim.tokyo/
www_the_musical_day_com	https://www.the-musical-day.com/
www_toki_seni_co_jp	https://www.toki-seni.co.jp/
www_tomorrowland_co_jp	https://www.tomorrowland.co.jp/
www_toppan_co_jp	https://www.toppan.co.jp/
www_trend_on_jp	https://www.trend-on.jp/
www_tsp_taiyo_co_jp	https://www.tsp-taiyo.co.jp/
www_tsunagujapan_com	https://www.tsunagujapan.com/
www_ukiha_film_jp	https://www.ukiha-film.jp/
www_underworks_co_jp	https://www.underworks.co.jp/
www_visional_inc	https://www.visional.inc/
www_vivid_creations_biz	https://www.vivid-creations.biz/
www_wingarc_com	https://www.wingarc.com/
www_yamabun_g_com	https://www.yamabun-g.com/
www_yamatointr_co_jp	https://www.yamatointr.co.jp/
www_yokohamalitera_com	https://www.yokohamalitera.com/
www_yukilon_co_jp	https://www.yukilon.co.jp/
www_yunikavision_jp	https://www.yunikavision.jp/
www_yunohama_hotel_com	https://www.yunohama-hotel.com/
www_zengyoren_or_jp	https://www.zengyoren.or.jp/
wwwave_jp	https://wwwave.jp/
yahoo_award_sendenkaigi_com	https://yahoo-award.sendenkaigi.com/
yui_wedding_jp	https://yui-wedding.jp/
zoffrock_com	https://zoffrock.com/
01_primenumber_co_jp	https://01.primenumber.co.jp/
03entertainment_com	https://03entertainment.com/
1000_care	https://1000.care/
100banch_com	https://100banch.com/
100daysofpoetry_gallery	https://100daysofpoetry.gallery/
1010hiroba_com	https://1010hiroba.com/
10per_komatsu_com	https://10per-komatsu.com/
10th_fate_go_jp	https://10th.fate-go.jp/
10th_ycam_jp	https://10th.ycam.jp/
10x_co_jp	https://10x.co.jp/
118_151_165_140	https://118.151.165.140/
132base_jp	https://132base.jp/
16by9_net	https://16by9.net/
16soap_jp	https://16soap.jp/
1982st_net	https://1982st.net/
1pac_jp	https://1pac.jp/
1x1_systems	https://1x1.systems/
2_5_d_jp	https://2-5-d.jp/
2_niji_com	https://2-niji.com/
2012summits_org	https://2012summits.org/
2015_xoxofest_com	https://2015.xoxofest.com/
2016_cssconf_com	https://2016.cssconf.com/
2018_innsbruckinternational_com	https://2018.innsbruckinternational.com/
2024_qlip_co_jp	https://2024.qlip.co.jp/
2025_muturelism_conf_jp	https://2025.muturelism-conf.jp/
2025_qlip_co_jp	https://2025.qlip.co.jp/
2026_qlip_co_jp	https://2026.qlip.co.jp/
20rpm_sweetrice_com	https://20rpm.sweetrice.com/
20th_bitbeans_com	https://20th.bitbeans.com/
23frozenbaum_com	https://23frozenbaum.com/
24_sekki_com	https://24-sekki.com/
2525shika_com	https://2525shika.com/
25churchillplace_com	https://25churchillplace.com/
2h_sa_nu_com	https://2h.sa-nu.com/
2nd_anniv_18trip_jp	https://2nd-anniv.18trip.jp/
2nd_un_box_app	https://2nd.un-box.app/
2tta_com	https://2tta.com/
314je_com	https://314je.com/
35139_tokyo	https://35139.tokyo/
365572_mom	https://365572.mom/
365sunday_jp	https://365sunday.jp/
3d_public_image_org	https://3d.public-image.org/
3dsphere_jp	https://3dsphere.jp/
3hermanos_co_jp	https://3hermanos.co.jp/
4better_jp	https://4better.jp/
4cs_ad_co_jp	https://4cs-ad.co.jp/
4dd_jp	https://4dd.jp/
4ss_jp	https://4ss.jp/
5_fifth_com	https://5-fifth.com/
5586_jp	https://5586.jp/
5th_trailheads_jp	https://5th.trailheads.jp/
60th_kyoto_su_com	https://60th-kyoto-su.com/
6curry_com	https://6curry.com/
749_jp	https://749.jp/
7colors_kids_com	https://7colors-kids.com/
7days_sunday_jp	https://7days-sunday.jp/
820e_co_jp	https://820e.co.jp/
88and90lex_com	https://88and90lex.com/
8be_co_jp	https://8be.co.jp/
8card_net	https://8card.net/
a_dot_co_jp	https://a-dot.co.jp/
a24auctions_com	https://a24auctions.com/
a4a_jp	https://a4a.jp/
aa_design_lab_com	https://aa-design-lab.com/
aandh_jp	https://aandh.jp/
aarkcollective_com	https://aarkcollective.com/
abbotsfordconvent_com_au	https://abbotsfordconvent.com.au/
abi_inc_co_jp	https://abi-inc.co.jp/
ableartcom_jp	https://ableartcom.jp/
about_instagram_com	https://about.instagram.com/
about_mercoin_com	https://about.mercoin.com/
about_pococha_com	https://about.pococha.com/
about_tsuzuku_tokyo	https://about.tsuzuku.tokyo/
accord_dk	https://accord.dk/
ace_law_or_jp	https://ace-law.or.jp/
acme_world_com	https://acme-world.com/
aco_tokyo_com	https://aco-tokyo.com/
actbe_co_jp	https://actbe.co.jp/
action500_com	https://action500.com/
acumo49_com	https://acumo49.com/
adacotech_co_jp	https://adacotech.co.jp/
adametrope_shop_jp	https://adametrope-shop.jp/
adaptation_platform_nies_go_jp	https://adaptation-platform.nies.go.jp/
adcade_com	https://adcade.com/
addrec_co_jp	https://addrec.co.jp/
adidas_jp	https://adidas.jp/
adk_sbs_jp	https://adk-sbs.jp/
admission_nebuta_ac_jp	https://admission.nebuta.ac.jp/
admore_w3_kanazawa_u_ac_jp	https://admore.w3.kanazawa-u.ac.jp/
adrienlaurent_fr	https://adrienlaurent.fr/
advenedesign_com	https://advenedesign.com/
advisage_pl	https://advisage.pl/
aebeleinteriors_com	https://aebeleinteriors.com/
aerosensing_com	https://aerosensing.com/
aethra_xyz	https://aethra.xyz/
aexbespoke_com	https://aexbespoke.com/
affranchir_com	https://affranchir.com/
aforsay_org	https://aforsay.org/
afro_fukuoka_net	https://afro-fukuoka.net/
afuribrewing_com	https://afuribrewing.com/
ag_impact_co_uk	https://ag-impact.co.uk/
agatajapan_com	https://agatajapan.com/
age_d_com	https://age-d.com/
ageha_recruit_tv	https://ageha-recruit.tv/
agence_belle_epoque_fr	https://agence-belle-epoque.fr/
agency_futurelondonacademy_co_uk	https://agency.futurelondonacademy.co.uk/
aginggracefully_asahi_com	https://aginggracefully.asahi.com/
agneslloydplatt_com	https://agneslloydplatt.com/
agreen_tokyo	https://agreen.tokyo/
agrinext_jp	https://agrinext.jp/
agronomywork_shop	https://agronomywork.shop/
ai_hitotsubu_jp	https://ai-hitotsubu.jp/
ai_funtech_inc	https://ai.funtech.inc/
aibo_sony_jp	https://aibo.sony.jp/
aicc_tokyo	https://aicc.tokyo/
aihara_dental_jp	https://aihara-dental.jp/
aikouiin_com	https://aikouiin.com/
ainogakuen_ed_jp	https://ainogakuen.ed.jp/
ainosawara_com	https://ainosawara.com/
airnauts_com	https://airnauts.com/
aitosauna_jp	https://aitosauna.jp/
aiweb_s5_style_com	https://aiweb.s5-style.com/
aizuma_vet_com	https://aizuma-vet.com/
akahai_salon_com	https://akahai-salon.com/
akasaka_akechi_com	https://akasaka-akechi.com/
akasho_sangyo_com	https://akasho-sangyo.com/
akiuwine_jp	https://akiuwine.jp/
akkinya_jp	https://akkinya.jp/
akrikks_com	https://akrikks.com/
aktsk_jp	https://aktsk.jp/
aku_co	https://aku.co/
alain_house_com	https://alain-house.com/
albatross_web_com	https://albatross-web.com/
albion_co_jp	https://albion.co.jp/
alcongroup_ru	https://alcongroup.ru/
alef_estate_com	https://alef-estate.com/
alfacharlie_co	https://alfacharlie.co/
alice_welfare_jp	https://alice-welfare.jp/
alife_mag_jp	https://alife-mag.jp/
align_cdo_com	https://align-cdo.com/
aligne_co	https://aligne.co/
alinco_co_jp	https://alinco.co.jp/
alivio_rent_jp	https://alivio-rent.jp/
all_jp	https://all.jp/
alleeomotesando_jp	https://alleeomotesando.jp/
alleru_com	https://alleru.com/
allwin2002_com	https://allwin2002.com/
aloop_clinic	https://aloop.clinic/
alphatango_com	https://alphatango.com/
altsdigital_com	https://altsdigital.com/
alyne_jp	https://alyne.jp/
am_tokyo_jp	https://am-tokyo.jp/
amami_sevenpark_jp	https://amami.sevenpark.jp/
aman_u_jp	https://aman-u.jp/
amana_jp	https://amana.jp/
amanohospital_jp	https://amanohospital.jp/
ambiance_green	https://ambiance.green/
ambientweaving_lab_zozo_jp	https://ambientweaving.lab.zozo.jp/
amble_shop_com	https://amble-shop.com/
amehiyo_com	https://amehiyo.com/
amiken_tango_com	https://amiken-tango.com/
amix_design_com	https://amix-design.com/
amizunosu_com	https://amizunosu.com/
amoriz_com	https://amoriz.com/
amp_el_jp	https://amp-el.jp/
amp_music_net	https://amp-music.net/
ampersand_co_jp	https://ampersand.co.jp/
ampontant_com	https://ampontant.com/
amuletpearl_jp	https://amuletpearl.jp/
and_art_jp	https://and-art.jp/
and_collection_com	https://and-collection.com/
and_ima_jp	https://and-ima.jp/
and_label_tokyo	https://and-label.tokyo/
and_studio_com	https://and-studio.com/
andhabit_com	https://andhabit.com/
andmarq_com	https://andmarq.com/
andon_shop	https://andon.shop/
andstudio_lt	https://andstudio.lt/
andthefriet_com	https://andthefriet.com/
anesis_co_jp	https://anesis.co.jp/
animaldoctor_jp	https://animaldoctor.jp/
annapurna_pictures	https://annapurna.pictures/
anniv_hacomono_jp	https://anniv.hacomono.jp/
annoncha_sakura_ne_jp	https://annoncha.sakura.ne.jp/
anothersky_ntv_com	https://anothersky-ntv.com/
ans_skin_com	https://ans-skin.com/
answr_jp	https://answr.jp/
antara_studio	https://antara.studio/
antenna7_com	https://antenna7.com/
antiqulothes_com	https://antiqulothes.com/
antoinecorbineau_com	https://antoinecorbineau.com/
anzendaiichi_jp	https://anzendaiichi.jp/
aoao_sapporo_blue	https://aoao-sapporo.blue/
aoba_ligare_com	https://aoba-ligare.com/
aoeyewear_jp	https://aoeyewear.jp/
aoi_forum_jp	https://aoi-forum.jp/
aoido_jp	https://aoido.jp/
aoirodesign_jp	https://aoirodesign.jp/
aoiumito_jp	https://aoiumito.jp/
aorino_jp	https://aorino.jp/
aorino_smamoba_jp	https://aorino.smamoba.jp/
aoyama_music_foundation_or_jp	https://aoyama-music-foundation.or.jp/
apop_jp	https://apop.jp/
applebase_org	https://applebase.org/
arai_nouen_net	https://arai-nouen.net/
arataunyu_co_jp	https://arataunyu.co.jp/
arayo_co_jp	https://arayo.co.jp/
archiscape_lixil_co_jp	https://archiscape.lixil.co.jp/
architekton_villa_jp	https://architekton-villa.jp/
arcimboldo2017_jp	https://arcimboldo2017.jp/
arcr_ru	https://arcr.ru/
ardenreed_com	https://ardenreed.com/
ardesign_ne_jp	https://ardesign.ne.jp/
areaia_jp	https://areaia.jp/
arfit_net	https://arfit.net/
arjuna_ne_jp	https://arjuna.ne.jp/
arkreis_jp	https://arkreis.jp/
arozjewelry_com	https://arozjewelry.com/
arrival_com	https://arrival.com/
art_asada_jp	https://art-asada.jp/
art_to_live_net	https://art-to-live.net/
art_andspace_net	https://art.andspace.net/
arte_industry_co_jp	https://arte-industry.co.jp/
artlarge_jp	https://artlarge.jp/
artovilla_jp	https://artovilla.jp/
arts_science_com	https://arts-science.com/
artscouncil_niigata_jp	https://artscouncil-niigata.jp/
artstowadaoirase_jp	https://artstowadaoirase.jp/
arubekiyou_com	https://arubekiyou.com/
arv_design_jp	https://arv-design.jp/
as_ouiwill_com	https://as.ouiwill.com/
as_timegoes_by	https://as.timegoes.by/
asadaigaku_jp	https://asadaigaku.jp/
asahicity_kanko_jp	https://asahicity-kanko.jp/
asahina_dental	https://asahina.dental/
asakusa_kokono_com	https://asakusa-kokono.com/
asana_com	https://asana.com/
asanofarm_jp	https://asanofarm.jp/
ascc_bornfight_com	https://ascc.bornfight.com/
ascon_systems_de	https://ascon-systems.de/
ash_com	https://ash.com/
ashimfactory_com	https://ashimfactory.com/
ashita_shinano_omachi_jp	https://ashita-shinano-omachi.jp/
asitis_knit_com	https://asitis-knit.com/
asj_tyo_co_jp	https://asj.tyo.co.jp/
ask7_jp	https://ask7.jp/
asmo_e_co_jp	https://asmo-e.co.jp/
asmobius_co_jp	https://asmobius.co.jp/
assek_com	https://assek.com/
assign_navi_jp	https://assign-navi.jp/
asteriscocreativeagency_com	https://asteriscocreativeagency.com/
asti_hair_jp	https://asti-hair.jp/
astomosgroup_logistics_recruit_jp	https://astomosgroup-logistics-recruit.jp/
astoncm_com	https://astoncm.com/
asukakayaba_com	https://asukakayaba.com/
asukamura_com	https://asukamura.com/
asunaro_corp_com	https://asunaro-corp.com/
at_q_com	https://at-q.com/
atami_fujihoikuen_jp	https://atami-fujihoikuen.jp/
ateaoceanie_com	https://ateaoceanie.com/
atelier_eijitsu_com	https://atelier-eijitsu.com/
atelier_null_com	https://atelier-null.com/
atelierstersi_fr	https://atelierstersi.fr/
athletics_dena_com	https://athletics.dena.com/
atis_design_com	https://atis-design.com/
atlounge_jp	https://atlounge.jp/
atob_jp	https://atob.jp/
atsuma_challenge_ouen_jp	https://atsuma-challenge-ouen.jp/
atsushi_takita_com	https://atsushi-takita.com/
attendbiz_jp	https://attendbiz.jp/
attract_home_jp	https://attract-home.jp/
au_osaka_kddi_com	https://au-osaka.kddi.com/
au_smartlab_jp	https://au-smartlab.jp/
aucfan_co_jp	https://aucfan.co.jp/
autok_co_jp	https://autok.co.jp/
autonail_net	https://autonail.net/
ava_digital_site	https://ava-digital.site/
avergence_co_jp	https://avergence.co.jp/
avex_management_jp	https://avex-management.jp/
awa_sanao_com	https://awa-sanao.com/
award_tecture_jp	https://award.tecture.jp/
awards_smartnews_com	https://awards.smartnews.com/
awrd_com	https://awrd.com/
aww_tokyo	https://aww.tokyo/
axxzia_co_jp	https://axxzia.co.jp/
ayahayakawa_com	https://ayahayakawa.com/
ayakaito_com	https://ayakaito.com/
aylesbury_jp	https://aylesbury.jp/
azcre_jp	https://azcre.jp/
azul_m_com	https://azul-m.com/
azuma_office_jp	https://azuma-office.jp/
azuma_toyokuni_com	https://azuma-toyokuni.com/
b_chirol_com	https://b-chirol.com/
b_o_l_d_jp	https://b-o-l-d.jp/
ba_and_co	https://ba-and.co/
baas_minna_no_ginko_com	https://baas.minna-no-ginko.com/
bababa_jp	https://bababa.jp/
baby_g_jp	https://baby-g.jp/
baby_travel_jp	https://baby-travel.jp/
babyface_stella_jp	https://babyface-stella.jp/
bacardi_rum_jp	https://bacardi-rum.jp/
bad_boys_vercel_app	https://bad-boys.vercel.app/
bake_jp_com	https://bake-jp.com/
bakery_lawson_jp	https://bakery.lawson.jp/
baki_30th_com	https://baki-30th.com/
bakuraku_jp	https://bakuraku.jp/
balance_gym_jp	https://balance-gym.jp/
balloon_yoshidachou_com	https://balloon-yoshidachou.com/
ban_design_studio_com	https://ban-design-studio.com/
ban_seikotsuin_com	https://ban-seikotsuin.com/
bananawani_jp	https://bananawani.jp/
bandit_co_jp	https://bandit.co.jp/
bannet_co_jp	https://bannet.co.jp/
baraio_jp	https://baraio.jp/
barrelhouseflat_com	https://barrelhouseflat.com/
basement_studio	https://basement.studio/
bateau_jp	https://bateau.jp/
batou_jp	https://batou.jp/
bau_s_jp	https://bau-s.jp/
bauhausclock_com	https://bauhausclock.com/
baybirds_okame_com	https://baybirds-okame.com/
baycourtclub_jp	https://baycourtclub.jp/
bbtonline_jp	https://bbtonline.jp/
be_at_tokyo_com	https://be-at-tokyo.com/
be_me_me	https://be-me.me/
beachclub_hotel_sandalwood_com	https://beachclub.hotel-sandalwood.com/
beartail_jp	https://beartail.jp/
beatless_jp	https://beatless.jp/
beatsbydre_com	https://beatsbydre.com/
becky36_com	https://becky36.com/
becolourful_co_uk	https://becolourful.co.uk/
beizm_com	https://beizm.com/
belay_paint_jp	https://belay-paint.jp/
belleidee_jp	https://belleidee.jp/
bellerose_com	https://bellerose.com/
benchmark_inc_co_jp	https://benchmark-inc.co.jp/
benesse_artsite_jp	https://benesse-artsite.jp/
benjamincreative_me	https://benjamincreative.me/
benvenusa_com	https://benvenusa.com/
beppu_tourism_com	https://beppu-tourism.com/
beta_umamu_jp	https://beta.umamu.jp/
bettei_co_jp	https://bettei.co.jp/
betulan_hokkaido_com	https://betulan-hokkaido.com/
beurreandsel_com	https://beurreandsel.com/
bewegen_com	https://bewegen.com/
beyond_cafe_com	https://beyond-cafe.com/
beyondtellerrand_com	https://beyondtellerrand.com/
bhb_co_jp	https://bhb.co.jp/
bibibi_photocreative_jp	https://bibibi-photocreative.jp/
bigbeach_fes_com	https://bigbeach-fes.com/
bihaku_club_jp	https://bihaku-club.jp/
bihua_fr	https://bihua.fr/
bio_danone_co_jp	https://bio.danone.co.jp/
biohotels_jp	https://biohotels.jp/
birdybabies_jp	https://birdybabies.jp/
birthday_fukuoka2010_com	https://birthday-fukuoka2010.com/
bishonen_jp	https://bishonen.jp/
bitcoinbank_co_jp	https://bitcoinbank.co.jp/
bitstar_jp	https://bitstar.jp/
bizportal_tokyo_jp	https://bizportal.tokyo.jp/
biztel_jp	https://biztel.jp/
bkmkstudio_com	https://bkmkstudio.com/
blackbirdbooks_jp	https://blackbirdbooks.jp/
blanctag_com	https://blanctag.com/
blkswn_tokyo	https://blkswn.tokyo/
blocklevel_nl	https://blocklevel.nl/
blocks_karte_io	https://blocks.karte.io/
blockstudio_tw	https://blockstudio.tw/
blocparty_com	https://blocparty.com/
blog_adobe_com	https://blog.adobe.com/
blog_presnt_jp	https://blog.presnt.jp/
blog_topeng_co_jp	https://blog.topeng.co.jp/
blog_trymore_inc_jp	https://blog.trymore-inc.jp/
blog_worldending_jp	https://blog.worldending.jp/
blokwatches_com	https://blokwatches.com/
bluba_jp	https://bluba.jp/
blue_protocol_com	https://blue-protocol.com/
blue_puddle_com	https://blue-puddle.com/
bluebank_app	https://bluebank.app/
bluem_okhotsk_com	https://bluem-okhotsk.com/
bluenotejapan_jp	https://bluenotejapan.jp/
bluepearl_jp	https://bluepearl.jp/
blueribbonfriedchicken_com	https://blueribbonfriedchicken.com/
bluesquare_echizen_com	https://bluesquare-echizen.com/
bluestorm_jp	https://bluestorm.jp/
blumenkopf_spatzek_studio	https://blumenkopf.spatzek.studio/
bm_s5_style_com	https://bm.s5-style.com/
bodydirector_com	https://bodydirector.com/
bokukoto_com	https://bokukoto.com/
bondar_design_com	https://bondar-design.com/
boneless_dance_school_jp	https://boneless-dance-school.jp/
bonjour_japon_com	https://bonjour-japon.com/
bono_digital_webflow_io	https://bono-digital.webflow.io/
bonx_co_jp	https://bonx.co.jp/
book_and_hair_com	https://book-and-hair.com/
book_plan_b_co_jp	https://book.plan-b.co.jp/
book246_com	https://book246.com/
bookandbeer_com	https://bookandbeer.com/
booneselections_com	https://booneselections.com/
borders_jp	https://borders.jp/
botanicalesthe_jp	https://botanicalesthe.jp/
botchan_chat	https://botchan.chat/
botchan_tokyo	https://botchan.tokyo/
bouguessa_com	https://bouguessa.com/
boundbaw_com	https://boundbaw.com/
boutiquedesvins_com	https://boutiquedesvins.com/
bowcha_com	https://bowcha.com/
bowls_cafe_jp	https://bowls-cafe.jp/
bowwow_mgmt_com	https://bowwow-mgmt.com/
boysbemaid_jp	https://boysbemaid.jp/
bp_recruit_jp	https://bp-recruit.jp/
brain_drool_jp	https://brain-drool.jp/
brainboxai_com	https://brainboxai.com/
brand_denso_com	https://brand.denso.com/
brand_ivress_co_jp	https://brand.ivress.co.jp/
brand_perfect_s_com	https://brand.perfect-s.com/
brand_sakata_kasuri_jp	https://brand.sakata-kasuri.jp/
brand_uber_com	https://brand.uber.com/
brand_yslb_jp	https://brand.yslb.jp/
branding_career_co_jp	https://branding-career.co.jp/
brandonknasterjewelry_com	https://brandonknasterjewelry.com/
branu_jp	https://branu.jp/
bre_men_jp	https://bre-men.jp/
brunswicker_dk	https://brunswicker.dk/
btcnews_jp	https://btcnews.jp/
bucketlist_austria_info	https://bucketlist.austria.info/
buko_onsen_co_jp	https://buko-onsen.co.jp/
bulan_co	https://bulan.co/
bulan_tokyo	https://bulan.tokyo/
bumi_tax_com	https://bumi-tax.com/
bundan_net	https://bundan.net/
bunkafp_2025_studio_site	https://bunkafp-2025.studio.site/
bunkitsu_jp	https://bunkitsu.jp/
bunko_shueisha_co_jp	https://bunko.shueisha.co.jp/
bunshitsu_shizuoka_artmake_com	https://bunshitsu-shizuoka-artmake.com/
buritsu_com	https://buritsu.com/
burn_the_witch_anime_com	https://burn-the-witch-anime.com/
business_ctc_jp	https://business.ctc.jp/
busk_co_jp	https://busk.co.jp/
butternoitoko_com	https://butternoitoko.com/
buttersand_com	https://buttersand.com/
buyo_jp	https://buyo.jp/
byaku_site	https://byaku.site/
byd_co_jp	https://byd.co.jp/
bynikistudio_com	https://bynikistudio.com/
c_cocacola_co_jp	https://c.cocacola.co.jp/
c1000_jp	https://c1000.jp/
cableisdesign_com	https://cableisdesign.com/
cafe_warehouseofart_org	https://cafe.warehouseofart.org/
cafe_willer_co_jp	https://cafe.willer.co.jp/
cafuu_shokudou_com	https://cafuu-shokudou.com/
cagvancouver_org	https://cagvancouver.org/
cahier_design	https://cahier.design/
calea_jp	https://calea.jp/
calie_jp	https://calie.jp/
cam_com_inc	https://cam-com.inc/
camoscollective_com	https://camoscollective.com/
camp_muji_com	https://camp.muji.com/
camplus_camp	https://camplus.camp/
canal_ink	https://canal.ink/
canalize_net	https://canalize.net/
canalsandwindmills_com	https://canalsandwindmills.com/
canlis_com	https://canlis.com/
canpak_jp	https://canpak.jp/
canvas_ws	https://canvas.ws/
canvascreative_co	https://canvascreative.co/
canwe_jp	https://canwe.jp/
capital_recruit_jp	https://capital-recruit.jp/
capitolcouture_pn	https://capitolcouture.pn/
capsulechord_wararyo_com	https://capsulechord.wararyo.com/
captain_earth_net	https://captain-earth.net/
caravan_serai_net	https://caravan-serai.net/
carbonneutral_palette_com	https://carbonneutral-palette.com/
career_a_i_o_i_com	https://career.a-i-o-i.com/
career_cbit_co_jp	https://career.cbit.co.jp/
career_itochu_co_jp	https://career.itochu.co.jp/
career_lycomm_co_jp	https://career.lycomm.co.jp/
career_m3career_com	https://career.m3career.com/
career_teradata_jp	https://career.teradata.jp/
careerconnection_jp	https://careerconnection.jp/
careers_ecbeing_tech	https://careers.ecbeing.tech/
careers_goodpatch_com	https://careers.goodpatch.com/
careers_muji_com	https://careers.muji.com/
careers_super_studio_jp	https://careers.super-studio.jp/
careers_welmo_co_jp	https://careers.welmo.co.jp/
carlphilippebrenner_com	https://carlphilippebrenner.com/
carrac_co_jp	https://carrac.co.jp/
casa_inc_co_jp	https://casa-inc.co.jp/
casa_recruit_jp	https://casa-recruit.jp/
cbdc_co_jp	https://cbdc.co.jp/
cbit_startup_jp	https://cbit-startup.jp/
cca_cloud_com	https://cca-cloud.com/
cccmh_co_jp	https://cccmh.co.jp/
ccm_stylestore_allabout_co_jp	https://ccm.stylestore.allabout.co.jp/
ccymgt_jp	https://ccymgt.jp/
center_land	https://center.land/
central_eng_co_jp	https://central-eng.co.jp/
centurion_magazine_com	https://centurion-magazine.com/
ceremonyhall_shion_com	https://ceremonyhall-shion.com/
cfs_group	https://cfs.group/
cgplondon_org	https://cgplondon.org/
ch_konan_u_ac_jp	https://ch.konan-u.ac.jp/
chacha_or_jp	https://chacha.or.jp/
chackathon_com	https://chackathon.com/
chaho_kokage_com	https://chaho-kokage.com/
chai_band_com	https://chai-band.com/
chaiapoth_com	https://chaiapoth.com/
chaikenclothing_com	https://chaikenclothing.com/
championstore_jp	https://championstore.jp/
chan_nel_jp	https://chan-nel.jp/
chance_maker_jp	https://chance-maker.jp/
change_agent_shinagawajoshigakuin_jp	https://change-agent.shinagawajoshigakuin.jp/
charisma_house_com	https://charisma-house.com/
charliesbed_com	https://charliesbed.com/
chartartfair_com	https://chartartfair.com/
chayamadai_com	https://chayamadai.com/
cheecolo_com	https://cheecolo.com/
cheer_osaka_shoin_ac_jp	https://cheer.osaka-shoin.ac.jp/
cheers_makeup	https://cheers.makeup/
chelpipe_ru	https://chelpipe.ru/
chiba_dojo_jp	https://chiba-dojo.jp/
chihuahua_wankonowa_com	https://chihuahua.wankonowa.com/
chikaraishi_kako_co_jp	https://chikaraishi-kako.co.jp/
chilmilhouse_jp	https://chilmilhouse.jp/
chiran_omoiire_com	https://chiran-omoiire.com/
chocolaphil_com	https://chocolaphil.com/
chocolatebank_jp	https://chocolatebank.jp/
chonaikaizen_com	https://chonaikaizen.com/
choregate_com	https://choregate.com/
chousyokufes_com	https://chousyokufes.com/
chouyou_kikumori_co_jp	https://chouyou.kikumori.co.jp/
christelwinther_dk	https://christelwinther.dk/
christophe_robin_com	https://christophe-robin.com/
christopherdoyle_co	https://christopherdoyle.co/
chuodai_kindergarten_jp	https://chuodai-kindergarten.jp/
ciara_eyebeauty_com	https://ciara-eyebeauty.com/
cineca_si	https://cineca.si/
circulardesign_nike_com	https://circulardesign.nike.com/
circus_agent_jp	https://circus-agent.jp/
circus_co_com	https://circus-co.com/
citylabtokyo_jp	https://citylabtokyo.jp/
civic_beer	https://civic.beer/
clampy_co_jp	https://clampy.co.jp/
claskahouse_jp	https://claskahouse.jp/
claskashop_com	https://claskashop.com/
classia_biz	https://classia.biz/
clay_global	https://clay.global/
claygarden_jp	https://claygarden.jp/
cleaningsenka_jp	https://cleaningsenka.jp/
cleanwith_plus	https://cleanwith.plus/
clecom_jp	https://clecom.jp/
clickbrick_info	https://clickbrick.info/
clingr_me	https://clingr.me/
clothwords_co_jp	https://clothwords.co.jp/
cloversky_net	https://cloversky.net/
club_pentagon_studio_site	https://club-pentagon.studio.site/
cn_hideki_jp	https://cn-hideki.jp/
cntr_jp	https://cntr.jp/
co_hellolife_jp	https://co.hellolife.jp/
cobaco_shop	https://cobaco.shop/
cobebe_jp	https://cobebe.jp/
cocacola_jp	https://cocacola.jp/
cockdoodoodoo_studio_site	https://cockdoodoodoo.studio.site/
coco_gourmet_com	https://coco-gourmet.com/
cocolo_jp	https://cocolo.jp/
cocolococo_jp	https://cocolococo.jp/
coconala_co_jp	https://coconala.co.jp/
cocoonstudio_ph	https://cocoonstudio.ph/
cocoshuku_com	https://cocoshuku.com/
cocui_jp	https://cocui.jp/
codastory_com	https://codastory.com/
codateru_com	https://codateru.com/
codomogocoro_com	https://codomogocoro.com/
coedas_com	https://coedas.com/
coetoiro_jp	https://coetoiro.jp/
coffee_ajca_or_jp	https://coffee.ajca.or.jp/
college_otemae_ac_jp	https://college.otemae.ac.jp/
color_again_com	https://color-again.com/
color_bath_jp	https://color-bath.jp/
color_lycomm_co_jp	https://color.lycomm.co.jp/
colors_combinations_obys_agency	https://colors.combinations.obys.agency/
columbia_am_jp	https://columbia-am.jp/
comeswa_jp	https://comeswa.jp/
comete_design	https://comete.design/
comlier_jp	https://comlier.jp/
commons_shop_karimoku_com	https://commons-shop.karimoku.com/
communitio_jp	https://communitio.jp/
company_crocs_co_jp	https://company.crocs.co.jp/
company_finc_com	https://company.finc.com/
company_golfdigest_co_jp	https://company.golfdigest.co.jp/
companycoc_com	https://companycoc.com/
compliments_dk	https://compliments.dk/
con_trast_jp	https://con-trast.jp/
concept_lab_co_jp	https://concept-lab.co.jp/
condenast_jp	https://condenast.jp/
condense_c_com	https://condense-c.com/
condense_jp	https://condense.jp/
coneri_jp	https://coneri.jp/
config_figma_com	https://config.figma.com/
conlad_co_jp	https://conlad.co.jp/
connect_bench_com	https://connect-bench.com/
conscious_cestec_jp	https://conscious.cestec.jp/
consulsearch_com	https://consulsearch.com/
content_iken_ac_jp	https://content.iken.ac.jp/
contents_one_co_jp	https://contents-one.co.jp/
contents_netbk_co_jp	https://contents.netbk.co.jp/
contract_district_com	https://contract-district.com/
contrast_tokyo_com	https://contrast-tokyo.com/
control_chipsa_ru	https://control.chipsa.ru/
copen_jp	https://copen.jp/
copilot_jp	https://copilot.jp/
coralie_castot_fr	https://coralie-castot.fr/
corleonis_net	https://corleonis.net/
corneadesign_com	https://corneadesign.com/
corona_extra_jp	https://corona-extra.jp/
corona_de	https://corona.de/
corotaka_jp	https://corotaka.jp/
corp_alphadrive_co_jp	https://corp.alphadrive.co.jp/
corp_asics_com	https://corp.asics.com/
corp_canary_app_jp	https://corp.canary-app.jp/
corp_chatwork_com	https://corp.chatwork.com/
corp_earth_jp	https://corp.earth.jp/
corp_fabric_tokyo_com	https://corp.fabric-tokyo.com/
corp_glad_cube_com	https://corp.glad-cube.com/
corp_kaminashi_jp	https://corp.kaminashi.jp/
corp_lamm_tokyo	https://corp.lamm.tokyo/
corp_liveboard_co_jp	https://corp.liveboard.co.jp/
corp_menu_jp	https://corp.menu.jp/
corp_moneyforward_com	https://corp.moneyforward.com/
corp_nippon_dept_jp	https://corp.nippon-dept.jp/
corp_pca_jp	https://corp.pca.jp/
corp_rakuten_co_jp	https://corp.rakuten.co.jp/
corp_timee_co_jp	https://corp.timee.co.jp/
corp_yamaden_com	https://corp.yamaden.com/
cosei_kyokai_jp	https://cosei-kyokai.jp/
cosier_co	https://cosier.co/
cosmeet_jp	https://cosmeet.jp/
cosmion_jp	https://cosmion.jp/
cosmo_chouzai_jp	https://cosmo-chouzai.jp/
cotypefoundry_com	https://cotypefoundry.com/
coward_challenge_co_jp	https://coward-challenge.co.jp/
cowcamo_jp	https://cowcamo.jp/
cp_medeco_io	https://cp.medeco.io/
cp_mistore_jp	https://cp.mistore.jp/
cp_okinawastory_jp	https://cp.okinawastory.jp/
craftsmanpark_com	https://craftsmanpark.com/
crater_co_jp	https://crater.co.jp/
crazydays_jp	https://crazydays.jp/
crazypizza_life_shop	https://crazypizza-life.shop/
crea_brand_jp	https://crea-brand.jp/
creandum_com	https://creandum.com/
creative_class_site	https://creative-class.site/
creative_junction_city_shibuya_tokyo_jp	https://creative-junction.city.shibuya.tokyo.jp/
creative_nights_com	https://creative-nights.com/
creative_depoc_jp	https://creative.depoc.jp/
creativesession_jp	https://creativesession.jp/
creativesurvey_jp	https://creativesurvey.jp/
creativity_class_xyz	https://creativity-class.xyz/
creator_hive_world_com	https://creator.hive-world.com/
creatorsbank_com	https://creatorsbank.com/
creit_co_jp	https://creit.co.jp/
croover_co_jp	https://croover.co.jp/
crossborderleadership_org	https://crossborderleadership.org/
crossing_field_co_jp	https://crossing-field.co.jp/
csb_p_com	https://csb-p.com/
csr_ctc_co_jp	https://csr.ctc.co.jp/
cube_nl	https://cube.nl/
cubic_hd_co_jp	https://cubic-hd.co.jp/
culas_plus_jp	https://culas-plus.jp/
cure_vas_jp	https://cure-vas.jp/
custo_io	https://custo.io/
cxclip_karte_io	https://cxclip.karte.io/
cycle_me	https://cycle.me/
cylndr_co_kr	https://cylndr.co.kr/
cysa_or_jp	https://cysa.or.jp/
d_kyowam_com	https://d-kyowam.com/
d_lounge_jp	https://d-lounge.jp/
d_obana_com	https://d-obana.com/
dab_co_jp	https://dab.co.jp/
daiei_ironworks_co_jp	https://daiei-ironworks.co.jp/
daily_redbullmusicacademy_com	https://daily.redbullmusicacademy.com/
daishou_group_jp	https://daishou-group.jp/
daisukeyamamoto_com	https://daisukeyamamoto.com/
daizenji_school_com	https://daizenji-school.com/
daizu_eiyo_jp	https://daizu-eiyo.jp/
dan_sumai_com	https://dan-sumai.com/
danielladraper_com	https://danielladraper.com/
daoustlestage_com	https://daoustlestage.com/
darenopanya_com	https://darenopanya.com/
dashdigital_studio	https://dashdigital.studio/
data4cs_co_jp	https://data4cs.co.jp/
davideperozzi_com	https://davideperozzi.com/
dawn_ent_jp	https://dawn-ent.jp/
daylily_com_tw	https://daylily.com.tw/
ddd_fukuoka_jp	https://ddd-fukuoka.jp/
ddv192_jp	https://ddv192.jp/
deadlyponies_com	https://deadlyponies.com/
deafpigeon_co_uk	https://deafpigeon.co.uk/
dearmayuko_co_jp	https://dearmayuko.co.jp/
debroc_ac_uk	https://debroc.ac.uk/
debut_gakuen_com	https://debut-gakuen.com/
deccs_co_jp	https://deccs.co.jp/
deep2031_com	https://deep2031.com/
deg_concentinc_jp	https://deg.concentinc.jp/
degenesis_com	https://degenesis.com/
dekiroute_com	https://dekiroute.com/
delancy_jp	https://delancy.jp/
deli_planet_com	https://deli-planet.com/
delight_cookmart_com	https://delight-cookmart.com/
delzmarl_com	https://delzmarl.com/
demono_co_jp	https://demono.co.jp/
demophorius_com	https://demophorius.com/
dendesign_jp	https://dendesign.jp/
denimtears_com	https://denimtears.com/
denko_panasonic_biz	https://denko.panasonic.biz/
denonbu_jp	https://denonbu.jp/
denonken_com	https://denonken.com/
denshiro_jp	https://denshiro.jp/
densia_danone_co_jp	https://densia.danone.co.jp/
dentetsu_hankyu_co_jp	https://dentetsu.hankyu.co.jp/
dentsu_ho_com	https://dentsu-ho.com/
dentsu_zero_jp	https://dentsu-zero.jp/
dentsutanteki_com	https://dentsutanteki.com/
dep_mg_net	https://dep-mg.net/
departuremono_com	https://departuremono.com/
dept_drxlr_com	https://dept.drxlr.com/
descente_jp	https://descente.jp/
design_harness_com	https://design-harness.com/
design_recruit_com	https://design-recruit.com/
design_hmk84_com	https://design.hmk84.com/
design_lifull_com	https://design.lifull.com/
design_mercari_com	https://design.mercari.com/
designbeyondbarriers_com	https://designbeyondbarriers.com/
designcanada_com	https://designcanada.com/
designcommittee_jp	https://designcommittee.jp/
designconference_aiga_org	https://designconference.aiga.org/
designedbytechnology_com	https://designedbytechnology.com/
designfesta_com	https://designfesta.com/
designmentor_pro_com	https://designmentor-pro.com/
desse_osaka	https://desse.osaka/
devart_withgoogle_com	https://devart.withgoogle.com/
devdev_jp	https://devdev.jp/
devilocknightfinal_com	https://devilocknightfinal.com/
dexar_ca	https://dexar.ca/
dff_mitsugutakahashi_com	https://dff.mitsugutakahashi.com/
dhnn_com	https://dhnn.com/
diana_ism_jp	https://diana-ism.jp/
diffuser_weekend_jp	https://diffuser.weekend.jp/
difott_com	https://difott.com/
dig_dig_jp	https://dig-dig.jp/
digiho_com	https://digiho.com/
digitalisations_com	https://digitalisations.com/
dinos_corp_co_jp	https://dinos-corp.co.jp/
direct_teleshop_jp	https://direct-teleshop.jp/
directions_jp	https://directions.jp/
dirunder_bar	https://dirunder.bar/
discover_candiac_ca	https://discover.candiac.ca/
discover_sonystyle_com	https://discover.sonystyle.com/
discoverybuildersllc_com	https://discoverybuildersllc.com/
discoverylandco_com	https://discoverylandco.com/
distillocaffe_com	https://distillocaffe.com/
ditede_co_jp	https://ditede.co.jp/
dmj_japan_co_jp	https://dmj-japan.co.jp/
dnco_com	https://dnco.com/
docomodake_net	https://docomodake.net/
dogokan_bridal_com	https://dogokan-bridal.com/
dogstudio_co	https://dogstudio.co/
dokkyo_rad_jp	https://dokkyo-rad.jp/
dokodemo_app	https://dokodemo.app/
dolive_media	https://dolive.media/
don_barber_gr	https://don-barber.gr/
doogdesign_jp	https://doogdesign.jp/
doop_co_jp	https://doop.co.jp/
dosojin_jp	https://dosojin.jp/
dotbuster_jp	https://dotbuster.jp/
dotd_inc_com	https://dotd-inc.com/
dotdoto_com	https://dotdoto.com/
doto_job_com	https://doto-job.com/
dotonbori_kukuru_com	https://dotonbori-kukuru.com/
dots_geek_com	https://dots-geek.com/
douraku_co_jp	https://douraku.co.jp/
dpc_net_ne_jp	https://dpc-net.ne.jp/
dppi_images_com	https://dppi-images.com/
dragone_com	https://dragone.com/
dramatic_curry_com	https://dramatic-curry.com/
dream_match_jp	https://dream-match.jp/
dress_takami_bridal_com	https://dress.takami-bridal.com/
drifterbags_com_au	https://drifterbags.com.au/
drifters_intl_org	https://drifters-intl.org/
drive_chart_com	https://drive-chart.com/
drive_myself_project_com	https://drive-myself-project.com/
driver_recruit_sanwakoutsu_co_jp	https://driver-recruit.sanwakoutsu.co.jp/
dsa_clinic	https://dsa.clinic/
dschool_stanford_edu	https://dschool.stanford.edu/
dsx_uk	https://dsx.uk/
dual_life_iju_com	https://dual-life-iju.com/
dublin_sciencegallery_com	https://dublin.sciencegallery.com/
duck_kids_com	https://duck-kids.com/
dwi_blackstarlabel_org	https://dwi.blackstarlabel.org/
dx_oro_com	https://dx.oro.com/
e_jdream_co_jp	https://e-jdream.co.jp/
e_money_com	https://e-money.com/
e_vidal_jp	https://e-vidal.jp/
e_right_on_co_jp	https://e.right-on.co.jp/
earthbornpaints_co_uk	https://earthbornpaints.co.uk/
eatipsa_com	https://eatipsa.com/
eatplayworks_com	https://eatplayworks.com/
ebino_ecomuseum_go_jp	https://ebino-ecomuseum.go.jp/
ebitei_bekkan_com	https://ebitei-bekkan.com/
ec_club_panasonic_jp	https://ec-club.panasonic.jp/
ec_sample_shop_pro_jp	https://ec-sample.shop-pro.jp/
ec_only_co_jp	https://ec.only.co.jp/
ec2_52_192_255_125_ap_northeast_1_compute_amazonaws_com	https://ec2-52-192-255-125.ap-northeast-1.compute.amazonaws.com/
ecap_co_nz	https://ecap.co.nz/
ecc_co_nz	https://ecc.co.nz/
eccarchitectural_co_nz	https://eccarchitectural.co.nz/
ecocolo_com	https://ecocolo.com/
ecola_co_jp	https://ecola.co.jp/
ecold_co_jp	https://ecold.co.jp/
ecosend_io	https://ecosend.io/
edgeofart_jp	https://edgeofart.jp/
editions_life_jp	https://editions-life.jp/
editlife_jp	https://editlife.jp/
edmont_metropolitan_jp	https://edmont.metropolitan.jp/
edu_labo_jp	https://edu-labo.jp/
eduward_jp	https://eduward.jp/
egao_kyousei_sapporo_com	https://egao-kyousei-sapporo.com/
egoist_inc_com	https://egoist-inc.com/
ehkasopo_com	https://ehkasopo.com/
ehonhotel_jp	https://ehonhotel.jp/
ehonica_jp	https://ehonica.jp/
eieio_co_jp	https://eieio.co.jp/
eiganokotoba_jp	https://eiganokotoba.jp/
eightdesign_co_jp	https://eightdesign.co.jp/
eightthethalasso_u_jp	https://eightthethalasso-u.jp/
eightthethalasso_jp	https://eightthethalasso.jp/
eigodeasobo_com	https://eigodeasobo.com/
eikaiwa_merise_asia	https://eikaiwa.merise.asia/
eikodo_hd_jp	https://eikodo-hd.jp/
electriclady_xyz	https://electriclady.xyz/
elegg_jp	https://elegg.jp/
elementis_co	https://elementis.co/
elevation_space_com	https://elevation-space.com/
elevenate_com	https://elevenate.com/
elfto_com	https://elfto.com/
eli_talk_com	https://eli-talk.com/
eltes_si_co_jp	https://eltes-si.co.jp/
emiozaki_com	https://emiozaki.com/
emlyonjuniorconseil_com	https://emlyonjuniorconseil.com/
emobile_jp	https://emobile.jp/
employ_mitsuifudosan_hotelmanagement_com	https://employ.mitsuifudosan-hotelmanagement.com/
en_creativeoffice_com	https://en-creativeoffice.com/
en_unitportables_com	https://en.unitportables.com/
encode_info	https://encode.info/
endian_co_jp	https://endian.co.jp/
enechange_co_jp	https://enechange.co.jp/
energy_park_co_uk	https://energy-park.co.uk/
enginzyme_com	https://enginzyme.com/
engokai_or_jp	https://engokai.or.jp/
enid_fm	https://enid.fm/
eniteo_ru	https://eniteo.ru/
enjoint_tax	https://enjoint.tax/
enjoyfireworks_jp	https://enjoyfireworks.jp/
enndaruma_co_jp	https://enndaruma.co.jp/
enone_co_jp	https://enone.co.jp/
enospa_lovers_jp	https://enospa-lovers.jp/
enroute_cc	https://enroute.cc/
ensemble_stars_jp	https://ensemble-stars.jp/
enshin_jp_net	https://enshin.jp.net/
enstol_co_jp	https://enstol.co.jp/
entertainmentstation_jp	https://entertainmentstation.jp/
env_studio	https://env.studio/
eos_firm_co_jp	https://eos-firm.co.jp/
equals_soap_jp	https://equals-soap.jp/
eram_jp	https://eram.jp/
erybox_com	https://erybox.com/
erythrina_okinawa_watabewedding_co_jp	https://erythrina.okinawa-watabewedding.co.jp/
es_cinnamon_cafe	https://es-cinnamon.cafe/
esalon_srl_com	https://esalon-srl.com/
esec_ritsumei_ac_jp	https://esec.ritsumei.ac.jp/
eslamsaid_co	https://eslamsaid.co/
esmodtokyo_com	https://esmodtokyo.com/
estate_ring_co_jp	https://estate-ring.co.jp/
estimate_fito_jp	https://estimate.fito.jp/
estyle_inc_jp	https://estyle-inc.jp/
estyle_co_jp	https://estyle.co.jp/
etudes_studio_com	https://etudes-studio.com/
eureka_life_photo_studio_site	https://eureka-life-photo.studio.site/
eusoutop_com	https://eusoutop.com/
ev_nissan_co_jp	https://ev.nissan.co.jp/
evanpaulautocapital_com	https://evanpaulautocapital.com/
events_mercari_com	https://events.mercari.com/
evering_jp	https://evering.jp/
evernote_com	https://evernote.com/
evm_elektramontreal_ca	https://evm.elektramontreal.ca/
evmos_org	https://evmos.org/
evort_jp	https://evort.jp/
examination_w3_kanazawa_u_ac_jp	https://examination.w3.kanazawa-u.ac.jp/
exclusive_japan_com	https://exclusive-japan.com/
exeo_esm_com	https://exeo-esm.com/
expact_jp	https://expact.jp/
expanse_jp	https://expanse.jp/
explore_calvinklein_com	https://explore.calvinklein.com/
expo2025_hyogo_fieldpavilion_jp	https://expo2025-hyogo-fieldpavilion.jp/
expo2025future_of_life_com	https://expo2025future-of-life.com/
expo2027yokohama_or_jp	https://expo2027yokohama.or.jp/
f_ajisai_hoikuen_jp	https://f-ajisai-hoikuen.jp/
f_fbrain_jp	https://f-fbrain.jp/
f_fukuske_jp	https://f-fukuske.jp/
f_masanobu_jp	https://f-masanobu.jp/
f_photobook_jp	https://f-photobook.jp/
f_zac_com	https://f-zac.com/
fab_fabric_com	https://fab-fabric.com/
fabric_tokyo_com	https://fabric-tokyo.com/
faceformula_com	https://faceformula.com/
factelier_com	https://factelier.com/
factfashion_jp	https://factfashion.jp/
factory_hassyadai_com	https://factory.hassyadai.com/
factory_pixiv_net	https://factory.pixiv.net/
fairway_corp_co_jp	https://fairway-corp.co.jp/
fan_energy_jp	https://fan-energy.jp/
fanstudy_byspotify_com	https://fanstudy.byspotify.com/
fantastic_estate_com	https://fantastic-estate.com/
fanystudio_com	https://fanystudio.com/
fascinate_japan_co_jp	https://fascinate-japan.co.jp/
fashion_enterprise_com	https://fashion-enterprise.com/
fashion_hr_com	https://fashion-hr.com/
fashion_sustainability_report_vestiairecollective_com	https://fashion-sustainability-report.vestiairecollective.com/
fashiontoheart_fanet_jp	https://fashiontoheart.fanet.jp/
fatale_honeyee_com	https://fatale.honeyee.com/
fatfarmer_jp	https://fatfarmer.jp/
favment_jp	https://favment.jp/
favourite_design	https://favourite.design/
fcb_yukyuroman_co_jp	https://fcb-yukyuroman.co.jp/
fe_100banch_com	https://fe.100banch.com/
fearonhay_com	https://fearonhay.com/
fearthegrizzly_com	https://fearthegrizzly.com/
feel_kiyomizudera_or_jp	https://feel.kiyomizudera.or.jp/
feeld_architects_com	https://feeld-architects.com/
feels_one	https://feels.one/
feetindesign_jp	https://feetindesign.jp/
femmeandfierce_nl	https://femmeandfierce.nl/
femyou_jp	https://femyou.jp/
fencing_rhizomatiks_com	https://fencing.rhizomatiks.com/
fervr_net	https://fervr.net/
fessi_dance_com	https://fessi-dance.com/
festival_tokyo_jp	https://festival-tokyo.jp/
festival_co_nz	https://festival.co.nz/
ff_happywinter_jp	https://ff-happywinter.jp/
fhn_co_jp	https://fhn.co.jp/
fiber_google_com	https://fiber.google.com/
fie_good_com	https://fie-good.com/
figarohd_jp	https://figarohd.jp/
finesseatelier_com	https://finesseatelier.com/
firadis_net	https://firadis.net/
fireplace_co_jp	https://fireplace.co.jp/
fishing_shimano_co_jp	https://fishing.shimano.co.jp/
fishletter_mikimoto_com	https://fishletter.mikimoto.com/
fitd_jp	https://fitd.jp/
fito_jp	https://fito.jp/
fitsole_shop	https://fitsole.shop/
five_group_co_jp	https://five-group.co.jp/
flagship_inc	https://flagship.inc/
flecto_io	https://flecto.io/
florence_or_jp	https://florence.or.jp/
florentbiffi_com	https://florentbiffi.com/
florianmonfrini_com	https://florianmonfrini.com/
flow_lifestyle_jp	https://flow-lifestyle.jp/
fluence_co_jp	https://fluence.co.jp/
flux_g_com	https://flux-g.com/
focuslabllc_com	https://focuslabllc.com/
foel_jp	https://foel.jp/
follow_art	https://follow.art/
fondenvoxhall_dk	https://fondenvoxhall.dk/
fooddesignpost_info	https://fooddesignpost.info/
foodison_jp	https://foodison.jp/
foodnia_co_jp	https://foodnia.co.jp/
foodsense_is	https://foodsense.is/
foop_cestec_jp	https://foop.cestec.jp/
footage_nursing_jp	https://footage-nursing.jp/
football_sony_net	https://football.sony.net/
forest_stand_com	https://forest-stand.com/
forest_ojiholdings_co_jp	https://forest.ojiholdings.co.jp/
forest_toppan_co_jp	https://forest.toppan.co.jp/
forgeconf_com	https://forgeconf.com/
formstudio_site	https://formstudio.site/
forward_festival_com	https://forward-festival.com/
fossula_com	https://fossula.com/
found_byspotify_com	https://found.byspotify.com/
foundation_adachi_hanga_com	https://foundation.adachi-hanga.com/
foundryco_com	https://foundryco.com/
foundrycollective_com	https://foundrycollective.com/
foureleven_se	https://foureleven.se/
fpeomag_jp	https://fpeomag.jp/
fractalinc_jp	https://fractalinc.jp/
framelunch_jp	https://framelunch.jp/
frankiessportsdiner_com	https://frankiessportsdiner.com/
franky_inc	https://franky.inc/
fredhome_com_au	https://fredhome.com.au/
freedom_harley_davidson_co_jp	https://freedom.harley-davidson.co.jp/
freenance_net	https://freenance.net/
frees_shop_com	https://frees-shop.com/
fresh_mec_co_jp	https://fresh.mec.co.jp/
friendshiphamburg_de	https://friendshiphamburg.de/
frixion_jp	https://frixion.jp/
from44_co_jp	https://from44.co.jp/
fromnaturallawson_jp	https://fromnaturallawson.jp/
fromrush_com	https://fromrush.com/
frontage_jp	https://frontage.jp/
frozen_starminatoya_co_jp	https://frozen.starminatoya.co.jp/
fructus_jp	https://fructus.jp/
fu_a_info	https://fu-a.info/
fu_wappen_jp	https://fu-wappen.jp/
fudofood_jp	https://fudofood.jp/
fuji_ie_com	https://fuji-ie.com/
fujioka_wood_co_jp	https://fujioka-wood.co.jp/
fujiseisen_jp	https://fujiseisen.jp/
fujishokuhin_jp	https://fujishokuhin.jp/
fukoku_h_co_jp	https://fukoku-h.co.jp/
fukubekaji_jp	https://fukubekaji.jp/
fukucha_fukujuen_com	https://fukucha-fukujuen.com/
fukuda_c_com	https://fukuda-c.com/
fukuhada_com	https://fukuhada.com/
fukukobo_shizuoka_net	https://fukukobo-shizuoka.net/
fukuoka_kodate_jp	https://fukuoka-kodate.jp/
fukuomakoto_coseiro_co_jp	https://fukuomakoto.coseiro.co.jp/
fukurou_labo_co_jp	https://fukurou-labo.co.jp/
fukutake_house_or_jp	https://fukutake-house.or.jp/
fukutakodomo_com	https://fukutakodomo.com/
fullbody_jp	https://fullbody.jp/
funabi_ac_jp	https://funabi.ac.jp/
functionals_eu	https://functionals.eu/
funplex_co_jp	https://funplex.co.jp/
funtech_inc	https://funtech.inc/
furfolk_dog	https://furfolk.dog/
furich_jp	https://furich.jp/
futamatagawa_dental_com	https://futamatagawa-dental.com/
futuredays_jp	https://futuredays.jp/
fyc_challengerkk_co_jp	https://fyc.challengerkk.co.jp/
g_shock_jp	https://g-shock.jp/
g20_digital_go_jp	https://g20-digital.go.jp/
gaf_create_com	https://gaf-create.com/
gakkou_life	https://gakkou.life/
gakuen_toyota_shokki_co_jp	https://gakuen.toyota-shokki.co.jp/
gakugeinomori_coe_com	https://gakugeinomori-coe.com/
gakusha_jp	https://gakusha.jp/
gallery_arita_co_jp	https://gallery-arita.co.jp/
gallery_mediciism_com	https://gallery.mediciism.com/
galleryline_jp	https://galleryline.jp/
gami_jp	https://gami.jp/
gankoclinic_jp	https://gankoclinic.jp/
ganshinkei_jp	https://ganshinkei.jp/
gantokuji_jp	https://gantokuji.jp/
gantzo_jp	https://gantzo.jp/
gaoon_jp	https://gaoon.jp/
gap_co_jp	https://gap.co.jp/
gar_den_jp	https://gar-den.jp/
garbett_com_au	https://garbett.com.au/
garecentrale_ca	https://garecentrale.ca/
garoaskincare_com	https://garoaskincare.com/
gashimaga_jp	https://gashimaga.jp/
gastonandgaspar_com	https://gastonandgaspar.com/
gaudiy_com	https://gaudiy.com/
gazooracing_com	https://gazooracing.com/
gcluster_jp	https://gcluster.jp/
gcs_tc_school_com	https://gcs-tc-school.com/
gcwatches_com	https://gcwatches.com/
ge_nieee_jp	https://ge-nieee.jp/
geeza_com_au	https://geeza.com.au/
gekkan_nakazakicho_com	https://gekkan-nakazakicho.com/
gemfields_com	https://gemfields.com/
generalcondition_com	https://generalcondition.com/
genki_zaitaku_jp	https://genki-zaitaku.jp/
genkido_genmai_com	https://genkido-genmai.com/
genomics_unit_pro	https://genomics-unit.pro/
geo_8984_jp	https://geo.8984.jp/
geographic_jp	https://geographic.jp/
geokash_com	https://geokash.com/
georgegeorge_co_jp	https://georgegeorge.co.jp/
georgiaalice_com	https://georgiaalice.com/
germlabel_com	https://germlabel.com/
gestea_be	https://gestea.be/
getfrankli_com	https://getfrankli.com/
getgoldee_com	https://getgoldee.com/
getroom_com	https://getroom.com/
getsuperfluid_com	https://getsuperfluid.com/
giats_me	https://giats.me/
gicca_jp	https://gicca.jp/
giftee_co_jp	https://giftee.co.jp/
gifu_zohen_co_jp	https://gifu-zohen.co.jp/
giganticcandy_com	https://giganticcandy.com/
giginc_co_jp	https://giginc.co.jp/
gina_tokyo	https://gina.tokyo/
ginza6_tokyo	https://ginza6.tokyo/
ginzadining_com	https://ginzadining.com/
giraffe_tie_com	https://giraffe-tie.com/
giramondopublishing_com	https://giramondopublishing.com/
girlsrevolutionproject_jp	https://girlsrevolutionproject.jp/
givee_co_jp	https://givee.co.jp/
gl_gloops_com	https://gl.gloops.com/
glaceau_jp	https://glaceau.jp/
glamapple_kotobuki_yu_com	https://glamapple.kotobuki-yu.com/
glamp_element_jp	https://glamp-element.jp/
glamprook_jp	https://glamprook.jp/
gliq_co_jp	https://gliq.co.jp/
glitchground_ycam_jp	https://glitchground.ycam.jp/
global_brother	https://global.brother/
globalmaritimeforum_org	https://globalmaritimeforum.org/
globe_asahi_com	https://globe.asahi.com/
gloops_com	https://gloops.com/
gnmd_co_jp	https://gnmd.co.jp/
gnrm_se	https://gnrm.se/
go_sbisec_co_jp	https://go.sbisec.co.jp/
goals_co_jp	https://goals.co.jp/
godsbanen_dk	https://godsbanen.dk/
goforward_com	https://goforward.com/
gogc_jp	https://gogc.jp/
golden_center_com	https://golden-center.com/
goldenesquartier_com	https://goldenesquartier.com/
goldenworld_jp	https://goldenworld.jp/
gontran_cherrier_jp	https://gontran-cherrier.jp/
goodcrew_jp	https://goodcrew.jp/
goodnews_shop_com	https://goodnews-shop.com/
goodportfol_io	https://goodportfol.io/
googleads_g_doubleclick_net	https://googleads.g.doubleclick.net/
goomee_jp	https://goomee.jp/
gooodgooodtable_ajinomoto_co_jp	https://gooodgooodtable.ajinomoto.co.jp/
gooone_help	https://gooone.help/
gorevolver_com	https://gorevolver.com/
goshiki_goen_jp	https://goshiki-goen.jp/
gotcha_furniture	https://gotcha.furniture/
goten_resort_jp	https://goten-resort.jp/
gotoretto_jp	https://gotoretto.jp/
gowithollie_com	https://gowithollie.com/
goze_movie_com	https://goze-movie.com/
gqjapan_jp	https://gqjapan.jp/
graduate26_saiyo_sme_co_jp	https://graduate26.saiyo.sme.co.jp/
grandson_co_jp	https://grandson.co.jp/
graziexxparlor_onedesign_eno_com	https://graziexxparlor.onedesign-eno.com/
green_ribbon_com	https://green-ribbon.com/
greenbeaver_com	https://greenbeaver.com/
greenbird_jp	https://greenbird.jp/
greengrowth_co_jp	https://greengrowth.co.jp/
greenlandhanbai_co_jp	https://greenlandhanbai.co.jp/
greenneighbors_jp	https://greenneighbors.jp/
grind_mag_com	https://grind-mag.com/
grip_d_jp	https://grip-d.jp/
gris_jp	https://gris.jp/
group_kirin_co_jp	https://group.kirin.co.jp/
group_kyoshin_co_jp	https://group.kyoshin.co.jp/
group_softbank	https://group.softbank/
growth_next_com	https://growth-next.com/
growth_ring_co_jp	https://growth-ring.co.jp/
gs_dhw_ac_jp	https://gs.dhw.ac.jp/
guide_line_co_jp	https://guide-line.co.jp/
gull_jp	https://gull.jp/
gundamfront_tokyo_com	https://gundamfront-tokyo.com/
guruguru_shakashaka_jp	https://guruguru-shakashaka.jp/
gurundo_net	https://gurundo.net/
gurusfilm_com	https://gurusfilm.com/
h_and_net	https://h-and.net/
h_hakase_jp	https://h-hakase.jp/
h_matsue_com	https://h-matsue.com/
h_mp_recruit_jp	https://h-mp-recruit.jp/
h2technology_jp	https://h2technology.jp/
haaru_jp	https://haaru.jp/
habush_jp	https://habush.jp/
hacci1912_com	https://hacci1912.com/
hachi_ichi_co_jp	https://hachi-ichi.co.jp/
hachi_to_waltz_com	https://hachi-to-waltz.com/
hachi_buttersand_com	https://hachi.buttersand.com/
hachido_com	https://hachido.com/
hachimitsugyu_com	https://hachimitsugyu.com/
hachinohe_juko_co_jp	https://hachinohe-juko.co.jp/
hachinohepark_wedding_com	https://hachinohepark-wedding.com/
hadaka_jp	https://hadaka.jp/
hahatsuyu_com	https://hahatsuyu.com/
hajimetehanaya_jp	https://hajimetehanaya.jp/
hajimeteno_iwamiginzan_jp	https://hajimeteno.iwamiginzan.jp/
hajinsky_com	https://hajinsky.com/
hakonoshitateya_com	https://hakonoshitateya.com/
hakukin_co_jp	https://hakukin.co.jp/
hakusan_dental_com	https://hakusan-dental.com/
hal_co_jp	https://hal-co.jp/
hal_corporation_com	https://hal-corporation.com/
halfof8_com	https://halfof8.com/
hamada_dental_net	https://hamada-dental.net/
hamee_co_jp	https://hamee.co.jp/
hana_b_rave_tokyo	https://hana.b-rave.tokyo/
hanabishi_housei_co_jp	https://hanabishi-housei.co.jp/
hanagokoro_do_jp	https://hanagokoro-do.jp/
hanamaruken_jp	https://hanamaruken.jp/
hanamichiya_jp	https://hanamichiya.jp/
hanauta_kappan_com	https://hanauta-kappan.com/
hanayomewakon_jp	https://hanayomewakon.jp/
handicap_co_jp	https://handicap.co.jp/
handmade_marche_jp	https://handmade-marche.jp/
hangai_ginza_jp	https://hangai-ginza.jp/
hannenorak_com	https://hannenorak.com/
hanshin_ferry_com	https://hanshin-ferry.com/
hanshin_seimitsu_jp	https://hanshin-seimitsu.jp/
hansokuest_jp	https://hansokuest.jp/
happiaswedding_jp	https://happiaswedding.jp/
happiness_mitsuke_jp	https://happiness-mitsuke.jp/
happo_en_patisserie_com	https://happo-en-patisserie.com/
happy_photo_studio_jp	https://happy-photo-studio.jp/
hara_hospital_jp	https://hara-hospital.jp/
hara_koushu_com	https://hara-koushu.com/
harakado_tokyu_plaza_com	https://harakado.tokyu-plaza.com/
harekuraray_com	https://harekuraray.com/
haremachi_com	https://haremachi.com/
harizury_com	https://harizury.com/
harkenic_com	https://harkenic.com/
haru_uru_com	https://haru-uru.com/
harumi_garden_jp	https://harumi-garden.jp/
haruulala_life	https://haruulala.life/
harvest_residence_jp	https://harvest-residence.jp/
has_mag_jp	https://has-mag.jp/
hase_a_com	https://hase-a.com/
hasegawahiroshi_jp	https://hasegawahiroshi.jp/
hasegawajin_com	https://hasegawajin.com/
hassyadai_com	https://hassyadai.com/
hata_expo_com	https://hata-expo.com/
hatakework_com	https://hatakework.com/
hatanokoumuten_site	https://hatanokoumuten.site/
hatchbsp_com	https://hatchbsp.com/
hatonosato_com	https://hatonosato.com/
hautmens_com	https://hautmens.com/
havu_llc	https://havu.llc/
hazeruassabu_com	https://hazeruassabu.com/
hcl_grp_jp	https://hcl-grp.jp/
headlock_jp	https://headlock.jp/
heartful_hiroshima_jp	https://heartful.hiroshima.jp/
hebel_ndo_jp	https://hebel-ndo.jp/
heliom_ca	https://heliom.ca/
hello_splice_com	https://hello-splice.com/
hello_zey_zone	https://hello.zey.zone/
hellofamily_kokuyo_co_jp	https://hellofamily.kokuyo.co.jp/
hematogenix_com	https://hematogenix.com/
henjoin_org	https://henjoin.org/
henshin_j_horumon_com	https://henshin-j-horumon.com/
hept_tokyo	https://hept.tokyo/
heritage_research_org	https://heritage-research.org/
heydays_no	https://heydays.no/
heyuse_jp	https://heyuse.jp/
hg_oceans_gp_com	https://hg.oceans-gp.com/
hhut_jp	https://hhut.jp/
hi_designinc_com	https://hi-designinc.com/
hi_res_net	https://hi-res.net/
hibia_jp	https://hibia.jp/
hidamari_asia	https://hidamari.asia/
hidamarigroup_com	https://hidamarigroup.com/
hideakihamada_com	https://hideakihamada.com/
hidethezebra_com	https://hidethezebra.com/
hidetoshinamiki_com	https://hidetoshinamiki.com/
higashihiroshima_kanko_jp	https://higashihiroshima-kanko.jp/
higashinetd_jp	https://higashinetd.jp/
higashiya_shop_com	https://higashiya-shop.com/
highball_arukikata_co_jp	https://highball.arukikata.co.jp/
higuchi_asia	https://higuchi.asia/
higuchiyuko_circus_jp	https://higuchiyuko-circus.jp/
hik_beauty_com	https://hik-beauty.com/
hillasean_com	https://hillasean.com/
himinoumito_jp	https://himinoumito.jp/
hinodeshakyo_jpn_org	https://hinodeshakyo.jpn.org/
hinoyoko_com	https://hinoyoko.com/
hinuihitohi_jp	https://hinuihitohi.jp/
hioryes_jp	https://hioryes.jp/
hios_com	https://hios.com/
hipro_job_jp	https://hipro-job.jp/
hiptokyo_jp	https://hiptokyo.jp/
hiro_gardening_com	https://hiro-gardening.com/
hirokakishimoto_jp	https://hirokakishimoto.jp/
hirokishimoda_site	https://hirokishimoda.site/
hiromisekiguchi_com	https://hiromisekiguchi.com/
hiroppa_hasamiyaki_jp	https://hiroppa.hasamiyaki.jp/
hiroshiseo_com	https://hiroshiseo.com/
hitohana_c_co_jp	https://hitohana-c.co.jp/
hitomachi_iwamiginzan_jp	https://hitomachi.iwamiginzan.jp/
hitorigocochi_com	https://hitorigocochi.com/
hitotoki_hotel_com	https://hitotoki-hotel.com/
hive_world_jp	https://hive-world.jp/
hiyachu_tabeyo_studio_site	https://hiyachu-tabeyo.studio.site/
hiyorihoikuen_com	https://hiyorihoikuen.com/
hizawahome_co_jp	https://hizawahome.co.jp/
hizen400_jp	https://hizen400.jp/
hm_skischool_com	https://hm-skischool.com/
ho_ginza_com	https://ho-ginza.com/
hohohotake_com	https://hohohotake.com/
hojo_gakuen_ed_jp	https://hojo-gakuen.ed.jp/
hoken_koubou_h_jp	https://hoken-koubou-h.jp/
hokkaido_aero_jp	https://hokkaido-aero.jp/
hokusetsu_baisen_com	https://hokusetsu-baisen.com/
holo_jp	https://holo.jp/
homesociete_ca	https://homesociete.ca/
hometap_kirin_co_jp	https://hometap.kirin.co.jp/
hon_aru_jp	https://hon-aru.jp/
honchu_jp	https://honchu.jp/
honeyce_com	https://honeyce.com/
hono_space_com	https://hono-space.com/
hookooekoo_co	https://hookooekoo.co/
hopdeco_ca	https://hopdeco.ca/
hoppydays_vercel_app	https://hoppydays.vercel.app/
hopscotchmusicfest_com	https://hopscotchmusicfest.com/
hoshigaoka_dc_com	https://hoshigaoka-dc.com/
hoshinoresort_com	https://hoshinoresort.com/
hoshinowa_com	https://hoshinowa.com/
hospital_ompu_ac_jp	https://hospital.ompu.ac.jp/
hotaru_personalized_com	https://hotaru-personalized.com/
hotel_anteroom_com	https://hotel-anteroom.com/
hotel_around_com	https://hotel-around.com/
hotel_chinzanso_tokyo_jp	https://hotel-chinzanso-tokyo.jp/
hotel_nakamura_s_ac_jp	https://hotel.nakamura-s.ac.jp/
hotel_senomoto_com	https://hotel.senomoto.com/
hotelalpage_com	https://hotelalpage.com/
hotori_jp	https://hotori.jp/
houai_group_com	https://houai-group.com/
houei_butsuryu_co_jp	https://houei-butsuryu.co.jp/
house_vision_jp	https://house-vision.jp/
house_dolive_media	https://house.dolive.media/
house_pl	https://house.pl/
housevision_muji_com	https://housevision.muji.com/
houshinji_or_jp	https://houshinji.or.jp/
howhere_jp	https://howhere.jp/
hozumi_rug_com	https://hozumi-rug.com/
hp_brs_nihon_u_ac_jp	https://hp.brs.nihon-u.ac.jp/
hr_yahoo_co_jp	https://hr.yahoo.co.jp/
hrcom_jp	https://hrcom.jp/
hrp_a_com	https://hrp-a.com/
hsarchitect_jp	https://hsarchitect.jp/
htarchitecte_com	https://htarchitecte.com/
hubgram_jp	https://hubgram.jp/
hug3_jp	https://hug3.jp/
humming_fields_jp	https://humming-fields.jp/
hummingbird_coffee_com	https://hummingbird-coffee.com/
hungry2018_jp	https://hungry2018.jp/
husma_jp	https://husma.jp/
hybridwork_cybozu_co_jp	https://hybridwork.cybozu.co.jp/
hyogen_design	https://hyogen.design/
hyoki_jp	https://hyoki.jp/
hyperice_jp	https://hyperice.jp/
hyrax_co_jp	https://hyrax.co.jp/
hys_inc_jp	https://hys-inc.jp/
i_ceberg_com	https://i-ceberg.com/
i_h_inc_co_jp	https://i-h-inc.co.jp/
i_plug_co_jp	https://i-plug.co.jp/
i_tech_muramoto_co_jp	https://i-tech-muramoto.co.jp/
i_lumine_jp	https://i.lumine.jp/
iai_yabusame_com	https://iai-yabusame.com/
ial_gotohp_com	https://ial.gotohp.com/
iam_vincent_com	https://iam-vincent.com/
iamb_co_jp	https://iamb.co.jp/
ibe_inc_co_jp	https://ibe-inc.co.jp/
iboardjapan_com	https://iboardjapan.com/
ic_root_com	https://ic-root.com/
ice_bj_com	https://ice-bj.com/
ichi_hairsalon_com	https://ichi-hairsalon.com/
ichigaya_musabi_ac_jp	https://ichigaya.musabi.ac.jp/
ichigo_consulting_co_jp	https://ichigo-consulting.co.jp/
ichigogashuyaku_com	https://ichigogashuyaku.com/
ichigonoomise_com	https://ichigonoomise.com/
ichikawa_eye_jp	https://ichikawa-eye.jp/
ichimiya_clinic_jp	https://ichimiya-clinic.jp/
ichizenbooks_jp	https://ichizenbooks.jp/
icorinc_com	https://icorinc.com/
id_yanmar_com	https://id.yanmar.com/
idence_jp	https://idence.jp/
idlehourmatcha_com	https://idlehourmatcha.com/
idsumi_com	https://idsumi.com/
ie3_jp	https://ie3.jp/
ifs_miraiken_jp	https://ifs-miraiken.jp/
ifukumachi_jp	https://ifukumachi.jp/
ig_brand_jp	https://ig-brand.jp/
iihi_to	https://iihi.to/
iio_jozo_co_jp	https://iio-jozo.co.jp/
ikedamokuzaisya_jp	https://ikedamokuzaisya.jp/
ikegamitekkosyo_recruit_jp	https://ikegamitekkosyo-recruit.jp/
ikekame_com	https://ikekame.com/
ikeryou_jp	https://ikeryou.jp/
iketax_com	https://iketax.com/
ikiji_jp	https://ikiji.jp/
ikimall_ikimonopal_jp	https://ikimall.ikimonopal.jp/
ikusei_helloworldinc_jp	https://ikusei.helloworldinc.jp/
ily_girl_mikapikazo_info	https://ily-girl.mikapikazo.info/
imagemechanics_com_au	https://imagemechanics.com.au/
imaginativerealism_com	https://imaginativerealism.com/
imaginics_sds_hit_u_ac_jp	https://imaginics.sds.hit-u.ac.jp/
imex_media	https://imex.media/
imo1000_com	https://imo1000.com/
imone_jp	https://imone.jp/
impact_madefortheworld_studio	https://impact.madefortheworld.studio/
imperavi_com	https://imperavi.com/
implementconsultinggroup_com	https://implementconsultinggroup.com/
imrc_jp	https://imrc.jp/
in_art_jp	https://in-art.jp/
in_general_com	https://in-general.com/
inazumaflash_com	https://inazumaflash.com/
incubic_co_jp	https://incubic.co.jp/
incubit_co_jp	https://incubit.co.jp/
indiba_labo_com	https://indiba-labo.com/
indoek_com	https://indoek.com/
infcurion_com	https://infcurion.com/
infcurion_digital	https://infcurion.digital/
infinitea_jp	https://infinitea.jp/
infinity_lawfirm_com	https://infinity-lawfirm.com/
infinity_therapist_com	https://infinity-therapist.com/
influx_inc_com	https://influx-inc.com/
info_freedom_co_jp	https://info.freedom.co.jp/
info_miratap_co_jp	https://info.miratap.co.jp/
info_sanwacompany_co_jp	https://info.sanwacompany.co.jp/
information_nttdocomo_fresh_jp	https://information.nttdocomo-fresh.jp/
inicial_cc	https://inicial.cc/
inkandspindle_com	https://inkandspindle.com/
innerflow_es	https://innerflow.es/
inquire_jp	https://inquire.jp/
insense_bz	https://insense.bz/
insho_domoto_com	https://insho-domoto.com/
intermusica_co_uk	https://intermusica.co.uk/
international_shiseido_co_jp	https://international.shiseido.co.jp/
internationalterakoya_com	https://internationalterakoya.com/
intervoiceinc_jp	https://intervoiceinc.jp/
intosaihoji_com	https://intosaihoji.com/
inupathy_com	https://inupathy.com/
invox_jp	https://invox.jp/
ion_e_air_jp	https://ion-e-air.jp/
iotnews_jp	https://iotnews.jp/
iriomotte_com	https://iriomotte.com/
irka_co_jp	https://irka.co.jp/
irobe_ndc_co_jp	https://irobe.ndc.co.jp/
irodorikimono_jp	https://irodorikimono.jp/
irokage_com	https://irokage.com/
irokoto_co_jp	https://irokoto.co.jp/
iroya_inc_co_jp	https://iroya-inc.co.jp/
irumo_docomo_ne_jp	https://irumo.docomo.ne.jp/
isabelmoranta_com	https://isabelmoranta.com/
isaipark_heralbony_com	https://isaipark.heralbony.com/
isaohashinoki_com	https://isaohashinoki.com/
isetan_mistore_jp	https://isetan.mistore.jp/
isetanparknet_com	https://isetanparknet.com/
iseya_jp	https://iseya.jp/
ishadeed_com	https://ishadeed.com/
ishigakihills_com	https://ishigakihills.com/
isomurass_jp	https://isomurass.jp/
isshiki_law_com	https://isshiki-law.com/
ist_field_com	https://ist-field.com/
itarusawada_com	https://itarusawada.com/
item_amsterdam_nl	https://item-amsterdam.nl/
ito_farm_biz	https://ito-farm.biz/
ito_goshi_com	https://ito-goshi.com/
ito_noen_co_jp	https://ito-noen.co.jp/
itprenewables_com	https://itprenewables.com/
its_international_net	https://its-international.net/
ivf_asada_jp	https://ivf-asada.jp/
ivskaya_com	https://ivskaya.com/
iwaki_gyouza_jp	https://iwaki-gyouza.jp/
iwamiginzan_jp	https://iwamiginzan.jp/
iya_iya_jp	https://iya-iya.jp/
j_btp_com	https://j-btp.com/
j_medical_healthcare_com	https://j-medical-healthcare.com/
j_or_y_com	https://j-or-y.com/
j_stella_co_jp	https://j-stella.co.jp/
ja_wix_com	https://ja.wix.com/
jadict_jp	https://jadict.jp/
jafmate_jp	https://jafmate.jp/
jam_cf_com	https://jam-cf.com/
jamhomemade_com	https://jamhomemade.com/
jamrock_music_com	https://jamrock-music.com/
janohire_co_jp	https://janohire.co.jp/
japan_flavonoids_association_org	https://japan-flavonoids-association.org/
japan_leather_sustainable_com	https://japan-leather-sustainable.com/
japan_tommy_com	https://japan.tommy.com/
jccu_coop	https://jccu.coop/
jcm_ink_com	https://jcm-ink.com/
jdand_co	https://jdand.co/
jewelry_magnolia_white_com	https://jewelry.magnolia-white.com/
jfarm_tomato_com	https://jfarm-tomato.com/
ji_sedai_jp	https://ji-sedai.jp/
jidaiinc_com	https://jidaiinc.com/
jiichiro_com	https://jiichiro.com/
jiki_ltd	https://jiki.ltd/
jin_ei_com	https://jin-ei.com/
jinji_shogakukan_co_jp	https://jinji.shogakukan.co.jp/
jinji_smbc_card_com	https://jinji.smbc-card.com/
jinnan_house	https://jinnan.house/
jinzai_diamond_co_jp	https://jinzai.diamond.co.jp/
jmintegral_com	https://jmintegral.com/
job_kyoto_travel	https://job.kyoto.travel/
job_mynavi_jp	https://job.mynavi.jp/
joban_sauna_jp	https://joban-sauna.jp/
jobs_gree_net	https://jobs.gree.net/
jobs_m3_com	https://jobs.m3.com/
jobs_mitsue_co_jp	https://jobs.mitsue.co.jp/
joen_ji_or_jp	https://joen-ji.or.jp/
jogga_jp	https://jogga.jp/
johannlucchini_com	https://johannlucchini.com/
join_egao_jp	https://join-egao.jp/
jonan_fku_ed_jp	https://jonan.fku.ed.jp/
jonvieira_com	https://jonvieira.com/
joseluis_jp	https://joseluis.jp/
joseph_immobilier_com	https://joseph-immobilier.com/
joshibi_cp_net	https://joshibi-cp.net/
jour_couture_jp	https://jour-couture.jp/
journal_botanistofficial_com	https://journal.botanistofficial.com/
journalbynaris_jp	https://journalbynaris.jp/
journey_leather_com	https://journey-leather.com/
joy_interactive_com	https://joy-interactive.com/
jozankei_jp	https://jozankei.jp/
jp_startup_jp	https://jp-startup.jp/
jp_anteprima_com	https://jp.anteprima.com/
jp_beatsbydre_com	https://jp.beatsbydre.com/
jp_boucheron_com	https://jp.boucheron.com/
jp_burberry_com	https://jp.burberry.com/
jp_burton_com	https://jp.burton.com/
jp_nixon_com	https://jp.nixon.com/
jp_remo_co	https://jp.remo.co/
jp_rohto_com	https://jp.rohto.com/
jp_sansan_com	https://jp.sansan.com/
jp_sunstargum_com	https://jp.sunstargum.com/
jp_tolettacat_com	https://jp.tolettacat.com/
jptower_kitte_jp	https://jptower-kitte.jp/
jtpj_jp	https://jtpj.jp/
jubun2023_jp	https://jubun2023.jp/
jugeetta_com	https://jugeetta.com/
juken_nit_ac_jp	https://juken.nit.ac.jp/
junduffy_co_nz	https://junduffy.co.nz/
jungsik_kr	https://jungsik.kr/
junji_yamazaki_design	https://junji-yamazaki.design/
juri_portfolio_com	https://juri-portfolio.com/
just_shelf_jp	https://just-shelf.jp/
juxtapress_it	https://juxtapress.it/
jws_work	https://jws.work/
jyou_media	https://jyou.media/
jypg_net	https://jypg.net/
k_corpo_co_jp	https://k-corpo.co.jp/
k_hokuto_co_jp	https://k-hokuto.co.jp/
k_innovation_inc_com	https://k-innovation-inc.com/
k_kakamu_com	https://k-kakamu.com/
k24moscow_ru	https://k24moscow.ru/
k72_ca	https://k72.ca/
ka_n26_com	https://ka-n26.com/
kabesho_com	https://kabesho.com/
kaboodle_com	https://kaboodle.com/
kabuand_com	https://kabuand.com/
kabuto_et_mode_com	https://kabuto-et-mode.com/
kachaka_life	https://kachaka.life/
kaeka_jp	https://kaeka.jp/
kaeru_caravan_jp	https://kaeru-caravan.jp/
kaf_u_kamitsubaki_jp	https://kaf-u.kamitsubaki.jp/
kagadane_co_jp	https://kagadane.co.jp/
kagari_kisshotei_com	https://kagari-kisshotei.com/
kai_aso_jp	https://kai-aso.jp/
kai_ryokan_jp	https://kai-ryokan.jp/
kai_wai_com	https://kai-wai.com/
kai_you_co_jp	https://kai-you.co.jp/
kainowa_com	https://kainowa.com/
kairyuouji_jp	https://kairyuouji.jp/
kaiteki_area_com	https://kaiteki-area.com/
kaitori_studiocbr_jp	https://kaitori.studiocbr.jp/
kaiwatoorder_com	https://kaiwatoorder.com/
kajise_com	https://kajise.com/
kajo_animal_center	https://kajo-animal.center/
kakomutaku_studio_site	https://kakomutaku.studio.site/
kalpa_wajima_com	https://kalpa-wajima.com/
kamakura_eye_com	https://kamakura-eye.com/
kamawanu_store_jp	https://kamawanu-store.jp/
kame_on_com	https://kame-on.com/
kamiamakusasi_syakyo_jp	https://kamiamakusasi-syakyo.jp/
kamigatarakugo_jp	https://kamigatarakugo.jp/
kanaderu_co_jp	https://kanaderu.co.jp/
kanagawafarm_jp	https://kanagawafarm.jp/
kanbarajinja_jp	https://kanbarajinja.jp/
kanda_tat_com	https://kanda-tat.com/
kanei_shoyu_com	https://kanei-shoyu.com/
kankyo_joshibi_net	https://kankyo.joshibi.net/
kanna_official_com	https://kanna-official.com/
kanodenki_co_jp	https://kanodenki.co.jp/
kanro_jp	https://kanro.jp/
kansaikougyo_com	https://kansaikougyo.com/
kantt_dk	https://kantt.dk/
kaobeautybrands_com	https://kaobeautybrands.com/
kappo_machico_mu	https://kappo.machico.mu/
karabina_jp	https://karabina.jp/
karada_cf_jp	https://karada-cf.jp/
karf_co_jp	https://karf.co.jp/
karlkoch_me	https://karlkoch.me/
karup_lufthavn_dk	https://karup-lufthavn.dk/
kashiwaya_sake_com	https://kashiwaya-sake.com/
katakata_don_guri_com	https://katakata.don-guri.com/
kataomoi3_com	https://kataomoi3.com/
kato_hosp_jp	https://kato-hosp.jp/
kato_rashi_co_jp	https://kato-rashi.co.jp/
katsuakiutsunomiya_com	https://katsuakiutsunomiya.com/
katsukiweb_com	https://katsukiweb.com/
katsura35_com	https://katsura35.com/
katvig_dk	https://katvig.dk/
kawa_kyun_jp	https://kawa-kyun.jp/
kawaharakobo_co_jp	https://kawaharakobo.co.jp/
kawaiiku_jp	https://kawaiiku.jp/
kawamoto_tekko_co_jp	https://kawamoto-tekko.co.jp/
kawasaki_arena_city_dena_com	https://kawasaki-arena-city.dena.com/
kawasaki_ichouka_com	https://kawasaki-ichouka.com/
kawatatec_co_jp	https://kawatatec.co.jp/
kazenoko8_com	https://kazenoko8.com/
keeps_homes	https://keeps.homes/
keihonavi_jp	https://keihonavi.jp/
keiseikai_mhg_jp	https://keiseikai-mhg.jp/
keisen_chouri_com	https://keisen-chouri.com/
keisen_g_com	https://keisen-g.com/
kekselias_com	https://kekselias.com/
kenedix_fm_com	https://kenedix-fm.com/
kengaku_take_sakura_ne_jp	https://kengaku-take.sakura.ne.jp/
kenjiendo_com	https://kenjiendo.com/
kentatoshikura_com	https://kentatoshikura.com/
kern_inc	https://kern.inc/
kerokeroichigo_com	https://kerokeroichigo.com/
keycrew_co_jp	https://keycrew.co.jp/
kgen_co_jp	https://kgen.co.jp/
kiboufudousan_jp	https://kiboufudousan.jp/
kic_garage_com	https://kic-garage.com/
kicets_com	https://kicets.com/
kichijitsuya_jp	https://kichijitsuya.jp/
kids_ns_goldwin_co_jp	https://kids-ns.goldwin.co.jp/
kids_shuzankai_com	https://kids-shuzankai.com/
kids_kewpie_co_jp	https://kids.kewpie.co.jp/
kidsinnovation_net	https://kidsinnovation.net/
kiff_fukuoka_jp	https://kiff-fukuoka.jp/
kifune_d_com	https://kifune-d.com/
kigurumi_plus_jp	https://kigurumi-plus.jp/
kiito_jp	https://kiito.jp/
kikaku_yamatowa_co_jp	https://kikaku.yamatowa.co.jp/
kikusui_kamosudemitasu_com	https://kikusui-kamosudemitasu.com/
kimata1975_com	https://kimata1975.com/
kiminitou_com	https://kiminitou.com/
kimiwa_jp	https://kimiwa.jp/
kimono_studio_theday_com	https://kimono.studio-theday.com/
kimuratakahiro_com	https://kimuratakahiro.com/
kinmugistyle_jp	https://kinmugistyle.jp/
kinokawa_life_jp	https://kinokawa-life.jp/
kinoshitaseian_com	https://kinoshitaseian.com/
kintan_restaurant	https://kintan.restaurant/
kiracu_co_jp	https://kiracu.co.jp/
kirage_jp	https://kirage.jp/
kirifuda_co_jp	https://kirifuda.co.jp/
kirishimakankou_com	https://kirishimakankou.com/
kisa_photography_com	https://kisa-photography.com/
kisekae_nikka_com	https://kisekae-nikka.com/
kishun_co_jp	https://kishun.co.jp/
kit_copack_co_jp	https://kit.copack.co.jp/
kitakagayaflea_jp	https://kitakagayaflea.jp/
kitakumamoto_jyouba_com	https://kitakumamoto-jyouba.com/
kitamura_tokusai_jp	https://kitamura-tokusai.jp/
kitao_grub_jp	https://kitao.grub.jp/
kitchensofubereats_com	https://kitchensofubereats.com/
kitote_jp	https://kitote.jp/
kiyoshiikemune_com	https://kiyoshiikemune.com/
kizuna_ikuei_or_jp	https://kizuna-ikuei.or.jp/
kj8_thegame_com	https://kj8-thegame.com/
kk_ability_co_jp	https://kk-ability.co.jp/
kk_gold_com	https://kk-gold.com/
kk_raito_co_jp	https://kk-raito.co.jp/
kkco_jp	https://kkco.jp/
klaer_rottefella_no	https://klaer.rottefella.no/
kloaq_com	https://kloaq.com/
kmsm_srnkd_studio_site	https://kmsm-srnkd.studio.site/
knotphotography_jp	https://knotphotography.jp/
knots_creative_com	https://knots-creative.com/
ko_murobushi_com	https://ko-murobushi.com/
kobako_design_com	https://kobako-design.com/
kobe_mineya_com	https://kobe-mineya.com/
kobe_yakult_co_jp	https://kobe-yakult.co.jp/
kobe_yl_jp	https://kobe-yl.jp/
kobeantique_com	https://kobeantique.com/
kobo_asiapacific_co_jp	https://kobo-asiapacific.co.jp/
kochisusaki_logospark_jp	https://kochisusaki.logospark.jp/
kodo_academy_nissili_co_jp	https://kodo-academy.nissili.co.jp/
kodomo_sankaku_jp	https://kodomo-sankaku.jp/
kodomo_benesse_ne_jp	https://kodomo.benesse.ne.jp/
kodomo_ja_kyosai_or_jp	https://kodomo.ja-kyosai.or.jp/
kodomonooka_nursery_jp	https://kodomonooka-nursery.jp/
kodomotoiryo_com	https://kodomotoiryo.com/
kofukuyu_com	https://kofukuyu.com/
koga_clinic_jp	https://koga-clinic.jp/
koh_fukuzawa_com	https://koh-fukuzawa.com/
koharusugawara_com	https://koharusugawara.com/
kohkoku_jp	https://kohkoku.jp/
kohsakapro_tokyo	https://kohsakapro.tokyo/
koikeya_pridepotato_jp	https://koikeya-pridepotato.jp/
kojiki_co	https://kojiki.co/
kokeshimatsuri_com	https://kokeshimatsuri.com/
kokopako_fr	https://kokopako.fr/
kokubunji_mugen_com	https://kokubunji-mugen.com/
kokusaikogyo_recruit_com	https://kokusaikogyo-recruit.com/
kokuto_blacksugar_jp	https://kokuto-blacksugar.jp/
koloha_co_jp	https://koloha.co.jp/
kolor_jp	https://kolor.jp/
koma_works_com	https://koma-works.com/
komatsu_h_co_jp	https://komatsu-h.co.jp/
komorebi_uchiwa_com	https://komorebi-uchiwa.com/
komuginoyado_com	https://komuginoyado.com/
kon_sumai_com	https://kon-sumai.com/
koncent_net	https://koncent.net/
konform_com	https://konform.com/
konohana_hoikuen_com	https://konohana-hoikuen.com/
konoradiogayabai_com	https://konoradiogayabai.com/
konpeidou_jp	https://konpeidou.jp/
koredake_co_jp	https://koredake.co.jp/
korekara_pj_net	https://korekara-pj.net/
korudesign_it	https://korudesign.it/
koshien_asahi_co_jp	https://koshien.asahi.co.jp/
koshiki_stay_jp	https://koshiki-stay.jp/
kotori_fostex_jp	https://kotori.fostex.jp/
kotrio_co_jp	https://kotrio.co.jp/
kouaikai_jp	https://kouaikai.jp/
kouba_fes_jp	https://kouba-fes.jp/
koukan_ryugaku_com	https://koukan-ryugaku.com/
kousyu_lab_lion_co_jp	https://kousyu-lab.lion.co.jp/
kovalweb_com	https://kovalweb.com/
koyama_kyugu_co_jp	https://koyama-kyugu.co.jp/
koyanokoumuten_co_jp	https://koyanokoumuten.co.jp/
kozowood_com	https://kozowood.com/
kpp10_jp	https://kpp10.jp/
krystalrae_com	https://krystalrae.com/
ksr_corp_com	https://ksr-corp.com/
ktgw_portfolio_studio_site	https://ktgw-portfolio.studio.site/
kttunstall_com	https://kttunstall.com/
kuhl_com	https://kuhl.com/
kuju_egg_jp	https://kuju-egg.jp/
kumamoto_dock_com	https://kumamoto-dock.com/
kumamoto_red_com	https://kumamoto-red.com/
kumamoto_tasaki_ichiba_co_jp	https://kumamoto-tasaki-ichiba.co.jp/
kumanago_jp	https://kumanago.jp/
kumatori_umai_com	https://kumatori-umai.com/
kumaweb_d_com	https://kumaweb-d.com/
kunkunbody_konicaminolta_jp	https://kunkunbody.konicaminolta.jp/
kura_hcu_jp	https://kura-hcu.jp/
kurabuchi_distillery_jp	https://kurabuchi-distillery.jp/
kuradashi_jp	https://kuradashi.jp/
kuraline_jp	https://kuraline.jp/
kurashiki_narasaho_c_ac_jp	https://kurashiki.narasaho-c.ac.jp/
kurashino_org	https://kurashino.org/
kurashiru_co_jp	https://kurashiru.co.jp/
kurasu_okuyamato_com	https://kurasu-okuyamato.com/
kurata_clinic_com	https://kurata-clinic.com/
kureshizuki_co_jp	https://kureshizuki.co.jp/
kurimoto_ganka_com	https://kurimoto-ganka.com/
kurodamisato_com	https://kurodamisato.com/
kurosawakawaraten_com	https://kurosawakawaraten.com/
kurppahosk_com	https://kurppahosk.com/
kurukura_jp	https://kurukura.jp/
kusumusubi_jp	https://kusumusubi.jp/
kuuki_design_com	https://kuuki-design.com/
kuwana_sc_com	https://kuwana-sc.com/
kuwanougumi_com	https://kuwanougumi.com/
kuzu_core_com	https://kuzu-core.com/
kyary_net	https://kyary.net/
kyash_co	https://kyash.co/
kyo_sumai_kp_com	https://kyo-sumai-kp.com/
kyo_wakon_wasou_salon	https://kyo-wakon.wasou.salon/
kyoetsu_co_jp	https://kyoetsu.co.jp/
kyokai_kinki_jp	https://kyokai-kinki.jp/
kyoso_openhouse_group_co_jp	https://kyoso.openhouse-group.co.jp/
kyoto_cvs_jp	https://kyoto-cvs.jp/
kyoto_ex_jp	https://kyoto-ex.jp/
kyoto_kinugasa_co_jp	https://kyoto-kinugasa.co.jp/
kyoto_minamikaikan_jp	https://kyoto-minamikaikan.jp/
kyotocity_kyocera_museum	https://kyotocity-kyocera.museum/
kyougakuji_com	https://kyougakuji.com/
kyouya_co_jp	https://kyouya.co.jp/
kyu_plus_jp	https://kyu-plus.jp/
kyusoku365_com	https://kyusoku365.com/
l_well_jp	https://l-well.jp/
la_boo_jp	https://la-boo.jp/
la_mura_com	https://la-mura.com/
la_seek_jp	https://la-seek.jp/
la_tinou_com	https://la-tinou.com/
la_totalite_jp	https://la-totalite.jp/
lab_studio_csa_com	https://lab.studio-csa.com/
labandevideo_com	https://labandevideo.com/
labellevie_jp	https://labellevie.jp/
labelsmag_com	https://labelsmag.com/
lacne_jp	https://lacne.jp/
lalerobe_com	https://lalerobe.com/
lamalama_nl	https://lamalama.nl/
lamborghini_bubu3_jp	https://lamborghini.bubu3.jp/
lamune_kyoto_com	https://lamune-kyoto.com/
landabout_com	https://landabout.com/
lapi_staff_com	https://lapi-staff.com/
lapoppo_com	https://lapoppo.com/
lapras_com	https://lapras.com/
larssonhenrik_com	https://larssonhenrik.com/
lasalle_logiport_com	https://lasalle-logiport.com/
lawson_jp	https://lawson.jp/
lea_lea_site	https://lea-lea.site/
leap_japan_com	https://leap-japan.com/
learning_pilates_com	https://learning-pilates.com/
leco_paint_jp	https://leco-paint.jp/
lees_official_com	https://lees-official.com/
leeum_samsungfoundation_org	https://leeum.samsungfoundation.org/
lefier_jp	https://lefier.jp/
legramme_com	https://legramme.com/
lemonsourfes_jp	https://lemonsourfes.jp/
lento_co_jp	https://lento.co.jp/
lenzdx_co_jp	https://lenzdx.co.jp/
leosophia_co_jp	https://leosophia.co.jp/
lesalondelegumes_jp	https://lesalondelegumes.jp/
lets_fontworks_co_jp	https://lets.fontworks.co.jp/
letsmuseeum_com	https://letsmuseeum.com/
letters_inc_jp	https://letters-inc.jp/
levi_jp	https://levi.jp/
levonaronian_com	https://levonaronian.com/
leyann_studio_com	https://leyann-studio.com/
lh3_googleusercontent_com	https://lh3.googleusercontent.com/
liaison_office_eng_osaka_u_ac_jp	https://liaison-office.eng.osaka-u.ac.jp/
libatape_jp	https://libatape.jp/
libertytown_co_jp	https://libertytown.co.jp/
librairiepantoute_com	https://librairiepantoute.com/
lidea_today	https://lidea.today/
lidlocks_jp	https://lidlocks.jp/
liebe_recaro_cs_com	https://liebe.recaro-cs.com/
lien_works_com	https://lien-works.com/
lifeisbeautiful_tokyo	https://lifeisbeautiful.tokyo/
lifeplushome_jp	https://lifeplushome.jp/
lifull_com	https://lifull.com/
lighthouse_kanata_com	https://lighthouse-kanata.com/
lightswill_com	https://lightswill.com/
lightupnippon_jp	https://lightupnippon.jp/
likenomad_jp	https://likenomad.jp/
limeclinic_jp	https://limeclinic.jp/
limret_com	https://limret.com/
line_works_com	https://line-works.com/
lineacreative_com	https://lineacreative.com/
lineaworks_jp	https://lineaworks.jp/
linguahackers_jp	https://linguahackers.jp/
linkle_me	https://linkle.me/
lion_kodomo_clinic_jp	https://lion-kodomo-clinic.jp/
litpla_com	https://litpla.com/
litrois_jp	https://litrois.jp/
littleampscoffee_com	https://littleampscoffee.com/
liveboard_co_jp	https://liveboard.co.jp/
livedo_jp	https://livedo.jp/
liverary_mag_com	https://liverary-mag.com/
livingedge_com_au	https://livingedge.com.au/
livinghouse_nz	https://livinghouse.nz/
livso_com	https://livso.com/
locomo_joa_jp	https://locomo-joa.jp/
locomotive_ca	https://locomotive.ca/
loftec_ru	https://loftec.ru/
logicare_co_jp	https://logicare.co.jp/
logram_co_jp	https://logram.co.jp/
lona_beauty_com	https://lona-beauty.com/
longest_jp	https://longest.jp/
lookslike_jp	https://lookslike.jp/
loonatheworld_jp	https://loonatheworld.jp/
loopearplugs_jp	https://loopearplugs.jp/
loubsol_com	https://loubsol.com/
lovers_labo_jp	https://lovers-labo.jp/
lp_thebase_in	https://lp.thebase.in/
lp_tiifa_jp	https://lp.tiifa.jp/
lp_webdesignclip_com	https://lp.webdesignclip.com/
luckiis_com	https://luckiis.com/
ludmillamaury_com	https://ludmillamaury.com/
luminoir_tokyo	https://luminoir.tokyo/
lumistage_co_jp	https://lumistage.co.jp/
lyfuk_co_jp	https://lyfuk.co.jp/
lyricode_me	https://lyricode.me/
m_and_f_jp	https://m-and-f.jp/
m_grace_com	https://m-grace.com/
m_machinozoki_com	https://m-machinozoki.com/
m_meguru_com	https://m-meguru.com/
m_trust_co_jp	https://m-trust.co.jp/
maas_engineering	https://maas.engineering/
mabataki_jp	https://mabataki.jp/
machida_city_hospital_tokyo_jp	https://machida-city-hospital-tokyo.jp/
machie01_co_jp	https://machie01.co.jp/
machikomizaq_jp	https://machikomizaq.jp/
macoto_art_com	https://macoto-art.com/
made_in_west_jp	https://made-in-west.jp/
madeinuxstudio_com	https://madeinuxstudio.com/
madewithgsap_com	https://madewithgsap.com/
maeda_fujinka_com	https://maeda-fujinka.com/
maedakoumuten_jp	https://maedakoumuten.jp/
maedaya_honten_com	https://maedaya-honten.com/
maenokenta_com	https://maenokenta.com/
mafcohouse_com	https://mafcohouse.com/
mag_puma_jp	https://mag.puma.jp/
magazine_nikoand_jp	https://magazine.nikoand.jp/
mahna_jp	https://mahna.jp/
mahoyaku_com	https://mahoyaku.com/
mahzedahrbakery_com	https://mahzedahrbakery.com/
maikasui_com	https://maikasui.com/
makemylemonade_com	https://makemylemonade.com/
makespacegroup_com	https://makespacegroup.com/
makeumor_com	https://makeumor.com/
makinoyado_com	https://makinoyado.com/
makuhari_jibika_yukenkai_com	https://makuhari-jibika.yukenkai.com/
makuhari_shika_yukenkai_com	https://makuhari-shika.yukenkai.com/
maltine20_net	https://maltine20.net/
mamafes_net	https://mamafes.net/
mammoth_tech	https://mammoth.tech/
manabi_square_nagaokaut_ac_jp	https://manabi-square.nagaokaut.ac.jp/
manekineo_jp	https://manekineo.jp/
mangrovehotel_com_au	https://mangrovehotel.com.au/
manifeststore_com	https://manifeststore.com/
mannekenpis_ceres_com	https://mannekenpis-ceres.com/
maoiq_jp	https://maoiq.jp/
marasy8_jp	https://marasy8.jp/
marble_studio	https://marble.studio/
marckremers_com	https://marckremers.com/
mare_gym_jp	https://mare-gym.jp/
mare_kyoto_com	https://mare-kyoto.com/
marielaurent_fr	https://marielaurent.fr/
markaware_jp	https://markaware.jp/
marubuta_jp	https://marubuta.jp/
marusatsu_jp	https://marusatsu.jp/
maruwa_net_jp	https://maruwa-net.jp/
masaaki_kobayashi_com	https://masaaki-kobayashi.com/
massivesapporo_com	https://massivesapporo.com/
masu2_jp	https://masu2.jp/
matelibre_com	https://matelibre.com/
mathconnect_tokyo_shoseki_co_jp	https://mathconnect.tokyo-shoseki.co.jp/
mathieulevesque_com	https://mathieulevesque.com/
matsudaiyaku_shop	https://matsudaiyaku.shop/
matsudo_yasashii_labo_jp	https://matsudo-yasashii-labo.jp/
matsue_group_co_jp	https://matsue-group.co.jp/
matsukawaura_guide_com	https://matsukawaura-guide.com/
matsumoto_seikeigeka_com	https://matsumoto-seikeigeka.com/
matsurito_jp	https://matsurito.jp/
matterinteriors_com	https://matterinteriors.com/
mauinterview_musabi_ac_jp	https://mauinterview.musabi.ac.jp/
max_xlwatches_jp	https://max-xlwatches.jp/
maxcooper_net	https://maxcooper.net/
maxjapan_adobe_com	https://maxjapan.adobe.com/
mayerr_com	https://mayerr.com/
mazer_jp	https://mazer.jp/
mb_cafe_net	https://mb-cafe.net/
mc_ao_co_jp	https://mc-ao.co.jp/
mchaho_com	https://mchaho.com/
mcoinc_jp	https://mcoinc.jp/
me_mori_jp	https://me-mori.jp/
meandyou_net	https://meandyou.net/
media_bridal_day_jp	https://media.bridal-day.jp/
media_megly_jp_com	https://media.megly-jp.com/
media_monks_com	https://media.monks.com/
media_reazon_jp	https://media.reazon.jp/
mediainnovatiecampus_nl	https://mediainnovatiecampus.nl/
mediashop_daimaru_matsuzakaya_jp	https://mediashop.daimaru-matsuzakaya.jp/
medical_shiseido_co_jp	https://medical.shiseido.co.jp/
mediqtto_jp	https://mediqtto.jp/
megaderu_co_jp	https://megaderu.co.jp/
megafoon_co_jp	https://megafoon.co.jp/
megamis_lion_co_jp	https://megamis.lion.co.jp/
megly_jp_com	https://megly-jp.com/
meiga_nikko_za_com	https://meiga-nikko-za.com/
meijisakaba_jp	https://meijisakaba.jp/
meimei_lecru_jp	https://meimei.lecru.jp/
meito_carehome_com	https://meito-carehome.com/
mek_studio	https://mek.studio/
melanie_f_com	https://melanie-f.com/
melantrick_com	https://melantrick.com/
meltbeauty_jp	https://meltbeauty.jp/
men_tartaruga_co_jp	https://men.tartaruga.co.jp/
menicon_school_com	https://menicon-school.com/
menma_jp	https://menma.jp/
meray_tokyo	https://meray.tokyo/
mercedes_amg_jp	https://mercedes-amg.jp/
mermaidandguys_com	https://mermaidandguys.com/
mespotes_jp	https://mespotes.jp/
metaps_com	https://metaps.com/
metate_jp	https://metate.jp/
meteora_pro_com	https://meteora-pro.com/
metmuseum_org	https://metmuseum.org/
metrocs_jp	https://metrocs.jp/
mhn_mania_com	https://mhn-mania.com/
mi_kata_jp	https://mi-kata.jp/
mi_rai_co_jp	https://mi-rai.co.jp/
michibeauty_jp	https://michibeauty.jp/
michinoeki_ashigakubo_com	https://michinoeki-ashigakubo.com/
michinoeki_ota_com	https://michinoeki-ota.com/
mid_career_nyle_co_jp	https://mid-career.nyle.co.jp/
mid_pm_co_jp	https://mid-pm.co.jp/
midori_fukushikai_or_jp	https://midori-fukushikai.or.jp/
midoriaoyama_jp	https://midoriaoyama.jp/
miefukushikai_jp	https://miefukushikai.jp/
miho_youchien_com	https://miho-youchien.com/
mihub_mi_6_co_jp	https://mihub.mi-6.co.jp/
miishi_observite_studio_site	https://miishi-observite.studio.site/
miitsu_city	https://miitsu.city/
mijikana_jp	https://mijikana.jp/
mikawa_kyosei_jp	https://mikawa-kyosei.jp/
mikawaya_kamakura_jp	https://mikawaya-kamakura.jp/
miki_narrative_com	https://miki-narrative.com/
mikihiko_com	https://mikihiko.com/
mikketa_jp	https://mikketa.jp/
mikotohoikuen_net	https://mikotohoikuen.net/
miku_art_com	https://miku-art.com/
mil_inc_com	https://mil-inc.com/
mile_post_org	https://mile-post.org/
mileinn_co	https://mileinn.co/
milez_jp	https://milez.jp/
milight_taxi_co_jp	https://milight-taxi.co.jp/
milkjapon_com	https://milkjapon.com/
mill3_studio	https://mill3.studio/
millenniumparade_com	https://millenniumparade.com/
mimorone_jp	https://mimorone.jp/
mimt_jp	https://mimt.jp/
minamisawa_co_jp	https://minamisawa.co.jp/
minatomirai_or_jp	https://minatomirai.or.jp/
mindtrail_okuyamato_jp	https://mindtrail.okuyamato.jp/
mineo_jp	https://mineo.jp/
minerva_sleep_jp	https://minerva-sleep.jp/
mini_5door_jp	https://mini-5door.jp/
minimalissimo_com	https://minimalissimo.com/
minnano_dap_jp	https://minnano-dap.jp/
minoh_greenvilla_jp	https://minoh-greenvilla.jp/
minrakugolf_jp	https://minrakugolf.jp/
minto_hiroshima_jp	https://minto-hiroshima.jp/
minx_net_co_jp	https://minx-net.co.jp/
mipig_co_jp	https://mipig.co.jp/
mirai_log_com	https://mirai-log.com/
miraiga_lab_com	https://miraiga-lab.com/
mirainoikesu_fish	https://mirainoikesu.fish/
mirainotane_sumitomoexpo_com	https://mirainotane.sumitomoexpo.com/
miraisha_net	https://miraisha.net/
miraitonya_com	https://miraitonya.com/
miramacho_com	https://miramacho.com/
mirise_asset_co_jp	https://mirise-asset.co.jp/
miro_com	https://miro.com/
miro2025_exhibit_jp	https://miro2025.exhibit.jp/
mirocomachiko_cm_exhibit_jp	https://mirocomachiko-cm.exhibit.jp/
miroku_clinic	https://miroku.clinic/
mirpurifoundation_org	https://mirpurifoundation.org/
misshelly_com	https://misshelly.com/
mistretta_ch	https://mistretta.ch/
miurabase_com	https://miurabase.com/
miyakoyu_jp	https://miyakoyu.jp/
miyama_mokuzai_jp	https://miyama-mokuzai.jp/
miyamariken_co_jp	https://miyamariken.co.jp/
miyokka_com	https://miyokka.com/
miyoshi_gifu_jp	https://miyoshi-gifu.jp/
miyoshi_i_com	https://miyoshi-i.com/
mizukara_com	https://mizukara.com/
mizumichi_tokyo	https://mizumichi.tokyo/
mizunoringyo_com	https://mizunoringyo.com/
mkenko_jp	https://mkenko.jp/
mlegal_rds_ava_case_com	https://mlegal-rds.ava-case.com/
mmusicstudio_com	https://mmusicstudio.com/
mn_cosme_com	https://mn-cosme.com/
mobareco_jp	https://mobareco.jp/
mobile_mercari_com	https://mobile.mercari.com/
mobitect_jp	https://mobitect.jp/
mock_jpn_com	https://mock-jpn.com/
mocmo_co_jp	https://mocmo.co.jp/
modea_co_jp	https://modea.co.jp/
modernca_online_com	https://modernca-online.com/
modica_jp	https://modica.jp/
mogushi_jp	https://mogushi.jp/
momochisoap_com	https://momochisoap.com/
momotaro_design	https://momotaro.design/
mon_cifaka_jp	https://mon.cifaka.jp/
monakadesign_online	https://monakadesign.online/
mondrian_gg	https://mondrian.gg/
monicle_co_jp	https://monicle.co.jp/
monkey_drive_com	https://monkey-drive.com/
mono_frm_fm	https://mono.frm.fm/
monograph_io	https://monograph.io/
monokoto_lab_jp	https://monokoto-lab.jp/
monopo_london	https://monopo.london/
monopo_nyc	https://monopo.nyc/
monorevo_jp	https://monorevo.jp/
monoto_life	https://monoto.life/
mont_jp	https://mont.jp/
montaglobal_com	https://montaglobal.com/
montakanawa_jp	https://montakanawa.jp/
montreal_mutek_org	https://montreal.mutek.org/
moonlight_gear_com	https://moonlight-gear.com/
morethanprj_com	https://morethanprj.com/
mori_ne_com	https://mori-ne.com/
morino_kuni_com	https://morino-kuni.com/
morinopitagoras_life	https://morinopitagoras.life/
moritamiw_com	https://moritamiw.com/
mos_jp	https://mos.jp/
motena_sea_co_jp	https://motena-sea.co.jp/
motherhaus_sauna_com	https://motherhaus-sauna.com/
motokurashi_com	https://motokurashi.com/
motomachi_clinic	https://motomachi.clinic/
motoya_united_co_jp	https://motoya-united.co.jp/
mottainai_info	https://mottainai.info/
mountaindew_com	https://mountaindew.com/
mouthwash_co	https://mouthwash.co/
movedesign_jp	https://movedesign.jp/
mr_lead_com	https://mr-lead.com/
mr_standard_lifelabel_jp	https://mr-standard.lifelabel.jp/
mr_wesman_com	https://mr-wesman.com/
mstage_corp_jp	https://mstage-corp.jp/
mtd_inc_co_jp	https://mtd-inc.co.jp/
mtrl_com	https://mtrl.com/
mtrl_net	https://mtrl.net/
mu_ro_jp	https://mu-ro.jp/
muff_web_com	https://muff-web.com/
mugi_wedding_com	https://mugi-wedding.com/
muice_jp	https://muice.jp/
mukawaryu_com	https://mukawaryu.com/
mukeikaku_co_jp	https://mukeikaku.co.jp/
munekata_group	https://munekata.group/
munihoikuen_net	https://munihoikuen.net/
muraflex_com	https://muraflex.com/
murakamifarm_com	https://murakamifarm.com/
muraoka_sohonpo_co_jp	https://muraoka-sohonpo.co.jp/
murayama_ningyo_jp	https://murayama-ningyo.jp/
muroom_chicabi_jp	https://muroom.chicabi.jp/
murren_ru	https://murren.ru/
musashishinjo_shika_com	https://musashishinjo-shika.com/
musclesuit_co_jp	https://musclesuit.co.jp/
mushroomtokyo_com	https://mushroomtokyo.com/
music_casio_com	https://music.casio.com/
music_pacsun_com	https://music.pacsun.com/
musubime_link	https://musubime.link/
mute_design	https://mute.design/
muugmuug_com	https://muugmuug.com/
muuu_com	https://muuu.com/
muzzleshot_com	https://muzzleshot.com/
mvmnt_tokyo	https://mvmnt.tokyo/
my_best_com	https://my-best.com/
myojin_tokyo	https://myojin.tokyo/
mypro_co_jp	https://mypro.co.jp/
myset_co_jp	https://myset.co.jp/
myv382tokyo_com	https://myv382tokyo.com/
myways_kirinholdings_com	https://myways.kirinholdings.com/
mywinedive_com	https://mywinedive.com/
n_park_project_jp	https://n-park-project.jp/
n_nissan_osaka_co_jp	https://n.nissan-osaka.co.jp/
naftagaz_com	https://naftagaz.com/
nagai88_jp	https://nagai88.jp/
nagasaki_jack_co_jp	https://nagasaki-jack.co.jp/
nagi_kurashiki_com	https://nagi-kurashiki.com/
nagi_tv	https://nagi.tv/
nagoya_grampus_jp	https://nagoya-grampus.jp/
nagoya_nenohi_com	https://nagoya-nenohi.com/
nahamaguro_com	https://nahamaguro.com/
naho_cpta_com	https://naho-cpta.com/
naitre_tokyo	https://naitre.tokyo/
nakachiphoto_com	https://nakachiphoto.com/
nakagawa415_com	https://nakagawa415.com/
nakagoshi_shop	https://nakagoshi.shop/
nakaguro_com	https://nakaguro.com/
nakajin_official_com	https://nakajin-official.com/
nakamura_seihakusho_co_jp	https://nakamura-seihakusho.co.jp/
nakamurakentaro_com	https://nakamurakentaro.com/
nakamurashouten_co_jp	https://nakamurashouten.co.jp/
nakashima_c_info	https://nakashima-c.info/
nakata_net	https://nakata.net/
nakayama_kyousei_com	https://nakayama-kyousei.com/
nanairo_kuukan_com	https://nanairo-kuukan.com/
nanasaninc_com	https://nanasaninc.com/
nanatural_jp	https://nanatural.jp/
nannalagerman_com	https://nannalagerman.com/
nantankanko_jp	https://nantankanko.jp/
nanyodo_monaka_com	https://nanyodo-monaka.com/
naoh_jp	https://naoh.jp/
naoshichi_kyoto_jp	https://naoshichi-kyoto.jp/
naotaro_com	https://naotaro.com/
naotta_synergy_ins_co_jp	https://naotta.synergy-ins.co.jp/
naranoki_co_jp	https://naranoki.co.jp/
naruhodo_zensoku_com	https://naruhodo-zensoku.com/
naruto_retreat_jp	https://naruto-retreat.jp/
natan_be	https://natan.be/
natomishuku_com	https://natomishuku.com/
natupa_jp	https://natupa.jp/
natural_lawson_co_jp	https://natural.lawson.co.jp/
nature_and_human_art	https://nature-and-human.art/
nature_global	https://nature.global/
nautil_us	https://nautil.us/
naxis_net	https://naxis.net/
naya_com	https://naya.com/
ncar_artmuseums_go_jp	https://ncar.artmuseums.go.jp/
ncptokyo_com	https://ncptokyo.com/
ndcosd_jp	https://ndcosd.jp/
necktie_tokyo	https://necktie.tokyo/
neco_handcare_jp	https://neco-handcare.jp/
nedan_ja_kyosai_or_jp	https://nedan.ja-kyosai.or.jp/
neemorganic_jp	https://neemorganic.jp/
nekoanma_jp	https://nekoanma.jp/
nekobu_com	https://nekobu.com/
nekoneko_pharmacy_com	https://nekoneko-pharmacy.com/
nekonekocheesecake_com	https://nekonekocheesecake.com/
nekoshoku_jp	https://nekoshoku.jp/
neoai_jp	https://neoai.jp/
neplusultra_jp	https://neplusultra.jp/
neri_design_co_jp	https://neri-design.co.jp/
nero_hair_jp	https://nero-hair.jp/
nerval_ch	https://nerval.ch/
net_nengajo_jp	https://net-nengajo.jp/
netconcierge_jp	https://netconcierge.jp/
network_mobile_rakuten_co_jp	https://network.mobile.rakuten.co.jp/
neuemontreal_com	https://neuemontreal.com/
neufuntrois_com	https://neufuntrois.com/
new_kitakyushu_city_com	https://new-kitakyushu-city.com/
new_jhrs_or_jp	https://new.jhrs.or.jp/
new_savour_design	https://new.savour.design/
newacousticcamp_com	https://newacousticcamp.com/
newangle_jp	https://newangle.jp/
newgrads_hubble_docs_com	https://newgrads.hubble-docs.com/
newgraduate_nyle_co_jp	https://newgraduate.nyle.co.jp/
newlab_com	https://newlab.com/
newpark_jp	https://newpark.jp/
news_inc	https://news.inc/
newspicks_expert	https://newspicks.expert/
nex_cnsl_co_jp	https://nex-cnsl.co.jp/
nexaware_com	https://nexaware.com/
nextcloudstage_cloudpack_jp	https://nextcloudstage.cloudpack.jp/
nextgennow_canopyplanet_org	https://nextgennow.canopyplanet.org/
nextlifedesignoffice_com	https://nextlifedesignoffice.com/
nextstage_group_com	https://nextstage-group.com/
nft_nissan_co_jp	https://nft.nissan.co.jp/
niaulab_com	https://niaulab.com/
nibutani_jp	https://nibutani.jp/
nic_niccachemical_com	https://nic.niccachemical.com/
nichinichica_com	https://nichinichica.com/
nico_d_net	https://nico-d.net/
nicoli_jp	https://nicoli.jp/
nicori_org	https://nicori.org/
nightcruising_jp	https://nightcruising.jp/
nihon_eisen_co_jp	https://nihon-eisen.co.jp/
nihon_sogo_engei_co_jp	https://nihon-sogo-engei.co.jp/
nihon_sogo_engei_com	https://nihon-sogo-engei.com/
nij_nikon_com	https://nij.nikon.com/
nikawa_daikon_com	https://nikawa-daikon.com/
nike_baseman_co_jp	https://nike.baseman.co.jp/
ninefor_co_jp	https://ninefor.co.jp/
ninzia_jp	https://ninzia.jp/
nipponia_kosuge_jp	https://nipponia-kosuge.jp/
nipponianippon_jp	https://nipponianippon.jp/
nisekohakuunso_com	https://nisekohakuunso.com/
nishi_itami_k_ed_jp	https://nishi-itami-k.ed.jp/
nishichibakosakushitsu_com	https://nishichibakosakushitsu.com/
nishihour_jp	https://nishihour.jp/
nishikage_anex_jp	https://nishikage-anex.jp/
nishikawa_noen_net	https://nishikawa-noen.net/
nishimura_pharmacy_com	https://nishimura-pharmacy.com/
nishiokatent_net	https://nishiokatent.net/
niterra_suisonomori_com	https://niterra-suisonomori.com/
niwahouzing_com	https://niwahouzing.com/
nkinter_co_jp	https://nkinter.co.jp/
nmd2_com	https://nmd2.com/
nn9_jp	https://nn9.jp/
no_12_jp	https://no-12.jp/
no_meets_ltd	https://no.meets.ltd/
nobeokamenma_com	https://nobeokamenma.com/
nobinobi_fes_com	https://nobinobi-fes.com/
noblek_com	https://noblek.com/
nobu_n_co_jp	https://nobu-n.co.jp/
nobushina_coffee_com	https://nobushina-coffee.com/
nocoto_jp	https://nocoto.jp/
nodehotel_com	https://nodehotel.com/
noise_safaririot_com	https://noise.safaririot.com/
nolook_co_jp	https://nolook.co.jp/
nomada_ca	https://nomada.ca/
nomal_jp	https://nomal.jp/
nomorerules_net	https://nomorerules.net/
nomos_glashuette_com	https://nomos-glashuette.com/
nomurapassport_com	https://nomurapassport.com/
nomuraya_1913_co_jp	https://nomuraya-1913.co.jp/
nomurayagroup_com	https://nomurayagroup.com/
nonononnon_com	https://nonononnon.com/
noraisinsandwich_com	https://noraisinsandwich.com/
norikura_gr_jp	https://norikura.gr.jp/
noroma_net	https://noroma.net/
noroshi_farm_com	https://noroshi-farm.com/
northflaggers_com	https://northflaggers.com/
northsand_co_jp	https://northsand.co.jp/
northstreetcreative_com	https://northstreetcreative.com/
nospr_org_pl	https://nospr.org.pl/
nostos_jp	https://nostos.jp/
notabikeshop_eu	https://notabikeshop.eu/
notdesignschool_jp	https://notdesignschool.jp/
notebar_net	https://notebar.net/
notown_niigata_com	https://notown-niigata.com/
noujirusento_com	https://noujirusento.com/
nowyteatr_org	https://nowyteatr.org/
nozakir_com	https://nozakir.com/
nozawa_mokkou_co_jp	https://nozawa-mokkou.co.jp/
np2024_startup_coy_com	https://np2024.startup-coy.com/
npo_2030_jp	https://npo.2030.jp/
npo_picchio_jp	https://npo.picchio.jp/
npoafterschool_org	https://npoafterschool.org/
nrlab_org	https://nrlab.org/
nsit_tokyo	https://nsit.tokyo/
nskym_jp	https://nskym.jp/
ntg_co_jp	https://ntg.co.jp/
nthdegree_co_uk	https://nthdegree.co.uk/
nttvc_com	https://nttvc.com/
nudd_odditystudio_com	https://nudd.odditystudio.com/
nudo_cosmetics_com	https://nudo-cosmetics.com/
nudot_com_tw	https://nudot.com.tw/
numerouno_tokyo_com	https://numerouno-tokyo.com/
nusa_nagoya	https://nusa.nagoya/
nyushi_hosei_ac_jp	https://nyushi.hosei.ac.jp/
nyushi_kobe_wu_ac_jp	https://nyushi.kobe-wu.ac.jp/
o_2_jp	https://o-2.jp/
o_store_me	https://o-store.me/
oaofootwear_com	https://oaofootwear.com/
oasis_healing_jp	https://oasis-healing.jp/
obeyclothing_com	https://obeyclothing.com/
obliquetools_com	https://obliquetools.com/
obs_urbain_fr	https://obs-urbain.fr/
obudo_jp	https://obudo.jp/
obys_agency	https://obys.agency/
oc_h_jp	https://oc-h.jp/
oc_media_arts_ac_jp	https://oc.media-arts.ac.jp/
occupied_unadsgn_tw	https://occupied.unadsgn.tw/
ochi_design	https://ochi.design/
oda_animalsupport_com	https://oda-animalsupport.com/
odaarchitect_jp	https://odaarchitect.jp/
odai_studio	https://odai.studio/
odashi_com	https://odashi.com/
odekake_artmuseums_go_jp	https://odekake.artmuseums.go.jp/
oeuflab_com	https://oeuflab.com/
offandrelax_jp	https://offandrelax.jp/
office_ma_couleur_com	https://office-ma-couleur.com/
office_cybozu_co_jp	https://office.cybozu.co.jp/
ofuro_time_noritz_co_jp	https://ofuro-time.noritz.co.jp/
ogakame_jp	https://ogakame.jp/
ogawaspring_co_jp	https://ogawaspring.co.jp/
ogusu_co	https://ogusu.co/
ohako_inc_jp	https://ohako-inc.jp/
ohara_sr_com	https://ohara-sr.com/
ohayo_kitamura_com	https://ohayo-kitamura.com/
oheso_group_com	https://oheso-group.com/
ohkk_jp	https://ohkk.jp/
ohmori_d_com	https://ohmori-d.com/
ohni_jp	https://ohni.jp/
oic_nagoya_com	https://oic-nagoya.com/
oicawa_com	https://oicawa.com/
oigen_jp	https://oigen.jp/
oishi_animalclinic_com	https://oishi-animalclinic.com/
oita_aoiclinic_jp	https://oita-aoiclinic.jp/
oita_doctor_com	https://oita-doctor.com/
oita_ijyutecho_com	https://oita-ijyutecho.com/
oita_yamanote_com	https://oita-yamanote.com/
ojiyu_com	https://ojiyu.com/
ok_design_co_jp	https://ok-design.co.jp/
okamotoemi_com	https://okamotoemi.com/
okasan_saiyo_jp	https://okasan.saiyo.jp/
okayamalaundry_co_jp	https://okayamalaundry.co.jp/
oki_churaumi_jp	https://oki-churaumi.jp/
okina_pj_com	https://okina-pj.com/
okinawa_kougeinomori_jp	https://okinawa-kougeinomori.jp/
okuaizu_sedomori_com	https://okuaizu-sedomori.com/
okuru_design_com	https://okuru-design.com/
okusawamasubuchi_com	https://okusawamasubuchi.com/
okuyamato_journal_com	https://okuyamato-journal.com/
oland_outdoorliving_co_jp	https://oland-outdoorliving.co.jp/
oldspitalfieldsmarket_com	https://oldspitalfieldsmarket.com/
olimpia_com_py	https://olimpia.com.py/
oliverbrewingco_com	https://oliverbrewingco.com/
olympics_com	https://olympics.com/
olympuspen_com	https://olympuspen.com/
omakase_photobook_jp	https://omakase-photobook.jp/
omaruyama_jp	https://omaruyama.jp/
omicale_co_jp	https://omicale.co.jp/
omit_co_jp	https://omit.co.jp/
omusubi_design_com	https://omusubi-design.com/
onca_co_jp	https://onca.co.jp/
onceuponatime_co_jp	https://onceuponatime.co.jp/
ond_ond_com	https://ond-ond.com/
onefukuoka_building_jp	https://onefukuoka-building.jp/
onfleek_jp	https://onfleek.jp/
ongakutokurashi_tumblr_com	https://ongakutokurashi.tumblr.com/
oniguili_tokyo3days_studio_site	https://oniguili-tokyo3days.studio.site/
online_actus_interior_com	https://online.actus-interior.com/
onlyx_co_jp	https://onlyx.co.jp/
onomichi_shimanami_brewery_com	https://onomichi.shimanami-brewery.com/
onozo_co_jp	https://onozo.co.jp/
onozu_jp	https://onozu.jp/
ontomo_mag_com	https://ontomo-mag.com/
opc_olympus_imaging_com	https://opc.olympus-imaging.com/
openhouse_group_co_jp	https://openhouse-group.co.jp/
openhub_ntt_com	https://openhub.ntt.com/
openmuseum_net	https://openmuseum.net/
orahono_com	https://orahono.com/
orange_life_recruit_jp	https://orange-life-recruit.jp/
orangina_eu	https://orangina.eu/
orangina_jp	https://orangina.jp/
orbital_outdoors_com	https://orbital-outdoors.com/
orgo_co_jp	https://orgo.co.jp/
oriemon_jp	https://oriemon.jp/
origami_hair_jp	https://origami-hair.jp/
origamientertainment_jp	https://origamientertainment.jp/
originalterritory_com	https://originalterritory.com/
oromo_co_jp	https://oromo.co.jp/
ortaggio_jp	https://ortaggio.jp/
osaka_ex_jp	https://osaka-ex.jp/
osaka_hakken_jp	https://osaka-hakken.jp/
osaka1gan_jp	https://osaka1gan.jp/
osakadenki_com	https://osakadenki.com/
osakaeisei_com	https://osakaeisei.com/
osakamania_jp	https://osakamania.jp/
osakastationcity_com	https://osakastationcity.com/
oshiro_robots_com	https://oshiro-robots.com/
osome_com	https://osome.com/
otaka_machizukan_com	https://otaka.machizukan.com/
otanijun_com	https://otanijun.com/
otari_food_com	https://otari-food.com/
oto_shueisha_co_jp	https://oto.shueisha.co.jp/
otowa_net_com	https://otowa-net.com/
otsuka_clinic_com	https://otsuka-clinic.com/
otsukawataru_com	https://otsukawataru.com/
ottoworks_jp	https://ottoworks.jp/
otukaresan_com	https://otukaresan.com/
ougon_jp	https://ougon.jp/
our_meal_com	https://our-meal.com/
our_co_jp	https://our.co.jp/
ours_magazine_jp	https://ours-magazine.jp/
outhere_music_com	https://outhere-music.com/
outsmartlabs_com	https://outsmartlabs.com/
overa_jp	https://overa.jp/
overclothing_com	https://overclothing.com/
overpass_studiovoila_com	https://overpass.studiovoila.com/
overtonsgarden_com	https://overtonsgarden.com/
oxem_ru	https://oxem.ru/
oyogetaiyaki_com	https://oyogetaiyaki.com/
p_kinseido_com	https://p-kinseido.com/
p_danone_co_jp	https://p.danone.co.jp/
p_kobe_c_ac_jp	https://p.kobe-c.ac.jp/
p22_studio	https://p22.studio/
pachi_pachi_7_jp	https://pachi-pachi-7.jp/
packbags_nl	https://packbags.nl/
pactmedia_org	https://pactmedia.org/
pae_dc_com	https://pae-dc.com/
pagead2_googlesyndication_com	https://pagead2.googlesyndication.com/
palette_nagasaki_or_jp	https://palette-nagasaki.or.jp/
palstage_co_jp	https://palstage.co.jp/
pan_catnote_co_jp	https://pan.catnote.co.jp/
pants01_com	https://pants01.com/
papamamanhouse_com	https://papamamanhouse.com/
papas_jpn_com	https://papas.jpn.com/
paradoxlive_jp	https://paradoxlive.jp/
paramore_is	https://paramore.is/
paratech_com	https://paratech.com/
parcourscanada_com	https://parcourscanada.com/
parkcoffeeandbagel_jp	https://parkcoffeeandbagel.jp/
parklafun_com	https://parklafun.com/
parkletbakery_com	https://parkletbakery.com/
part_archi	https://part.archi/
partheno_gy_jp	https://partheno-gy.jp/
partner_cekai_jp	https://partner.cekai.jp/
pas_pol_jp	https://pas-pol.jp/
passione_jp	https://passione.jp/
patina_shop_pro_jp	https://patina.shop-pro.jp/
patrainc_jp	https://patrainc.jp/
patrick_onlineshop_jp	https://patrick-onlineshop.jp/
patrickdavid_com	https://patrickdavid.com/
patrickproact_com	https://patrickproact.com/
paul_recruit_com	https://paul-recruit.com/
pavilionaudio_systems	https://pavilionaudio.systems/
pawpark_jp	https://pawpark.jp/
pay_line_me	https://pay.line.me/
payme_tokyo	https://payme.tokyo/
peakdesignltd_com	https://peakdesignltd.com/
peakzone_jp	https://peakzone.jp/
pelago_studio_com	https://pelago-studio.com/
pen_special_jp	https://pen-special.jp/
pentel_orenznero_jp	https://pentel-orenznero.jp/
people_things_jp	https://people-things.jp/
permanentbros_com	https://permanentbros.com/
pernod_ricard_com	https://pernod-ricard.com/
persona_corporate_co_jp	https://persona-corporate.co.jp/
perspectivewoodworks_com	https://perspectivewoodworks.com/
petari_jp	https://petari.jp/
petitringo_net	https://petitringo.net/
petly_jp	https://petly.jp/
pf_j_or_y_com	https://pf.j-or-y.com/
pfq_jp	https://pfq.jp/
philipstein_jp	https://philipstein.jp/
philorch_ensembleartsphilly_org	https://philorch.ensembleartsphilly.org/
photo_collection_nttdocomo_co_jp	https://photo-collection.nttdocomo.co.jp/
photo516_net	https://photo516.net/
photoire_attdesign_site	https://photoire.attdesign.site/
photonico_asia	https://photonico.asia/
photosynth_co_jp	https://photosynth.co.jp/
photoyoshi_com	https://photoyoshi.com/
piccalil_li	https://piccalil.li/
pickupplayground_jp	https://pickupplayground.jp/
pie_co_jp	https://pie.co.jp/
pillow_co_jp	https://pillow.co.jp/
pilot_frixion_synergy_jp	https://pilot-frixion-synergy.jp/
pitchforkmusicfestival_fr	https://pitchforkmusicfestival.fr/
pitperform_eu	https://pitperform.eu/
pj_mercari_com	https://pj.mercari.com/
pjt_loundraw_jp	https://pjt.loundraw.jp/
plage_baycrews_co_jp	https://plage.baycrews.co.jp/
planetarhythm_com	https://planetarhythm.com/
planetjapan_co_jp	https://planetjapan.co.jp/
plantanoniwa_com	https://plantanoniwa.com/
plantchicago_org	https://plantchicago.org/
plantone_co_uk	https://plantone.co.uk/
plastic_design	https://plastic.design/
play_back_net	https://play-back.net/
playandstay_jp	https://playandstay.jp/
playdesign_lab_com	https://playdesign-lab.com/
playingfashion_com	https://playingfashion.com/
plaza_umin_ac_jp	https://plaza.umin.ac.jp/
plazmark_craypas_co_jp	https://plazmark.craypas.co.jp/
pltfrm_jp	https://pltfrm.jp/
plus_oc_onecareer_jp	https://plus-oc.onecareer.jp/
plusgraph_ca_jp	https://plusgraph-ca.jp/
plusyou_tse_or_jp	https://plusyou.tse.or.jp/
po_lak_com	https://po-lak.com/
poc_sculpture_com	https://poc-sculpture.com/
pocarisweat_jp	https://pocarisweat.jp/
pogg_sweetpotatopie_com	https://pogg-sweetpotatopie.com/
pokedigi_com	https://pokedigi.com/
pool_inc_net	https://pool-inc.net/
popmontreal_com	https://popmontreal.com/
popo_q_co_jp	https://popo-q.co.jp/
poppo_westjr_co_jp	https://poppo.westjr.co.jp/
port_cinra_co_jp	https://port.cinra.co.jp/
portable_tv	https://portable.tv/
portal_town_asakawa_fukushima_jp	https://portal.town.asakawa.fukushima.jp/
portla_mag_com	https://portla-mag.com/
postcoffee_co	https://postcoffee.co/
postfake_com	https://postfake.com/
potluckmarket_com	https://potluckmarket.com/
poweredby_tokyo	https://poweredby.tokyo/
ppt_kuroko_me	https://ppt.kuroko.me/
pr_y_org	https://pr-y.org/
pr_fontplus_jp	https://pr.fontplus.jp/
pr_hyundai_com	https://pr.hyundai.com/
pr_nikkei_com	https://pr.nikkei.com/
pras2015_jp	https://pras2015.jp/
precisionrun_com	https://precisionrun.com/
predge_jp	https://predge.jp/
pregio_co_jp	https://pregio.co.jp/
premium_water_net	https://premium-water.net/
presnt_jp	https://presnt.jp/
prf_hn	https://prf.hn/
prime_holdings_co_jp	https://prime-holdings.co.jp/
privee_jp	https://privee.jp/
prj_foodecon_w_waseda_jp	https://prj-foodecon.w.waseda.jp/
prm_ooo	https://prm.ooo/
pro_beatport_com	https://pro.beatport.com/
probank_home_co_jp	https://probank-home.co.jp/
production_hasu_work	https://production-hasu.work/
products_rivian_com	https://products.rivian.com/
project_obsolete_com	https://project-obsolete.com/
project_azabudai_hills_com	https://project.azabudai-hills.com/
promo_shonenjump_com	https://promo.shonenjump.com/
prono_co_jp	https://prono.co.jp/
props_studiolumio_com	https://props.studiolumio.com/
pros_holon_inc_jp	https://pros.holon-inc.jp/
prospek_ca	https://prospek.ca/
prossell_jp	https://prossell.jp/
protrek_jp	https://protrek.jp/
ps_receno_com	https://ps.receno.com/
ps_suzukishin_jp	https://ps.suzukishin.jp/
pteron_co_jp	https://pteron.co.jp/
pu_arukikata_co_jp	https://pu.arukikata.co.jp/
public_image_org	https://public-image.org/
pxd_co_jp	https://pxd.co.jp/
q_b_co_jp	https://q-b.co.jp/
q_jrkyushu_co_jp	https://q.jrkyushu.co.jp/
q_livesense_co_jp	https://q.livesense.co.jp/
qando_co_jp	https://qando.co.jp/
qetic_jp	https://qetic.jp/
qiuto_jp	https://qiuto.jp/
qrio_me	https://qrio.me/
qs_mall_jp	https://qs-mall.jp/
qualitas_jp_com	https://qualitas-jp.com/
quartech_jp	https://quartech.jp/
quarterre_com	https://quarterre.com/
qude_audio	https://qude.audio/
quentinmorisseau_com	https://quentinmorisseau.com/
quicksnap_fujifilm_com	https://quicksnap.fujifilm.com/
quoifaireauquebec_com	https://quoifaireauquebec.com/
quote_jp_com	https://quote-jp.com/
qurap_jp	https://qurap.jp/
r_media_co_jp	https://r-media.co.jp/
r_fm	https://r.fm/
r_recruit_jinji_jp	https://r.recruit-jinji.jp/
r100tokyo_com	https://r100tokyo.com/
ra_tel_jp	https://ra-tel.jp/
rabbet_com	https://rabbet.com/
radiko_jp	https://radiko.jp/
radisma_com	https://radisma.com/
railroadladies_com	https://railroadladies.com/
raizin_japan_com	https://raizin-japan.com/
rakudeji_com	https://rakudeji.com/
rakugei_jp	https://rakugei.jp/
rakuwa_nursingschool_ac_jp	https://rakuwa-nursingschool.ac.jp/
rallyinteractive_com	https://rallyinteractive.com/
rand_d_com	https://rand-d.com/
rapstaz_com	https://rapstaz.com/
rara_ritsumei_ac_jp	https://rara.ritsumei.ac.jp/
rare_syd_com	https://rare-syd.com/
rawinc_co_jp	https://rawinc.co.jp/
re_frame_com	https://re-frame.com/
re_marks_ycam_jp	https://re-marks.ycam.jp/
real_smarthr_co_jp	https://real.smarthr.co.jp/
real_tsite_jp	https://real.tsite.jp/
rearise_sss_applibot_co_jp	https://rearise.sss.applibot.co.jp/
rebeccaminkoff_jp	https://rebeccaminkoff.jp/
recast_gym_com	https://recast-gym.com/
reclasy_jp	https://reclasy.jp/
recorc_com	https://recorc.com/
recruit_arakihp_com	https://recruit-arakihp.com/
recruit_career_kokuyo_co_jp	https://recruit-career.kokuyo.co.jp/
recruit_jinji_jp	https://recruit-jinji.jp/
recruit_tokyu_agc_co_jp	https://recruit-tokyu-agc.co.jp/
recruit_4digit_com	https://recruit.4digit.com/
recruit_abematv_co_jp	https://recruit.abematv.co.jp/
recruit_aeonpet_com	https://recruit.aeonpet.com/
recruit_akatsuki_sc_com	https://recruit.akatsuki-sc.com/
recruit_akikawabokuen_com	https://recruit.akikawabokuen.com/
recruit_almic_co_jp	https://recruit.almic.co.jp/
recruit_amana_jp	https://recruit.amana.jp/
recruit_amuse_co_jp	https://recruit.amuse.co.jp/
recruit_astecpaints_co_jp	https://recruit.astecpaints.co.jp/
recruit_baigie_me	https://recruit.baigie.me/
recruit_beautygarage_co_jp	https://recruit.beautygarage.co.jp/
recruit_bulk_co_jp	https://recruit.bulk.co.jp/
recruit_bunshun_co_jp	https://recruit.bunshun.co.jp/
recruit_chatwork_com	https://recruit.chatwork.com/
recruit_chiyodakohan_co_jp	https://recruit.chiyodakohan.co.jp/
recruit_circu_co_jp	https://recruit.circu.co.jp/
recruit_city_utsunomiya_lg_jp	https://recruit.city.utsunomiya.lg.jp/
recruit_columbiaworks_jp	https://recruit.columbiaworks.jp/
recruit_cominka_co_jp	https://recruit.cominka.co.jp/
recruit_demae_can_co_jp	https://recruit.demae-can.co.jp/
recruit_eiwa_housing_co_jp	https://recruit.eiwa-housing.co.jp/
recruit_five_group_co_jp	https://recruit.five-group.co.jp/
recruit_florence_or_jp	https://recruit.florence.or.jp/
recruit_ga_tech_co_jp	https://recruit.ga-tech.co.jp/
recruit_hachimenroppi_com	https://recruit.hachimenroppi.com/
recruit_hakuhodo_technologies_co_jp	https://recruit.hakuhodo-technologies.co.jp/
recruit_hakuhodody_one_co_jp	https://recruit.hakuhodody-one.co.jp/
recruit_hamamatsu_yanase_jp	https://recruit.hamamatsu-yanase.jp/
recruit_harbour_world_jp	https://recruit.harbour-world.jp/
recruit_hcao_tkc_com	https://recruit.hcao-tkc.com/
recruit_indigo_blue_co_jp	https://recruit.indigo-blue.co.jp/
recruit_infrast_jp	https://recruit.infrast.jp/
recruit_ipros_jp	https://recruit.ipros.jp/
recruit_juntendo_co_jp	https://recruit.juntendo.co.jp/
recruit_kadokura_jp	https://recruit.kadokura.jp/
recruit_kawamoto_kozai_co_jp	https://recruit.kawamoto-kozai.co.jp/
recruit_ken_support_com	https://recruit.ken-support.com/
recruit_kh_inc_jp	https://recruit.kh-inc.jp/
recruit_kushi_tanaka_co_jp	https://recruit.kushi-tanaka.co.jp/
recruit_lifull_com	https://recruit.lifull.com/
recruit_lion_tax_jp	https://recruit.lion-tax.jp/
recruit_meisei_ac_jp	https://recruit.meisei.ac.jp/
recruit_musashino_co_jp	https://recruit.musashino.co.jp/
recruit_netbk_co_jp	https://recruit.netbk.co.jp/
recruit_new_one_co_jp	https://recruit.new-one.co.jp/
recruit_nexus_group_jp	https://recruit.nexus-group.jp/
recruit_noveltyinc_co_jp	https://recruit.noveltyinc.co.jp/
recruit_oita_fu_com	https://recruit.oita-fu.com/
recruit_pearl_idea_co_jp	https://recruit.pearl-idea.co.jp/
recruit_peroli_jp	https://recruit.peroli.jp/
recruit_pnp_co_jp	https://recruit.pnp.co.jp/
recruit_qst_go_jp	https://recruit.qst.go.jp/
recruit_reazon_jp	https://recruit.reazon.jp/
recruit_s_word_co_jp	https://recruit.s-word.co.jp/
recruit_saikazo_org	https://recruit.saikazo.org/
recruit_saneki_co_jp	https://recruit.saneki.co.jp/
recruit_sbro_co_jp	https://recruit.sbro.co.jp/
recruit_she_inc_co_jp	https://recruit.she-inc.co.jp/
recruit_shoushin_co_jp	https://recruit.shoushin.co.jp/
recruit_solaputi_jp	https://recruit.solaputi.jp/
recruit_solu_co_jp	https://recruit.solu.co.jp/
recruit_space_bd_com	https://recruit.space-bd.com/
recruit_takami_hd_com	https://recruit.takami-hd.com/
recruit_takanosogo_com	https://recruit.takanosogo.com/
recruit_tential_jp	https://recruit.tential.jp/
recruit_triorb_co_jp	https://recruit.triorb.co.jp/
recruit_tsukui_net	https://recruit.tsukui.net/
recruit_ttcorp_co_jp	https://recruit.ttcorp.co.jp/
recruit_unext_hd_co_jp	https://recruit.unext-hd.co.jp/
recruit_v_kki_co_jp	https://recruit.v-kki.co.jp/
recruit_ykkbsi_co_jp	https://recruit.ykkbsi.co.jp/
recruit_yoga_lava_com	https://recruit.yoga-lava.com/
recruit_yskikaku_net	https://recruit.yskikaku.net/
recruit_zennoh_butsuryu_co_jp	https://recruit.zennoh-butsuryu.co.jp/
recruit2024_dinii_jp	https://recruit2024.dinii.jp/
recruitbranding_geki_inc_com	https://recruitbranding.geki-inc.com/
recruiting_bil_jp	https://recruiting.bil.jp/
recruitment_bizreach_design	https://recruitment.bizreach.design/
recruitment_linie_group_jp	https://recruitment.linie-group.jp/
red_clover_jp	https://red-clover.jp/
reebok_jp	https://reebok.jp/
reflam_jp	https://reflam.jp/
regettacanoe_com	https://regettacanoe.com/
regicare_jp	https://regicare.jp/
reinforce_co_jp	https://reinforce-co.jp/
rejuinc_com	https://rejuinc.com/
rekishi_kanko_pref_aichi_jp	https://rekishi-kanko.pref.aichi.jp/
relational_tourism_jp	https://relational-tourism.jp/
relaxshokudo_com	https://relaxshokudo.com/
reloca_jp	https://reloca.jp/
relyl_com	https://relyl.com/
remede_douce_com	https://remede-douce.com/
reno_plus1_com	https://reno-plus1.com/
rens_f_co_jp	https://rens-f.co.jp/
rent_toyota_co_jp	https://rent.toyota.co.jp/
rental_decollte_co_jp	https://rental.decollte.co.jp/
renxa_co_jp	https://renxa.co.jp/
repair_fito_jp	https://repair.fito.jp/
repos_beauty_com	https://repos-beauty.com/
republic_jpn_org	https://republic.jpn.org/
residence_mixte_com	https://residence-mixte.com/
resident_co_nz	https://resident.co.nz/
resort_inn_yamaichi_com	https://resort-inn-yamaichi.com/
restaurant_novarese_co_jp	https://restaurant.novarese.co.jp/
resume_rbv_me	https://resume.rbv.me/
retaw_tokyo	https://retaw.tokyo/
reuseshift_com	https://reuseshift.com/
rev_a_jp	https://rev-a.jp/
revel_jp	https://revel.jp/
rhizogain_com	https://rhizogain.com/
ricanza_com	https://ricanza.com/
ride_plus_a_jp	https://ride-plus-a.jp/
rider404_com	https://rider404.com/
rijp_eng_nagasaki_u_ac_jp	https://rijp.eng.nagasaki-u.ac.jp/
ring_education	https://ring.education/
rirus_jp	https://rirus.jp/
risdmuseum_org	https://risdmuseum.org/
rise_tax_com	https://rise-tax.com/
rissiinc_jp	https://rissiinc.jp/
ristex_jst_go_jp	https://ristex.jst.go.jp/
ristorante_due_mamme_com	https://ristorante-due-mamme.com/
rita_yame_fukushima_jp	https://rita-yame-fukushima.jp/
rittorsha_jp	https://rittorsha.jp/
rivian_com	https://rivian.com/
rockaku_jp	https://rockaku.jp/
rockinstar_jp	https://rockinstar.jp/
rocksystem_co_jp	https://rocksystem.co.jp/
rogue_studio	https://rogue.studio/
rogueonecapital_jp	https://rogueonecapital.jp/
roguesocietygin_com	https://roguesocietygin.com/
rokkaku_futaba_jp	https://rokkaku-futaba.jp/
rokkan_com	https://rokkan.com/
rokumaruichi_tokyo	https://rokumaruichi.tokyo/
rollbahn_jp	https://rollbahn.jp/
roomz_jp	https://roomz.jp/
roots_prods_com	https://roots-prods.com/
roov_jp	https://roov.jp/
rossa_co_jp	https://rossa.co.jp/
rosso_me_uk	https://rosso.me.uk/
rouvenat_com	https://rouvenat.com/
roversi_hair_com	https://roversi-hair.com/
rqplus_jp	https://rqplus.jp/
rsr_wess_co_jp	https://rsr.wess.co.jp/
rstets_emotion_agency_com	https://rstets.emotion-agency.com/
rsurfer_com	https://rsurfer.com/
rsvp_paris_com	https://rsvp-paris.com/
rugby_ca	https://rugby.ca/
rui_ne_jp	https://rui.ne.jp/
russet_jp	https://russet.jp/
ryotei_kirin_jp	https://ryotei.kirin.jp/
ryukyu_indigo_labo_jp	https://ryukyu-indigo-labo.jp/
ryutist_jp	https://ryutist.jp/
s_iiyo_com	https://s-iiyo.com/
s_mileage_jp	https://s-mileage.jp/
s_style_machico_mu	https://s-style.machico.mu/
s_y_n_jp	https://s-y-n.jp/
s_magazineworld_jp	https://s.magazineworld.jp/
sa_sa_sa_jp	https://sa-sa-sa.jp/
saastokyo_com	https://saastokyo.com/
saboe_jp	https://saboe.jp/
sabus_jp	https://sabus.jp/
safe_haven_net	https://safe-haven.net/
safedatingguide_jp	https://safedatingguide.jp/
safie_jp	https://safie.jp/
saharu_work	https://saharu.work/
saihoji_kokedera_com	https://saihoji-kokedera.com/
saiko_niseko_com	https://saiko-niseko.com/
sailjp_helte_jp	https://sailjp.helte.jp/
sairu_co_jp	https://sairu.co.jp/
saisyoudo_co_jp	https://saisyoudo.co.jp/
saiyo_jr_central_co_jp	https://saiyo.jr-central.co.jp/
saiyou_jpn_panasonic_com	https://saiyou.jpn.panasonic.com/
sajounohanasana_com	https://sajounohanasana.com/
sakaba_shibajuku_net	https://sakaba.shibajuku.net/
sakaidafruits_com	https://sakaidafruits.com/
sakeice_jp	https://sakeice.jp/
sakura_39_recruit_jp	https://sakura-39-recruit.jp/
sakura_butudan_co_jp	https://sakura-butudan.co.jp/
sakura_wks_com	https://sakura-wks.com/
sakurajuji_or_jp	https://sakurajuji.or.jp/
sakusentokyo_com	https://sakusentokyo.com/
sakutei_hiraoka_com	https://sakutei-hiraoka.com/
salasee_com	https://salasee.com/
salomon_jp	https://salomon.jp/
salomonsnowboard_com	https://salomonsnowboard.com/
salon_shiseido_co_jp	https://salon.shiseido.co.jp/
saltsurf_com	https://saltsurf.com/
samidare_co_jp	https://samidare.co.jp/
samukawajinjya_jp	https://samukawajinjya.jp/
sandlandsleep_com	https://sandlandsleep.com/
sannomiyamotofumi_com	https://sannomiyamotofumi.com/
sanomiso_com	https://sanomiso.com/
sanowataru_com	https://sanowataru.com/
sanpo_beams_jp	https://sanpo-beams.jp/
sansan_dsoc_com	https://sansan-dsoc.com/
santa_tote_co_jp	https://santa.tote.co.jp/
santo_my_fav_jp	https://santo.my-fav.jp/
sanyo_kyushu_jp	https://sanyo-kyushu.jp/
sanyotan_co_jp	https://sanyotan.co.jp/
sapporo_parco_jp	https://sapporo.parco.jp/
sara2626_com	https://sara2626.com/
sarutahiko_co	https://sarutahiko.co/
sasaki_inc_co_jp	https://sasaki-inc.co.jp/
sasawashi_com	https://sasawashi.com/
sasazukabowl_com	https://sasazukabowl.com/
sasquatchfestival_com	https://sasquatchfestival.com/
sat_andready_net	https://sat.andready.net/
satoumikobe_jp	https://satoumikobe.jp/
satsukikai_oshima_com	https://satsukikai-oshima.com/
satsumasendai_gr_jp	https://satsumasendai.gr.jp/
satsuyu_co_jp	https://satsuyu.co.jp/
satudora_jp	https://satudora.jp/
sauna_ikitai_com	https://sauna-ikitai.com/
saunas_saunas_com	https://saunas-saunas.com/
savilerowprojects_com	https://savilerowprojects.com/
sawamura_architect_jp	https://sawamura-architect.jp/
sawamura_recruit_jp	https://sawamura-recruit.jp/
sawayanagi_s_com	https://sawayanagi-s.com/
saze_co_jp	https://saze.co.jp/
sblig_christmas	https://sblig.christmas/
sbnet_jp	https://sbnet.jp/
sc5_vr_com	https://sc5-vr.com/
scalp_d_angfa_store_jp	https://scalp-d.angfa-store.jp/
scape_vantan_com	https://scape.vantan.com/
scatfudousan_jp	https://scatfudousan.jp/
schoo_jp	https://schoo.jp/
school_hpmusic_jp	https://school.hpmusic.jp/
schweppes_ca	https://schweppes.ca/
science_arts_com	https://science-arts.com/
scienceteam_jst_go_jp	https://scienceteam.jst.go.jp/
scnr_co_jp	https://scnr.co.jp/
scope_recruit_com	https://scope-recruit.com/
scramble_stadium_tokyo	https://scramble-stadium.tokyo/
scrooser_com	https://scrooser.com/
sd_beaute_angfa_store_jp	https://sd-beaute.angfa-store.jp/
seaballoon_com	https://seaballoon.com/
seamart_axis_or_jp	https://seamart.axis.or.jp/
searchwrite_jp	https://searchwrite.jp/
seasion_jp	https://seasion.jp/
secr_jp	https://secr.jp/
secrid_com	https://secrid.com/
secure_cycle_co_jp	https://secure-cycle.co.jp/
seed_line_me	https://seed.line.me/
seedlipdrinks_com	https://seedlipdrinks.com/
seedsandsupply_com	https://seedsandsupply.com/
seesaw_konan_wu_ac_jp	https://seesaw.konan-wu.ac.jp/
sega_interactive_co_jp	https://sega-interactive.co.jp/
seijo_cc_town_net	https://seijo.cc-town.net/
seikatsumeisho_com	https://seikatsumeisho.com/
seikatsusoken_jp	https://seikatsusoken.jp/
seiko_kodomo_jp	https://seiko-kodomo.jp/
seikoshokai_co_jp	https://seikoshokai.co.jp/
seinoflower_net	https://seinoflower.net/
seioukai_jp	https://seioukai.jp/
seisa_ac_jp	https://seisa.ac.jp/
seitaro_design_com	https://seitaro-design.com/
seki_koumuten_co_jp	https://seki-koumuten.co.jp/
select_daiichisyokuhin_com	https://select.daiichisyokuhin.com/
sen_n_com	https://sen-n.com/
sen_tenkawa_com	https://sen-tenkawa.com/
sencla_com	https://sencla.com/
sendgrid_kke_co_jp	https://sendgrid.kke.co.jp/
senrogai_com	https://senrogai.com/
sense_trust_co_jp	https://sense-trust.co.jp/
sentogurashi_com	https://sentogurashi.com/
senya_gafu_com	https://senya-gafu.com/
sep_co_jp	https://sep.co.jp/
serenedept_jp	https://serenedept.jp/
service_plan_b_co_jp	https://service.plan-b.co.jp/
service_sbi_shimenawa_com	https://service.sbi-shimenawa.com/
setagayahp_jp	https://setagayahp.jp/
setouchicruise_com	https://setouchicruise.com/
sevenclear_com	https://sevenclear.com/
sezaki_design_com	https://sezaki-design.com/
sfc_jp	https://sfc.jp/
sgu_adm_kanazawa_u_ac_jp	https://sgu.adm.kanazawa-u.ac.jp/
shadesof_tokyo	https://shadesof.tokyo/
shapefarm_net	https://shapefarm.net/
share_park_com	https://share-park.com/
shared_practice_inc	https://shared.practice.inc/
shed_design	https://shed.design/
shhh_jp	https://shhh.jp/
shibakenfilm_com	https://shibakenfilm.com/
shibukaru_com	https://shibukaru.com/
shibuyatsutayamagazine_com	https://shibuyatsutayamagazine.com/
shicashicacandle_com	https://shicashicacandle.com/
shift_ai_co_jp	https://shift-ai.co.jp/
shimada_dentalclinic_site	https://shimada-dentalclinic.site/
shimahaku_shimameshi_shimayu_jp	https://shimahaku-shimameshi-shimayu.jp/
shimizu_home_com	https://shimizu-home.com/
shimz_labo_jp	https://shimz-labo.jp/
shineigroup_com	https://shineigroup.com/
shingakunet_com	https://shingakunet.com/
shinichiogawa_com	https://shinichiogawa.com/
shink_jp_com	https://shink-jp.com/
shinmi_shika_com	https://shinmi-shika.com/
shinnippon_keiki_co_jp	https://shinnippon-keiki.co.jp/
shinsei_hospital_jp	https://shinsei-hospital.jp/
shinshu_otonowa_studio_site	https://shinshu-otonowa.studio.site/
shinshukyougi_jp	https://shinshukyougi.jp/
shinsoken_jp	https://shinsoken.jp/
shinwa_active_co_jp	https://shinwa-active.co.jp/
shinwa_tech_ne_jp	https://shinwa-tech.ne.jp/
shinya_bakabon_com	https://shinya-bakabon.com/
shinyamatsuyama_com	https://shinyamatsuyama.com/
shinzan_kinosaki_jp	https://shinzan-kinosaki.jp/
shiodakagu_com	https://shiodakagu.com/
shioiriasako_com	https://shioiriasako.com/
shiokuribito_com	https://shiokuribito.com/
shiramine_co_jp	https://shiramine.co.jp/
shiri100_jp	https://shiri100.jp/
shiro_shiro_jp	https://shiro-shiro.jp/
shirokuro_inc_co_jp	https://shirokuro-inc.co.jp/
shiroyamakumano_jinja_jp	https://shiroyamakumano-jinja.jp/
shisapo_com	https://shisapo.com/
shishimaru_agni_inc_com	https://shishimaru.agni-inc.com/
shitamachi_artfes_com	https://shitamachi-artfes.com/
shitoi_jp	https://shitoi.jp/
shizuoka_shika_or_jp	https://shizuoka-shika.or.jp/
sho_ryumokkou_com	https://sho-ryumokkou.com/
shochu_hiball_jp	https://shochu-hiball.jp/
shogotominaga_com	https://shogotominaga.com/
shokumaru_jp	https://shokumaru.jp/
shonansky_com	https://shonansky.com/
shookenbunko_shooken_com	https://shookenbunko.shooken.com/
shooting_mag_jp	https://shooting-mag.jp/
shop_adidas_jp	https://shop.adidas.jp/
shop_bals_co_jp	https://shop.bals.co.jp/
shop_beams_co_jp	https://shop.beams.co.jp/
shop_buffaloes_co_jp	https://shop.buffaloes.co.jp/
shop_camper_com	https://shop.camper.com/
shop_chokagram_com	https://shop.chokagram.com/
shop_coo_co_com	https://shop.coo-co.com/
shop_delfonics_com	https://shop.delfonics.com/
shop_genron_co_jp	https://shop.genron.co.jp/
shop_giraffe_tie_com	https://shop.giraffe-tie.com/
shop_idesnet_co_jp	https://shop.idesnet.co.jp/
shop_jade_shoes_com	https://shop.jade-shoes.com/
shop_kurkku_jp	https://shop.kurkku.jp/
shop_museum_az_com	https://shop.museum-az.com/
shop_nikon_image_com	https://shop.nikon-image.com/
shop_nonsugarlabel_com	https://shop.nonsugarlabel.com/
shop_shochikugeino_co_jp	https://shop.shochikugeino.co.jp/
shop_xmare_com	https://shop.xmare.com/
shop_yamamoto_kaisanbutsu_jp	https://shop.yamamoto-kaisanbutsu.jp/
shop_yamatointr_co_jp	https://shop.yamatointr.co.jp/
shopjapanfitness_jp	https://shopjapanfitness.jp/
shouroutei_jp	https://shouroutei.jp/
shouten_recycle_com	https://shouten-recycle.com/
shouwakensou_com	https://shouwakensou.com/
shoyu3_com	https://shoyu3.com/
shs_kyoto_art_ac_jp	https://shs.kyoto-art.ac.jp/
shueisha_bukatsu_jp	https://shueisha-bukatsu.jp/
shun_kaiusaltd_com	https://shun.kaiusaltd.com/
shuro_world	https://shuro.world/
shy_souvenir_nara_com	https://shy.souvenir-nara.com/
sides_core_com	https://sides-core.com/
sidlee_com	https://sidlee.com/
siegel_nakatsu_com	https://siegel-nakatsu.com/
sierraresort_jp	https://sierraresort.jp/
sigma_dp_com	https://sigma-dp.com/
sign_hair_tokyo	https://sign-hair.tokyo/
silasveta_com	https://silasveta.com/
silotheatre_co_nz	https://silotheatre.co.nz/
silveroak_com	https://silveroak.com/
simone_jp	https://simone.jp/
simplecheck_site	https://simplecheck.site/
sin_sansan_com	https://sin.sansan.com/
since_or_jp	https://since.or.jp/
since2018_jp	https://since2018.jp/
singer_ray_com	https://singer-ray.com/
sipandguzzle_com	https://sipandguzzle.com/
sisi_tokyo	https://sisi.tokyo/
site_frame_com	https://site-frame.com/
sitesao_com	https://sitesao.com/
sizen_sunlife_com	https://sizen-sunlife.com/
sizzer_nl	https://sizzer.nl/
sk_juhan_jp	https://sk-juhan.jp/
sk8_project_com	https://sk8-project.com/
skateshoes_cz	https://skateshoes.cz/
skivefestival_dk	https://skivefestival.dk/
slabo_souki_knit_jp	https://slabo.souki-knit.jp/
slack_com	https://slack.com/
slingshotintergalactic_tv	https://slingshotintergalactic.tv/
sloth_salon	https://sloth.salon/
slowtrain_tbs_co_jp	https://slowtrain.tbs.co.jp/
smaregi_jp	https://smaregi.jp/
smart_sou_co_jp	https://smart-sou.co.jp/
smart4me_net	https://smart4me.net/
smartdrive_co_jp	https://smartdrive.co.jp/
smaryu_com	https://smaryu.com/
smasha_jp	https://smasha.jp/
smile_tohoku_jp	https://smile-tohoku.jp/
smiles_co_jp	https://smiles.co.jp/
sn_design_jp	https://sn-design.jp/
snaq_me	https://snaq.me/
snaqme_com	https://snaqme.com/
snow_cat_jp	https://snow-cat.jp/
snow_volcom_com	https://snow.volcom.com/
snug_city_nagoya_jp	https://snug.city.nagoya.jp/
so_ai_jp	https://so-ai.jp/
sobae_net	https://sobae.net/
socialcoffeehouse_arca_tokyo	https://socialcoffeehouse.arca.tokyo/
socialissuelab_com	https://socialissuelab.com/
socialplus_jp	https://socialplus.jp/
societeperrier_com	https://societeperrier.com/
sodaterutowel_com	https://sodaterutowel.com/
sohofixed_com	https://sohofixed.com/
soine_jp	https://soine.jp/
solace_store_com	https://solace-store.com/
solaieclub_jp	https://solaieclub.jp/
solairo_dentalclinic_com	https://solairo-dentalclinic.com/
solemo_jp	https://solemo.jp/
solncetur_ru	https://solncetur.ru/
somali_co_jp	https://somali.co.jp/
somedia_tv	https://somedia.tv/
somervilles_co_uk	https://somervilles.co.uk/
somewhereyet_world	https://somewhereyet.world/
sonae_ume_jp	https://sonae-ume.jp/
sophiakids_jp	https://sophiakids.jp/
sophiehulme_com	https://sophiehulme.com/
sorahiro_jp	https://sorahiro.jp/
sorohiru_com	https://sorohiru.com/
sorra_jp	https://sorra.jp/
sorveteria_praia_com	https://sorveteria-praia.com/
sososo_tokyo	https://sososo.tokyo/
soto_shinfuji_co_jp	https://soto.shinfuji.co.jp/
souda_kyoto_jp	https://souda-kyoto.jp/
souffle_shokudo_com	https://souffle-shokudo.com/
soujinosuke_jp	https://soujinosuke.jp/
sourire_kawasaki_com	https://sourire-kawasaki.com/
south_iju_ichihara_com	https://south.iju-ichihara.com/
southamptonfc_com	https://southamptonfc.com/
souvenir_nara_com	https://souvenir-nara.com/
souzoku_hot_com	https://souzoku-hot.com/
sp_elle_co_jp	https://sp.elle.co.jp/
sp_shonenjump_com	https://sp.shonenjump.com/
sp_webdesignclip_com	https://sp.webdesignclip.com/
spacemarket_co_jp	https://spacemarket.co.jp/
spaincollection_com	https://spaincollection.com/
spainryugaku_jp	https://spainryugaku.jp/
spark_journal_kddi_com	https://spark-journal.kddi.com/
sparty_jp	https://sparty.jp/
spatzek_studio	https://spatzek.studio/
special_offer_studio	https://special-offer.studio/
special_pen_online_jp	https://special.pen-online.jp/
speedy_io	https://speedy.io/
spence_us	https://spence.us/
spicelabtokyo_com	https://spicelabtokyo.com/
spicynospicy_com_ua	https://spicynospicy.com.ua/
spincoaster_co_jp	https://spincoaster.co.jp/
spire_com	https://spire.com/
splusone_jp	https://splusone.jp/
spriggan_anime_jp	https://spriggan-anime.jp/
sprinage_arimino_co_jp	https://sprinage.arimino.co.jp/
sr_sugiura_jp	https://sr-sugiura.jp/
srgint_com	https://srgint.com/
ssl_maedaroad_co_jp	https://ssl.maedaroad.co.jp/
ssl_nihon_data_jp	https://ssl.nihon-data.jp/
sss_applibot_co_jp	https://sss.applibot.co.jp/
sstr_tech	https://sstr.tech/
stageworks_co_jp	https://stageworks.co.jp/
stand_yaso80gin_jp	https://stand.yaso80gin.jp/
standardimage_jp	https://standardimage.jp/
staplejp_com	https://staplejp.com/
star_m_jp	https://star-m.jp/
startitup_co_jp	https://startitup.co.jp/
stellacasting_jp	https://stellacasting.jp/
stellaeye_jp	https://stellaeye.jp/
stellaseed_jp	https://stellaseed.jp/
stemsoft_jp	https://stemsoft.jp/
stephenwebster_com	https://stephenwebster.com/
stimmt_digital	https://stimmt.digital/
stitch_co_jp	https://stitch.co.jp/
stjeromeharleydavidson_com	https://stjeromeharleydavidson.com/
store_at_aroma_com	https://store.at-aroma.com/
store_beoplay_com	https://store.beoplay.com/
store_bshop_inc_com	https://store.bshop-inc.com/
store_ca4la_com	https://store.ca4la.com/
store_cashca_jp	https://store.cashca.jp/
store_cinra_net	https://store.cinra.net/
store_coto_mono_michi_jp	https://store.coto-mono-michi.jp/
store_eighthundredships_com	https://store.eighthundredships.com/
store_foodandcompany_co_jp	https://store.foodandcompany.co.jp/
store_google_com	https://store.google.com/
store_headporter_co_jp	https://store.headporter.co.jp/
store_healthcare_omron_co_jp	https://store.healthcare.omron.co.jp/
store_puma_jp	https://store.puma.jp/
store_sony_com	https://store.sony.com/
store_world_co_jp	https://store.world.co.jp/
store_y_yacht_co_jp	https://store.y-yacht.co.jp/
store_yamap_com	https://store.yamap.com/
stores_jp	https://stores.jp/
stores_play_jp	https://stores.play.jp/
storiedcolors_com	https://storiedcolors.com/
story_carabina_co_jp	https://story.carabina.co.jp/
storyandco_co	https://storyandco.co/
storybook_gosaiji_kenshin_com	https://storybook.gosaiji-kenshin.com/
storywriter_tokyo	https://storywriter.tokyo/
straightline_jp	https://straightline.jp/
stratefriends_com	https://stratefriends.com/
strategicd_co_jp	https://strategicd.co.jp/
stria_clinic_com	https://stria-clinic.com/
strive_vc	https://strive.vc/
student_career_mc_com	https://student.career-mc.com/
studio_crea_jp	https://studio-crea.jp/
studio_has_jp	https://studio-has.jp/
studio_has_story_jp	https://studio.has-story.jp/
studio_re_d_jp	https://studio.re-d.jp/
studioakademi_com	https://studioakademi.com/
studioakari_jp	https://studioakari.jp/
studiobycolor_com	https://studiobycolor.com/
studioespace_co_jp	https://studioespace.co.jp/
studiogrub_studio_site	https://studiogrub.studio.site/
studiokin_se	https://studiokin.se/
studiopresto_com	https://studiopresto.com/
studiovolbloed_com	https://studiovolbloed.com/
studiozero_co_jp	https://studiozero.co.jp/
stuffandnonsense_co_uk	https://stuffandnonsense.co.uk/
sturdy_co	https://sturdy.co/
stussy_jp	https://stussy.jp/
stuuudio_co	https://stuuudio.co/
stykka_com	https://stykka.com/
subu2016_10th_com	https://subu2016-10th.com/
sudamasaki_music_com	https://sudamasaki-music.com/
suf_jp	https://suf.jp/
sugiyama_kagu_com	https://sugiyama-kagu.com/
sugoyose_jp	https://sugoyose.jp/
suguro_co_jp	https://suguro.co.jp/
suikagame_jp	https://suikagame.jp/
suikou_tokyo_jp	https://suikou-tokyo.jp/
sukawa_hoikuen_com	https://sukawa-hoikuen.com/
sukusukuball_jp	https://sukusukuball.jp/
sumai_panasonic_jp	https://sumai.panasonic.jp/
sumika_creative_net	https://sumika-creative.net/
sumiken_office_com	https://sumiken-office.com/
sumire_totalbeauty_jp	https://sumire-totalbeauty.jp/
sumisura_zegna_com	https://sumisura.zegna.com/
sumomonorikura_com	https://sumomonorikura.com/
sunnny_jp	https://sunnny.jp/
sunnydayscoffee_com	https://sunnydayscoffee.com/
sunwood_ikigai_co_jp	https://sunwood-ikigai.co.jp/
supersonic2020_com	https://supersonic2020.com/
suppose_jp	https://suppose.jp/
supremesupreme_co_nz	https://supremesupreme.co.nz/
sus_i_goods_co_jp	https://sus.i-goods.co.jp/
sushi_issei_com	https://sushi-issei.com/
sushi_meijin_com	https://sushi-meijin.com/
sutekinajikan_co_jp	https://sutekinajikan.co.jp/
suu_haa_jp	https://suu-haa.jp/
suumo_jp	https://suumo.jp/
suzukidenkiseibikouji_com	https://suzukidenkiseibikouji.com/
suzumon_co_jp	https://suzumon.co.jp/
swap_care	https://swap.care/
swipe_nokia_com	https://swipe.nokia.com/
switch_onlife_jp	https://switch-onlife.jp/
swm_jp	https://swm.jp/
sylvain_co	https://sylvain.co/
symphonict_nesic_co_jp	https://symphonict.nesic.co.jp/
syuzgen_com	https://syuzgen.com/
sz_design	https://sz.design/
szmg_jp	https://szmg.jp/
t_4_jp	https://t-4.jp/
t_p_n_jp	https://t-p-n.jp/
t_read_jp	https://t-read.jp/
tabi_moni_com	https://tabi-moni.com/
tabi_tobu_co_jp	https://tabi.tobu.co.jp/
tableofdreams_jp	https://tableofdreams.jp/
tabletofarm_jp	https://tabletofarm.jp/
tableware_noritake_co_jp	https://tableware.noritake.co.jp/
tabroom_jp	https://tabroom.jp/
tachigui_ume_jp	https://tachigui-ume.jp/
tact_ono_com	https://tact-ono.com/
tad_toyama_jp	https://tad-toyama.jp/
tadanoyamajanai_jp	https://tadanoyamajanai.jp/
tadasoko_misakikume_com	https://tadasoko.misakikume.com/
tadaya_net	https://tadaya.net/
taian_inc_com	https://taian-inc.com/
taicha_stand_liginc_co_jp	https://taicha-stand.liginc.co.jp/
taikoukuniyoshi_com	https://taikoukuniyoshi.com/
taiseiyuraku_terrace_reterrace_jp	https://taiseiyuraku-terrace-reterrace.jp/
taishodou_com	https://taishodou.com/
taishushoku_qfes_jp	https://taishushoku.qfes.jp/
taiyobank_recruit_jp	https://taiyobank-recruit.jp/
taiyokakuchi_co_jp	https://taiyokakuchi.co.jp/
takachiho_muratabi_com	https://takachiho-muratabi.com/
takahiroyamamoto_jp	https://takahiroyamamoto.jp/
takamatsu_co_jp	https://takamatsu.co.jp/
takaraminokamo_com	https://takaraminokamo.com/
takaratomymall_jp	https://takaratomymall.jp/
takarayahita_com	https://takarayahita.com/
takasagosushi_co_jp	https://takasagosushi.co.jp/
takayaohta_com	https://takayaohta.com/
takebackthebeers_com	https://takebackthebeers.com/
takeoff16_jp	https://takeoff16.jp/
takeryo_com	https://takeryo.com/
talent_life_jp	https://talent-life.jp/
talent_preneur_jp	https://talent-preneur.jp/
talking_ultrasuede_jp	https://talking-ultrasuede.jp/
tamagawa_va_jp	https://tamagawa-va.jp/
tamagofamily_com	https://tamagofamily.com/
tanakacho_co_jp	https://tanakacho.co.jp/
tanakahonke_org	https://tanakahonke.org/
tanakaya_senbei_jp	https://tanakaya-senbei.jp/
tanbungama109_jp	https://tanbungama109.jp/
tane_be_co_jp	https://tane-be.co.jp/
tangofes_bishokuclub_kyoto	https://tangofes.bishokuclub.kyoto/
tangogameworks_com	https://tangogameworks.com/
tanoshinal_com	https://tanoshinal.com/
tanpopo_day	https://tanpopo.day/
tanukie_jp	https://tanukie.jp/
tapiowirkkala_jp	https://tapiowirkkala.jp/
tapple_me	https://tapple.me/
tategaki_github_io	https://tategaki.github.io/
tatin_jp	https://tatin.jp/
tax_taka_jp	https://tax-taka.jp/
taxonomyofdesign_com	https://taxonomyofdesign.com/
tdc_org	https://tdc.org/
tdctokyo_org	https://tdctokyo.org/
tearai_jp	https://tearai.jp/
tebiyamaya_com	https://tebiyamaya.com/
techlabpaak_com	https://techlabpaak.com/
tecprize_org	https://tecprize.org/
teen_spirit_com	https://teen-spirit.com/
tef_tanigumi_jp	https://tef-tanigumi.jp/
tegamidera_jp	https://tegamidera.jp/
tegamiya_jp	https://tegamiya.jp/
tejidosroca_com	https://tejidosroca.com/
tempalay_jp	https://tempalay.jp/
tempus_hololivepro_com	https://tempus.hololivepro.com/
tency_co_jp	https://tency.co.jp/
tenjinminami_dental_jp	https://tenjinminami-dental.jp/
tenkatoitu_project_jp	https://tenkatoitu-project.jp/
tenku_jp_com	https://tenku-jp.com/
tenshoku_web_jp	https://tenshoku-web.jp/
tenten_fun	https://tenten.fun/
teotl_otc_jp	https://teotl-otc.jp/
teppanyaki_mitsui_com	https://teppanyaki-mitsui.com/
tera_cafe_com	https://tera-cafe.com/
teradatera_com	https://teradatera.com/
terminal_industries_com	https://terminal-industries.com/
terminalplanning_aero	https://terminalplanning.aero/
terra_nova_co_jp	https://terra-nova.co.jp/
terraxross_terra_drone_net	https://terraxross.terra-drone.net/
terror_in_tokyo_com	https://terror-in-tokyo.com/
teshoku_com	https://teshoku.com/
tetsuya_tanaka_com	https://tetsuya-tanaka.com/
tg_logi_com	https://tg-logi.com/
the_cs_com	https://the-cs.com/
the_cubehouse_com	https://the-cubehouse.com/
the_hope_jp	https://the-hope.jp/
the_pool_aoyama_com	https://the-pool-aoyama.com/
the_ringo_jp	https://the-ringo.jp/
the_tandem_com	https://the-tandem.com/
the_villa_jp	https://the-villa.jp/
the_andready_net	https://the.andready.net/
the_strippers_jp	https://the.strippers.jp/
theafrix_com	https://theafrix.com/
theatreforall_net	https://theatreforall.net/
thec8_com	https://thec8.com/
theday_osaka	https://theday.osaka/
thedental_jp	https://thedental.jp/
thedola_com	https://thedola.com/
theearthnews_jp	https://theearthnews.jp/
theenglishbus_com	https://theenglishbus.com/
thefotonaut_com	https://thefotonaut.com/
thefwa_com	https://thefwa.com/
thegeneration_se	https://thegeneration.se/
theghostintheshell_jp	https://theghostintheshell.jp/
thekingsofsummermovie_com	https://thekingsofsummermovie.com/
thelondonlampcompany_com	https://thelondonlampcompany.com/
themanavillage_com	https://themanavillage.com/
themeskingdom_com	https://themeskingdom.com/
themmagazine_net	https://themmagazine.net/
theparksm_com	https://theparksm.com/
thepublic_jp	https://thepublic.jp/
therestaurant_hiroo_com	https://therestaurant-hiroo.com/
theroasters_jp	https://theroasters.jp/
thesearethings_com	https://thesearethings.com/
thestables_jp	https://thestables.jp/
theta360_com	https://theta360.com/
theu_jp	https://theu.jp/
thevisionaries_tokyo_jp	https://thevisionaries-tokyo.jp/
thevoodooexperience_com	https://thevoodooexperience.com/
theyellowmonkeysuper_jp	https://theyellowmonkeysuper.jp/
thg_ne_jp	https://thg.ne.jp/
thinc_partner_c_m_co_jp	https://thinc-partner.c-m.co.jp/
think_of_things_com	https://think-of-things.com/
thinkdance_ca	https://thinkdance.ca/
thinquire_co_jp	https://thinquire.co.jp/
third_design_jp	https://third-design.jp/
thisisneverthat_jp	https://thisisneverthat.jp/
thisispark_jp	https://thisispark.jp/
thisisshizen_jp	https://thisisshizen.jp/
thisworks_co	https://thisworks.co/
three_up_co_jp	https://three-up.co.jp/
threetimescoffee_jp	https://threetimescoffee.jp/
throw_web_com	https://throw-web.com/
tier4_jp	https://tier4.jp/
tieups_com	https://tieups.com/
timboelaars_com	https://timboelaars.com/
time_machine_co_jp	https://time-machine.co.jp/
timealive_jp	https://timealive.jp/
timeless_place	https://timeless.place/
timesecret_jp	https://timesecret.jp/
timetablerecords_com	https://timetablerecords.com/
tindustry_net	https://tindustry.net/
tinyawards_net	https://tinyawards.net/
tipi_inc_com	https://tipi-inc.com/
titan_art_com	https://titan-art.com/
tjda_com	https://tjda.com/
tmdl_jp	https://tmdl.jp/
tmuseum_co_jp	https://tmuseum.co.jp/
to_nine_com	https://to-nine.com/
to_place_co_jp	https://to-place.co.jp/
to1985_net	https://to1985.net/
toal_camperservice_com	https://toal-camperservice.com/
tobichi_jp	https://tobichi.jp/
tochi_sanwa_jp	https://tochi-sanwa.jp/
tochigi_nakamura_com	https://tochigi-nakamura.com/
tochinai_dental_com	https://tochinai-dental.com/
toconoma_mngcr_co_jp	https://toconoma.mngcr.co.jp/
tocotoco_trim_com	https://tocotoco-trim.com/
toft_jp	https://toft.jp/
tofuinc_jp	https://tofuinc.jp/
tofuworks_com	https://tofuworks.com/
togoshi_kt_shika_yukenkai_com	https://togoshi-kt-shika.yukenkai.com/
tohma_net	https://tohma.net/
tohok_com	https://tohok.com/
tokachi_fruits_jp	https://tokachi-fruits.jp/
tokidokifamily_com	https://tokidokifamily.com/
tokoshie_bullet_com	https://tokoshie-bullet.com/
tokusha_jp	https://tokusha.jp/
tokyo_festival_jp	https://tokyo-festival.jp/
tokyo_kuma_co_jp	https://tokyo-kuma.co.jp/
tokyo_noborder_com	https://tokyo-noborder.com/
tokyo_m_bike_mk_com	https://tokyo.m-bike-mk.com/
tokyoartflow_jp	https://tokyoartflow.jp/
tokyobase_co_jp	https://tokyobase.co.jp/
tokyocatspecialists_jp	https://tokyocatspecialists.jp/
tokyogarakutalabo_com	https://tokyogarakutalabo.com/
tokyojoshi_com	https://tokyojoshi.com/
tokyomusicodyssey_jp	https://tokyomusicodyssey.jp/
tokyopistol_com	https://tokyopistol.com/
tokyosento_com	https://tokyosento.com/
tokyotravel_jp	https://tokyotravel.jp/
tokyotypedirectorsclub_org	https://tokyotypedirectorsclub.org/
tokyowood_net	https://tokyowood.net/
tomaful_com	https://tomaful.com/
tomatoto_jp	https://tomatoto.jp/
tomihiro_yuzen_jp	https://tomihiro-yuzen.jp/
tomisoro_com	https://tomisoro.com/
tommykairazz_com	https://tommykairazz.com/
tomomonogatari_com	https://tomomonogatari.com/
tomoro_sugawara_studio_site	https://tomoro-sugawara.studio.site/
tomoyaokada_com	https://tomoyaokada.com/
tonaru_jp	https://tonaru.jp/
tongullman_co_jp	https://tongullman.co.jp/
tono_jingisukan_com	https://tono-jingisukan.com/
tools_lifelabel_jp	https://tools.lifelabel.jp/
topic_takedahp_jp	https://topic.takedahp.jp/
toppaddockcafe_com	https://toppaddockcafe.com/
torasyara_co_jp	https://torasyara.co.jp/
toraworks_world	https://toraworks.world/
torayama_twcc_jp	https://torayama-twcc.jp/
torch_tk_com	https://torch-tk.com/
toreluna_com	https://toreluna.com/
torideken_com	https://torideken.com/
torikofarm_miyakojima_com	https://torikofarm-miyakojima.com/
torishiki_ichimon_jp	https://torishiki-ichimon.jp/
toristudio_tokyo	https://toristudio.tokyo/
torredelsaracino_it	https://torredelsaracino.it/
tosaken_inc_com	https://tosaken-inc.com/
toshin_sekai_com	https://toshin-sekai.com/
toshio_iezumi_jp	https://toshio-iezumi.jp/
total_package_jp	https://total-package.jp/
total_pr_net	https://total-pr.net/
tote_co_jp	https://tote.co.jp/
tote_design	https://tote.design/
totoken_jp	https://totoken.jp/
totopa_jp	https://totopa.jp/
tottoreturn_com	https://tottoreturn.com/
toukenranbu_anibox_jp	https://toukenranbu.anibox.jp/
tour_wana_bros_com	https://tour.wana-bros.com/
toutoucoco_jp	https://toutoucoco.jp/
towadaartcenter_com	https://towadaartcenter.com/
towawedding_com	https://towawedding.com/
towerrecordommune_jp	https://towerrecordommune.jp/
toyama_art_trip_jp	https://toyama-art-trip.jp/
toyoko_inn_recruit_com	https://toyoko-inn-recruit.com/
toyoma_clinic_com	https://toyoma-clinic.com/
toyoseiki_recruit_jp	https://toyoseiki-recruit.jp/
toyota_saiyo_com	https://toyota-saiyo.com/
toyota_cropscrew_jp	https://toyota.cropscrew.jp/
toyotagazooracing_com	https://toyotagazooracing.com/
toyto_de	https://toyto.de/
tph_pr_mecsumai_com	https://tph-pr.mecsumai.com/
tradestoneconfections_com	https://tradestoneconfections.com/
trail_tagsta_in	https://trail.tagsta.in/
trailblazeam_com	https://trailblazeam.com/
transformersgame_com	https://transformersgame.com/
trapeziste_creative_com	https://trapeziste-creative.com/
trends_hautehorlogerie_org	https://trends.hautehorlogerie.org/
trendvision_jp	https://trendvision.jp/
trial_norel_jp	https://trial.norel.jp/
tribalmedia_co_uk	https://tribalmedia.co.uk/
trion_net_co_jp	https://trion-net.co.jp/
trip_u_com	https://trip-u.com/
trippeo_com	https://trippeo.com/
trippin_world	https://trippin.world/
trmdc_com	https://trmdc.com/
tropopause_jp	https://tropopause.jp/
true_towel_com	https://true-towel.com/
trysoda_com	https://trysoda.com/
ts_league_com	https://ts-league.com/
ts_nakamura_com	https://ts-nakamura.com/
tsc_h_com	https://tsc-h.com/
tsite_jp	https://tsite.jp/
tsto_org	https://tsto.org/
tsubajin_co_jp	https://tsubajin.co.jp/
tsubakifm_com	https://tsubakifm.com/
tsubametaxi_yamato_com	https://tsubametaxi-yamato.com/
tsuchifumazu_com	https://tsuchifumazu.com/
tsuchiya_randoseru_jp	https://tsuchiya-randoseru.jp/
tsugumo_jp	https://tsugumo.jp/
tsujimoto_coffee_com	https://tsujimoto-coffee.com/
tsunaken_co_jp	https://tsunaken.co.jp/
tsutsuuraura_jp	https://tsutsuuraura.jp/
tsuzuku_ni_tsuzuke_jp	https://tsuzuku-ni-tsuzuke.jp/
ttmcpa_com	https://ttmcpa.com/
tudzura_jp	https://tudzura.jp/
tvcm_raksul_com	https://tvcm.raksul.com/
twcd_jp	https://twcd.jp/
twinplanet_co_jp	https://twinplanet.co.jp/
twks_ch	https://twks.ch/
twodoorcinemaclub_com	https://twodoorcinemaclub.com/
tyopr_jp	https://tyopr.jp/
type_center	https://type.center/
tyrus_design	https://tyrus.design/
ubac_store_com	https://ubac-store.com/
uchida_st_co_jp	https://uchida-st.co.jp/
uchikoshi_tax_com	https://uchikoshi-tax.com/
ucuuu_net	https://ucuuu.net/
uedahifuka_com	https://uedahifuka.com/
ueno_bunka_jp	https://ueno-bunka.jp/
uid_tsumikiinc_com	https://uid.tsumikiinc.com/
ukiha_kagamidayashiki_com	https://ukiha-kagamidayashiki.com/
uliza_jp	https://uliza.jp/
umafuku_jp	https://umafuku.jp/
umitopartners_com	https://umitopartners.com/
umiuma_jp	https://umiuma.jp/
unanim_studio	https://unanim.studio/
undrama_official_com	https://undrama-official.com/
unforgettable_studio_site	https://unforgettable.studio.site/
uni_liberate_group_com	https://uni.liberate-group.com/
unico_jp_net	https://unico-jp.net/
uniforce_co_jp	https://uniforce.co.jp/
unikani_jp	https://unikani.jp/
unimedia_co_jp	https://unimedia.co.jp/
union_co	https://union.co/
unisia_co_jp	https://unisia.co.jp/
unisound_co_jp	https://unisound.co.jp/
unisve_it	https://unisve.it/
unit_base_com	https://unit-base.com/
unitedstrands_com	https://unitedstrands.com/
unity_inc_jp	https://unity-inc.jp/
unkogakuen_com	https://unkogakuen.com/
unlikesound_com	https://unlikesound.com/
unmt_dev	https://unmt.dev/
unouplus_com	https://unouplus.com/
unsui_fukuoka_jp	https://unsui.fukuoka.jp/
uovohakata_com	https://uovohakata.com/
upgweb_ru	https://upgweb.ru/
upopoy_magazine_jp	https://upopoy-magazine.jp/
urano_apple_com	https://urano-apple.com/
urawa_tsukushi_com	https://urawa-tsukushi.com/
urbaniz_co_jp	https://urbaniz.co.jp/
urdoors_com	https://urdoors.com/
ureshinochadoki_shop	https://ureshinochadoki.shop/
uru_katsu_com	https://uru-katsu.com/
us_blackberry_com	https://us.blackberry.com/
us_frankbody_com	https://us.frankbody.com/
us_leica_camera_com	https://us.leica-camera.com/
usioproject_com	https://usioproject.com/
usports_ca	https://usports.ca/
usuidoboku_co_jp	https://usuidoboku.co.jp/
utrust_com	https://utrust.com/
utsukushii_hug_jp	https://utsukushii-hug.jp/
utsusiwa_jp	https://utsusiwa.jp/
uuum_jp	https://uuum.jp/
uuuuu_work	https://uuuuu.work/
uvocalmusic_studio_site	https://uvocalmusic.studio.site/
valentin_chevalier_com	https://valentin-chevalier.com/
valleyrockfestival_mnet_com	https://valleyrockfestival.mnet.com/
vamos_h_com	https://vamos-h.com/
vanguardprague_cz	https://vanguardprague.cz/
vansay_jp	https://vansay.jp/
vasily_jp	https://vasily.jp/
vaultroom_jp	https://vaultroom.jp/
vehicletokyo_com	https://vehicletokyo.com/
venturaforeman_com	https://venturaforeman.com/
venusbed_co_jp	https://venusbed.co.jp/
venusbelt_com	https://venusbelt.com/
viavita_studio	https://viavita.studio/
vico_co_jp	https://vico-co.jp/
vidal_jp	https://vidal.jp/
videinfra_com	https://videinfra.com/
viens_la_com	https://viens-la.com/
vill_umaji_lg_jp	https://vill.umaji.lg.jp/
village_yadokari_net	https://village.yadokari.net/
ville_valdor_qc_ca	https://ville.valdor.qc.ca/
villerdl_ca	https://villerdl.ca/
vintagience_com	https://vintagience.com/
violetpatisserie2014_com	https://violetpatisserie2014.com/
virgiinity_wedding	https://virgiinity.wedding/
virgilabloh_com	https://virgilabloh.com/
virginhyperloop_com	https://virginhyperloop.com/
virtualtohaku_jp	https://virtualtohaku.jp/
vision_naire_com	https://vision-naire.com/
visionfund_com	https://visionfund.com/
visualsupply_co	https://visualsupply.co/
viteplus_dev	https://viteplus.dev/
viva_next_com	https://viva-next.com/
viva_station_com	https://viva-station.com/
vivaaudio_com	https://vivaaudio.com/
vivibond_com	https://vivibond.com/
vivid_creations_biz	https://vivid-creations.biz/
vivo_vivo_jp	https://vivo-vivo.jp/
vnd_co_jp	https://vnd.co.jp/
vnstar_com_ua	https://vnstar.com.ua/
voguegirl_jp	https://voguegirl.jp/
voice_odai_jp	https://voice-odai.jp/
voicecream_jp	https://voicecream.jp/
voidzero_dev	https://voidzero.dev/
voila_jp	https://voila.jp/
vol_co	https://vol.co/
vp_moscow	https://vp.moscow/
vrstory_jp	https://vrstory.jp/
vspicer_com	https://vspicer.com/
vucko_co	https://vucko.co/
vurrlestudio_com	https://vurrlestudio.com/
wa_concept_jp	https://wa-concept.jp/
wack_tinq_com	https://wack-tinq.com/
wacom_jp	https://wacom.jp/
wacul_ai_com	https://wacul-ai.com/
wagamama_yoani_co_jp	https://wagamama.yoani.co.jp/
wagashi_kotolog_jp	https://wagashi.kotolog.jp/
wagasi_sakasita_jp	https://wagasi-sakasita.jp/
wailea_co_jp	https://wailea.co.jp/
wakayama_kankyo_portal_com	https://wakayama-kankyo-portal.com/
wakuwaku_kumamoto_com	https://wakuwaku-kumamoto.com/
wakuwaku_ropepicnic_com	https://wakuwaku.ropepicnic.com/
walldecorationstore_jp	https://walldecorationstore.jp/
wanderful_index_studio	https://wanderful.index.studio/
wandy_co_jp	https://wandy.co.jp/
wanna_manna_com	https://wanna-manna.com/
wantedlyinc_com	https://wantedlyinc.com/
wao_koso_jp	https://wao-koso.jp/
waphyto_com	https://waphyto.com/
warehouse702_net	https://warehouse702.net/
waris_co_jp	https://waris.co.jp/
wasedamba_jp	https://wasedamba.jp/
wasita_co_jp	https://wasita.co.jp/
watanabe_construction_co_jp	https://watanabe-construction.co.jp/
watanabe_jibika_com	https://watanabe-jibika.com/
watanabe_meat_com	https://watanabe-meat.com/
watanabe_zeirishi_jp	https://watanabe-zeirishi.jp/
watashi_up_jp	https://watashi-up.jp/
watobi_jp	https://watobi.jp/
ways_t_jp	https://ways-t.jp/
waza2_co_jp	https://waza2.co.jp/
wbridge_advisory_co_jp	https://wbridge-advisory.co.jp/
weare_tm	https://weare.tm/
wearemowaa_org	https://wearemowaa.org/
wearetopsecret_com	https://wearetopsecret.com/
weareviruses_com	https://weareviruses.com/
weastcoast_games	https://weastcoast.games/
web_auto	https://web.auto/
web_avalanche_co_jp	https://web.avalanche.co.jp/
web_bridge_net_jp	https://web.bridge-net.jp/
web_canon_jp	https://web.canon.jp/
web_saiyo_jp	https://web.saiyo.jp/
web_tuat_ac_jp	https://web.tuat.ac.jp/
webkid_co_jp	https://webkid.co.jp/
webrawl_org	https://webrawl.org/
wedge_work	https://wedge.work/
weekend_sendai_com	https://weekend-sendai.com/
weekend_jp	https://weekend.jp/
weeklychamp_com	https://weeklychamp.com/
wellness_salon_proud_com	https://wellness-salon-proud.com/
wemakefab_school	https://wemakefab.school/
went_tokyo	https://went.tokyo/
wepresent_wetransfer_com	https://wepresent.wetransfer.com/
westeria_de	https://westeria.de/
wethinkelastic_com	https://wethinkelastic.com/
wevox_io	https://wevox.io/
what_warehouseofart_org	https://what.warehouseofart.org/
whatever_co	https://whatever.co/
where_inc	https://where.inc/
whereinc_co_jp	https://whereinc.co.jp/
whohw_jp	https://whohw.jp/
wholeinone_jp	https://wholeinone.jp/
whoowhoo_com	https://whoowhoo.com/
widewindows_com	https://widewindows.com/
wienermoderne2018_info	https://wienermoderne2018.info/
wiki_wordsoftype_com	https://wiki.wordsoftype.com/
wildpaths_eco	https://wildpaths.eco/
wildside_co_jp	https://wildside.co.jp/
wildwagon_co_nz	https://wildwagon.co.nz/
willchoui_com	https://willchoui.com/
willettspace_com	https://willettspace.com/
windows_microsoft_com	https://windows.microsoft.com/
winfieldjapan_com	https://winfieldjapan.com/
wing2_softbankhawks_co_jp	https://wing2.softbankhawks.co.jp/
wired_jp	https://wired.jp/
wirewerks_com	https://wirewerks.com/
with_fit_com	https://with-fit.com/
withoutinvitation_com	https://withoutinvitation.com/
wlounge_jp	https://wlounge.jp/
wolk_jp	https://wolk.jp/
wolphtype_com	https://wolphtype.com/
wonder_wall_com	https://wonder-wall.com/
wondercrecue_com	https://wondercrecue.com/
wonhundred_com	https://wonhundred.com/
wootten_com_au	https://wootten.com.au/
wordsberg_com	https://wordsberg.com/
work_co	https://work.co/
workfilms_com	https://workfilms.com/
worklouder_cc	https://worklouder.cc/
world_webdesignclip_com	https://world.webdesignclip.com/
worldaftercovid_info	https://worldaftercovid.info/
wreckingcreworchestra_com	https://wreckingcreworchestra.com/
writingexamples_com	https://writingexamples.com/
wtbl_co_jp	https://wtbl.co.jp/
www_shibuya_jp	https://www-shibuya.jp/
www_030factory_jp	https://www.030factory.jp/
www_10000years_jp	https://www.10000years.jp/
www_1238h_com	https://www.1238h.com/
www_123server_jp	https://www.123server.jp/
www_13g_fr	https://www.13g.fr/
www_1morebaby_jp	https://www.1morebaby.jp/
www_23ku_web_jp	https://www.23ku-web.jp/
www_24_7_co_jp	https://www.24-7.co.jp/
www_241241_jp	https://www.241241.jp/
www_2style_co_jp	https://www.2style.co.jp/
www_31ventures_jp	https://www.31ventures.jp/
www_3331_jp	https://www.3331.jp/
www_360propertygroup_com_au	https://www.360propertygroup.com.au/
www_3930311_co_jp	https://www.3930311.co.jp/
www_4ad_com	https://www.4ad.com/
www_4digit_jp	https://www.4digit.jp/
www_500g_jp	https://www.500g.jp/
www_5magic_co_jp	https://www.5magic.co.jp/
www_60th_senshukai_jp	https://www.60th-senshukai.jp/
www_66nord_com	https://www.66nord.com/
www_7_id_com	https://www.7-id.com/
www_7cwinery_com	https://www.7cwinery.com/
www_7ura_jp	https://www.7ura.jp/
www_82bank_co_jp	https://www.82bank.co.jp/
www_84paris_com	https://www.84paris.com/
www_87_studio_com	https://www.87-studio.com/
www_99plus_co_jp	https://www.99plus.co.jp/
www_9be_jp	https://www.9be.jp/
www_a_form_no	https://www.a-form.no/
www_a_hikkoshi_co_jp	https://www.a-hikkoshi.co.jp/
www_a_m_u_jp	https://www.a-m-u.jp/
www_a_net_com	https://www.a-net.com/
www_a3_liber_jp	https://www.a3-liber.jp/
www_a4orikata_jp	https://www.a4orikata.jp/
www_aaa11y_com	https://www.aaa11y.com/
www_aands_company_jp	https://www.aands-company.jp/
www_ab_road_net	https://www.ab-road.net/
www_abelodor_com	https://www.abelodor.com/
www_abiste_co_jp	https://www.abiste.co.jp/
www_ableartcom_jp	https://www.ableartcom.jp/
www_abodigital_io	https://www.abodigital.io/
www_aboutshoes_co_nz	https://www.aboutshoes.co.nz/
www_abraham_co_jp	https://www.abraham.co.jp/
www_acc_awards_com	https://www.acc-awards.com/
www_ace_jp	https://www.ace.jp/
www_acer_co_jp	https://www.acer.co.jp/
www_acom_co_jp	https://www.acom.co.jp/
www_acot_hairsalon_link	https://www.acot-hairsalon.link/
www_action_or_jp	https://www.action.or.jp/
www_activecolor_jp	https://www.activecolor.jp/
www_actykk_co_jp	https://www.actykk.co.jp/
www_acu_co_jp	https://www.acu.co.jp/
www_ad_flex_com	https://www.ad-flex.com/
www_adachi_hanga_com	https://www.adachi-hanga.com/
www_adachidc_jp	https://www.adachidc.jp/
www_adamunderwear_com	https://www.adamunderwear.com/
www_addiction_beauty_com	https://www.addiction-beauty.com/
www_addifico_com	https://www.addifico.com/
www_adeka_co_jp	https://www.adeka.co.jp/
www_adidas_com	https://www.adidas.com/
www_adit_jv_com	https://www.adit-jv.com/
www_aebibauleitung_ch	https://www.aebibauleitung.ch/
www_aeonretail_jp	https://www.aeonretail.jp/
www_aerahome_com	https://www.aerahome.com/
www_aero_co_jp	https://www.aero.co.jp/
www_aero_jaxa_jp	https://www.aero.jaxa.jp/
www_aeroasahi_co_jp	https://www.aeroasahi.co.jp/
www_aerotwist_com	https://www.aerotwist.com/
www_aexea_co_jp	https://www.aexea.co.jp/
www_afro_fukuoka_net	https://www.afro-fukuoka.net/
www_ag_plus_jp	https://www.ag-plus.jp/
www_ag_tax_or_jp	https://www.ag-tax.or.jp/
www_agatha_jp	https://www.agatha.jp/
www_agauchedelalune_com	https://www.agauchedelalune.com/
www_ageha_tv	https://www.ageha.tv/
www_agence_ebullition_com	https://www.agence-ebullition.com/
www_agencedolly_fr	https://www.agencedolly.fr/
www_agent_grow_com	https://www.agent-grow.com/
www_agorahospitalities_com	https://www.agorahospitalities.com/
www_agoraregency_sakai_com	https://www.agoraregency-sakai.com/
www_ahiru_net_jp	https://www.ahiru-net.jp/
www_ai_koumuten_co_jp	https://www.ai-koumuten.co.jp/
www_ai_nori_net	https://www.ai-nori.net/
www_ai_sols_co_jp	https://www.ai-sols.co.jp/
www_aiad_net_com	https://www.aiad-net.com/
www_aiaiai_dk	https://www.aiaiai.dk/
www_aiany_org	https://www.aiany.org/
www_aichi_jagroup_recruit_jp	https://www.aichi-jagroup-recruit.jp/
www_aichitokei_net	https://www.aichitokei.net/
www_aichler_jp	https://www.aichler.jp/
www_aigle_co_jp	https://www.aigle.co.jp/
www_aikowadagallery_com	https://www.aikowadagallery.com/
www_aile_beauty_jp	https://www.aile-beauty.jp/
www_aim_info_co_jp	https://www.aim-info.co.jp/
www_air_plus_jp	https://www.air-plus.jp/
www_air_tokyo_com	https://www.air-tokyo.com/
www_airbuggy_com	https://www.airbuggy.com/
www_airinuit_com	https://www.airinuit.com/
www_airtree_vc	https://www.airtree.vc/
www_airtrip_co_jp	https://www.airtrip.co.jp/
www_aisin_asleep_com	https://www.aisin-asleep.com/
www_ajuga_shop	https://www.ajuga.shop/
www_akamatsudenki_co_jp	https://www.akamatsudenki.co.jp/
www_akaru_fr	https://www.akaru.fr/
www_akatsuki_sc_com	https://www.akatsuki-sc.com/
www_akercompanies_com	https://www.akercompanies.com/
www_akindo_sushiro_co_jp	https://www.akindo-sushiro.co.jp/
www_akinofuku_museum_jp	https://www.akinofuku-museum.jp/
www_akita_ya_com	https://www.akita-ya.com/
www_akitani_co_jp	https://www.akitani.co.jp/
www_akitem_co_jp	https://www.akitem.co.jp/
www_akizukien_shop_com	https://www.akizukien-shop.com/
www_akn_jp	https://www.akn.jp/
www_aksball_co_jp	https://www.aksball.co.jp/
www_akson_nl	https://www.akson.nl/
www_alectia_com	https://www.alectia.com/
www_alessandrorisso_com	https://www.alessandrorisso.com/
www_alessandrostabile_com	https://www.alessandrostabile.com/
www_alex_kerr_com	https://www.alex-kerr.com/
www_alfa_teccs_co_jp	https://www.alfa-teccs.co.jp/
www_alfaromeo_jp_com	https://www.alfaromeo-jp.com/
www_alfresa_co_jp	https://www.alfresa.co.jp/
www_alive_hair_com	https://www.alive-hair.com/
www_all_connect_jp	https://www.all-connect.jp/
www_allbirds_com	https://www.allbirds.com/
www_allhawaii_jp	https://www.allhawaii.jp/
www_allies_studio	https://www.allies.studio/
www_allright_inc_jp	https://www.allright-inc.jp/
www_allureville_com	https://www.allureville.com/
www_almond_studio	https://www.almond.studio/
www_alook_jp	https://www.alook.jp/
www_altplus_co_jp	https://www.altplus.co.jp/
www_alts_co_jp	https://www.alts.co.jp/
www_alufire_com	https://www.alufire.com/
www_alvamososaka_com	https://www.alvamososaka.com/
www_alyssakapito_com	https://www.alyssakapito.com/
www_amakaratecho_jp	https://www.amakaratecho.jp/
www_amano_co_jp	https://www.amano.co.jp/
www_ambidex_co_jp	https://www.ambidex.co.jp/
www_amcare_co_jp	https://www.amcare.co.jp/
www_ameba_adpress_com	https://www.ameba-adpress.com/
www_americanapparel_com	https://www.americanapparel.com/
www_americanmary_com	https://www.americanmary.com/
www_amfi_co_jp	https://www.amfi.co.jp/
www_amiraliadib_com	https://www.amiraliadib.com/
www_ampleur_jp	https://www.ampleur.jp/
www_amundsen_cz	https://www.amundsen.cz/
www_amurostaff_co_jp	https://www.amurostaff.co.jp/
www_amzigo_com	https://www.amzigo.com/
www_ana_sw_com	https://www.ana-sw.com/
www_ana_co_jp	https://www.ana.co.jp/
www_anafoods_com	https://www.anafoods.com/
www_anakin_co	https://www.anakin.co/
www_anayi_com	https://www.anayi.com/
www_and_earlgrey_jp	https://www.and-earlgrey.jp/
www_andbypd_com	https://www.andbypd.com/
www_andhuman_co	https://www.andhuman.co/
www_andlabdesign_com	https://www.andlabdesign.com/
www_andonuts_co_jp	https://www.andonuts.co.jp/
www_andreadiego_es	https://www.andreadiego.es/
www_andrew_ac_jp	https://www.andrew.ac.jp/
www_ani_terrace_com	https://www.ani-terrace.com/
www_aniary_com	https://www.aniary.com/
www_anniecollections_com	https://www.anniecollections.com/
www_annweb_co_jp	https://www.annweb.co.jp/
www_anycolor_co_jp	https://www.anycolor.co.jp/
www_aoimiyazaki_jp	https://www.aoimiyazaki.jp/
www_aoyamabc_co_jp	https://www.aoyamabc.co.jp/
www_aoyamasteel_co_jp	https://www.aoyamasteel.co.jp/
www_aozashikarari_com	https://www.aozashikarari.com/
www_apadent_jp	https://www.apadent.jp/
www_apecc_co_jp	https://www.apecc.co.jp/
www_apexcommunity_co_jp	https://www.apexcommunity.co.jp/
www_apologie_paris_com	https://www.apologie-paris.com/
www_apose_fr	https://www.apose.fr/
www_apparel_marketing_com	https://www.apparel-marketing.com/
www_apparel_zzzn_jp	https://www.apparel.zzzn.jp/
www_appart_agency	https://www.appart.agency/
www_aprica_jp	https://www.aprica.jp/
www_aquaceutic_pl	https://www.aquaceutic.pl/
www_aranet_co_jp	https://www.aranet.co.jp/
www_aratana_jp	https://www.aratana.jp/
www_aratanamura_com	https://www.aratanamura.com/
www_arawines_com	https://www.arawines.com/
www_arax_co_jp	https://www.arax.co.jp/
www_archetyp_jp	https://www.archetyp.jp/
www_archidomo_fr	https://www.archidomo.fr/
www_archiduchesse_com	https://www.archiduchesse.com/
www_archimesh_net	https://www.archimesh.net/
www_archireed_net	https://www.archireed.net/
www_arcsystemworks_jp	https://www.arcsystemworks.jp/
www_arena_jp_com	https://www.arena-jp.com/
www_ariafina_jp	https://www.ariafina.jp/
www_ariashop_co_uk	https://www.ariashop.co.uk/
www_arigatobank_com	https://www.arigatobank.com/
www_arkeale_fr	https://www.arkeale.fr/
www_arko_co_nz	https://www.arko.co.nz/
www_arsenal_com	https://www.arsenal.com/
www_art_technologies_co_jp	https://www.art-technologies.co.jp/
www_artefice_hair_com	https://www.artefice-hair.com/
www_artofcuhk_hk	https://www.artofcuhk.hk/
www_artscenter_akita_jp	https://www.artscenter-akita.jp/
www_artweektokyo_com	https://www.artweektokyo.com/
www_aruhome_renove_com	https://www.aruhome-renove.com/
www_arxinter_fr	https://www.arxinter.fr/
www_asahi_gf_co_jp	https://www.asahi-gf.co.jp/
www_asahi_iju_jp	https://www.asahi-iju.jp/
www_asahi_kasei_jobs_com	https://www.asahi-kasei-jobs.com/
www_asahipen_jp	https://www.asahipen.jp/
www_asairyo_com	https://www.asairyo.com/
www_asakonet_co_jp	https://www.asakonet.co.jp/
www_asaya_hotel_co_jp	https://www.asaya-hotel.co.jp/
www_ashiya_e_jp	https://www.ashiya-e.jp/
www_ashiya_u_ac_jp	https://www.ashiya-u.ac.jp/
www_asial_co_jp	https://www.asial.co.jp/
www_asiankung_fu_com	https://www.asiankung-fu.com/
www_asics_co_jp	https://www.asics.co.jp/
www_aska_pharma_co_jp	https://www.aska-pharma.co.jp/
www_aso_satofarm_com	https://www.aso-satofarm.com/
www_asobism_co_jp	https://www.asobism.co.jp/
www_aspesi_japan_com	https://www.aspesi-japan.com/
www_asphaltroots_com	https://www.asphaltroots.com/
www_assistplus_work	https://www.assistplus.work/
www_at_aroma_com	https://www.at-aroma.com/
www_atelier_d_co_jp	https://www.atelier-d.co.jp/
www_atlantichealth_org	https://www.atlantichealth.org/
www_atlife_official_com	https://www.atlife-official.com/
www_atotorimusuko_com	https://www.atotorimusuko.com/
www_au_com	https://www.au.com/
www_au_kddi_com	https://www.au.kddi.com/
www_aucnet_co_jp	https://www.aucnet.co.jp/
www_audemarspiguet_com	https://www.audemarspiguet.com/
www_audi_de	https://www.audi.de/
www_audiusa_com	https://www.audiusa.com/
www_auga_aomori_jp	https://www.auga.aomori.jp/
www_aupalevodka_com	https://www.aupalevodka.com/
www_autexacoustics_com	https://www.autexacoustics.com/
www_auto_plaza_co_jp	https://www.auto-plaza.co.jp/
www_automodality_com	https://www.automodality.com/
www_autotechnic_co_jp	https://www.autotechnic.co.jp/
www_avax_network	https://www.avax.network/
www_avene_co_jp	https://www.avene.co.jp/
www_awaji_kotsu_co_jp	https://www.awaji-kotsu.co.jp/
www_awajishimahighwayoasis_com	https://www.awajishimahighwayoasis.com/
www_awarefy_com	https://www.awarefy.com/
www_awdlab_it	https://www.awdlab.it/
www_awwwards_com	https://www.awwwards.com/
www_axa_direct_co_jp	https://www.axa-direct.co.jp/
www_axe_co_jp	https://www.axe.co.jp/
www_axseed_arc_jp	https://www.axseed-arc.jp/
www_ayanaresort_com	https://www.ayanaresort.com/
www_ayanomimi_com	https://www.ayanomimi.com/
www_ayersrockboat_com	https://www.ayersrockboat.com/
www_azabuderukui_info	https://www.azabuderukui.info/
www_azaikema_jp	https://www.azaikema.jp/
www_aztower_cz	https://www.aztower.cz/
www_azusasekkei_co_jp	https://www.azusasekkei.co.jp/
www_b_dresser_net	https://www.b-dresser.net/
www_b_ex_inc	https://www.b-ex.inc/
www_b_exgroup_com	https://www.b-exgroup.com/
www_b_kobe_com	https://www.b-kobe.com/
www_b_minded_com	https://www.b-minded.com/
www_babylock_co_jp	https://www.babylock.co.jp/
www_bacardijapan_jp	https://www.bacardijapan.jp/
www_bacca_net	https://www.bacca.net/
www_backdrophome_com	https://www.backdrophome.com/
www_badass35_com	https://www.badass35.com/
www_baika_ac_jp	https://www.baika.ac.jp/
www_bal_bldg_com	https://www.bal-bldg.com/
www_balena91_jp	https://www.balena91.jp/
www_balmuda_com	https://www.balmuda.com/
www_bandai_co_jp	https://www.bandai.co.jp/
www_baneya_com	https://www.baneya.com/
www_bansyoukaku_sikisima_co_jp	https://www.bansyoukaku-sikisima.co.jp/
www_barneys_com	https://www.barneys.com/
www_barnyardstorm_com	https://www.barnyardstorm.com/
www_base_japan_com	https://www.base-japan.com/
www_basecreate_com	https://www.basecreate.com/
www_baseq_jp	https://www.baseq.jp/
www_basicagency_com	https://www.basicagency.com/
www_basis_orderfurniture_com	https://www.basis-orderfurniture.com/
www_bathappy_com	https://www.bathappy.com/
www_baumjapan_com	https://www.baumjapan.com/
www_baycrews_co_jp	https://www.baycrews.co.jp/
www_baystars_co_jp	https://www.baystars.co.jp/
www_bbac_aero	https://www.bbac.aero/
www_bbskinmei_co_jp	https://www.bbskinmei.co.jp/
www_bearbrick_com	https://www.bearbrick.com/
www_bearhug_co_jp	https://www.bearhug.co.jp/
www_beautifulexplorer_com	https://www.beautifulexplorer.com/
www_beautyandyouth_jp	https://www.beautyandyouth.jp/
www_beehappy238_com	https://www.beehappy238.com/
www_beetle_de	https://www.beetle.de/
www_belancio_com	https://www.belancio.com/
www_benesse_artsite_jp	https://www.benesse-artsite.jp/
www_benetton_jp	https://www.benetton.jp/
www_bengo4_com	https://www.bengo4.com/
www_beoplay_com	https://www.beoplay.com/
www_beproud_asia	https://www.beproud.asia/
www_bequant_com	https://www.bequant.com/
www_beret_co_jp	https://www.beret.co.jp/
www_betta_co_jp	https://www.betta.co.jp/
www_beyes_jp	https://www.beyes.jp/
www_bff_steam_jp	https://www.bff-steam.jp/
www_bh_project_jp	https://www.bh-project.jp/
www_biffyclyro_com	https://www.biffyclyro.com/
www_biglobe_co_jp	https://www.biglobe.co.jp/
www_bijinsozai_com	https://www.bijinsozai.com/
www_bingata_net	https://www.bingata.net/
www_bio_sci_osaka_u_ac_jp	https://www.bio.sci.osaka-u.ac.jp/
www_biofermin_co_jp	https://www.biofermin.co.jp/
www_biograph_com	https://www.biograph.com/
www_bisley_co_jp	https://www.bisley.co.jp/
www_bisyo_en_jp	https://www.bisyo-en.jp/
www_bit_rise_co_jp	https://www.bit-rise.co.jp/
www_bja1963_com	https://www.bja1963.com/
www_blank_com_pt	https://www.blank.com.pt/
www_bleague_jp	https://www.bleague.jp/
www_bleibtgleich_com	https://www.bleibtgleich.com/
www_bletchleypark_org_uk	https://www.bletchleypark.org.uk/
www_blockdb_jp	https://www.blockdb.jp/
www_bloomberg_com	https://www.bloomberg.com/
www_bloombergbusinessweekdesign_com	https://www.bloombergbusinessweekdesign.com/
www_bloomingville_com	https://www.bloomingville.com/
www_bluebamboo_co_jp	https://www.bluebamboo.co.jp/
www_bluestudio_jp	https://www.bluestudio.jp/
www_bmw_co_jp	https://www.bmw.co.jp/
www_boatrace_jp	https://www.boatrace.jp/
www_bob_an_com	https://www.bob-an.com/
www_boffi_com	https://www.boffi.com/
www_bokuranobungaku_com	https://www.bokuranobungaku.com/
www_borraginol_com	https://www.borraginol.com/
www_boundarysupply_com	https://www.boundarysupply.com/
www_boy_co_jp	https://www.boy.co.jp/
www_br_time_jp	https://www.br-time.jp/
www_brain_bio_keio_ac_jp	https://www.brain.bio.keio.ac.jp/
www_brain_riken_jp	https://www.brain.riken.jp/
www_brainhealth_jp	https://www.brainhealth.jp/
www_brainlayers_nl	https://www.brainlayers.nl/
www_branchcoffee_jp	https://www.branchcoffee.jp/
www_branchst_com	https://www.branchst.com/
www_brand_breeder_com	https://www.brand-breeder.com/
www_brandappart_com	https://www.brandappart.com/
www_brasserielefebvre_be	https://www.brasserielefebvre.be/
www_brasyna_com	https://www.brasyna.com/
www_bravepeople_co	https://www.bravepeople.co/
www_bravomodels_net	https://www.bravomodels.net/
www_breef_com	https://www.breef.com/
www_brestbrand_com	https://www.brestbrand.com/
www_bridge_net_co_jp	https://www.bridge-net.co.jp/
www_bridgestone_museum_gr_jp	https://www.bridgestone-museum.gr.jp/
www_bridgestone_com	https://www.bridgestone.com/
www_broadmedia_co_jp	https://www.broadmedia.co.jp/
www_brooklynmuseum_org	https://www.brooklynmuseum.org/
www_broom_studio_com	https://www.broom-studio.com/
www_bros_japan_co_jp	https://www.bros-japan.co.jp/
www_bruleemerize_jp	https://www.bruleemerize.jp/
www_bsac_co_jp	https://www.bsac.co.jp/
www_buddiesapp_jp	https://www.buddiesapp.jp/
www_buffalo_jp	https://www.buffalo.jp/
www_buildinamsterdam_com	https://www.buildinamsterdam.com/
www_bukkyo_u_ac_jp	https://www.bukkyo-u.ac.jp/
www_bukwild_com	https://www.bukwild.com/
www_bulbul_dk	https://www.bulbul.dk/
www_bumpofchicken_com	https://www.bumpofchicken.com/
www_bunka_youchien_ed_jp	https://www.bunka-youchien.ed.jp/
www_bunri_s_ed_jp	https://www.bunri-s.ed.jp/
www_bunri_u_ac_jp	https://www.bunri-u.ac.jp/
www_bureau_va_com	https://www.bureau-va.com/
www_bureauberger_fr	https://www.bureauberger.fr/
www_burnkit_com	https://www.burnkit.com/
www_buzzhook_co_jp	https://www.buzzhook.co.jp/
www_by_form_net	https://www.by-form.net/
www_bypg_com	https://www.bypg.com/
www_c_exis_co_jp	https://www.c-exis.co.jp/
www_c_sky_co_jp	https://www.c-sky.co.jp/
www_cab_station_com	https://www.cab-station.com/
www_cadcenter_co_jp	https://www.cadcenter.co.jp/
www_caever_com_au	https://www.caever.com.au/
www_cafe_studio_jp	https://www.cafe-studio.jp/
www_cafecompany_co_jp	https://www.cafecompany.co.jp/
www_caferouge_co_uk	https://www.caferouge.co.uk/
www_caffeuno_co_uk	https://www.caffeuno.co.uk/
www_cahnwilson_com	https://www.cahnwilson.com/
www_caketeacher_com	https://www.caketeacher.com/
www_calbee_co_jp	https://www.calbee.co.jp/
www_callbruno_com	https://www.callbruno.com/
www_cambridgehealthcare_com	https://www.cambridgehealthcare.com/
www_camdentownbrewery_com	https://www.camdentownbrewery.com/
www_campluxe_com_au	https://www.campluxe.com.au/
www_campus_asia_com	https://www.campus-asia.com/
www_canadamodern_org	https://www.canadamodern.org/
www_canairi_io	https://www.canairi.io/
www_canopyservicing_com	https://www.canopyservicing.com/
www_cantorfineart_com	https://www.cantorfineart.com/
www_canvasgr_am	https://www.canvasgr.am/
www_capsule_design_studio	https://www.capsule-design.studio/
www_captions_ai	https://www.captions.ai/
www_caraful_co_jp	https://www.caraful.co.jp/
www_career_ark_com	https://www.career-ark.com/
www_career_tasu_com	https://www.career-tasu.com/
www_careers_nikku_co_jp	https://www.careers.nikku.co.jp/
www_carlhauser_com	https://www.carlhauser.com/
www_carolinaherrera_com	https://www.carolinaherrera.com/
www_carome_net	https://www.carome.net/
www_caroselling_it	https://www.caroselling.it/
www_carpediemsantorini_com	https://www.carpediemsantorini.com/
www_casa_inc_co_jp	https://www.casa-inc.co.jp/
www_casangelina_com	https://www.casangelina.com/
www_cashca_jp	https://www.cashca.jp/
www_casio_watches_com	https://www.casio-watches.com/
www_caso_gallery_jp	https://www.caso-gallery.jp/
www_caso_patrimoine_fr	https://www.caso-patrimoine.fr/
www_castellodelsole_com	https://www.castellodelsole.com/
www_casti_co_jp	https://www.casti.co.jp/
www_castlestay_jp	https://www.castlestay.jp/
www_cataler_co_jp	https://www.cataler.co.jp/
www_cataloghouse_co_jp	https://www.cataloghouse.co.jp/
www_cateye_com	https://www.cateye.com/
www_cave_co_jp	https://www.cave.co.jp/
www_cbc_co_jp	https://www.cbc.co.jp/
www_cci_co_jp	https://www.cci.co.jp/
www_cee_nagasaki_u_ac_jp	https://www.cee.nagasaki-u.ac.jp/
www_cellag_org	https://www.cellag.org/
www_century_100_com	https://www.century-100.com/
www_cera_groupecera_com	https://www.cera-groupecera.com/
www_ces_tech	https://www.ces.tech/
www_cgf_fcc_ca	https://www.cgf-fcc.ca/
www_ch_wood_co_jp	https://www.ch-wood.co.jp/
www_chain_hokudai_ac_jp	https://www.chain.hokudai.ac.jp/
www_challenge_okeihan_net	https://www.challenge-okeihan.net/
www_challengerkk_co_jp	https://www.challengerkk.co.jp/
www_chanterelle_jp	https://www.chanterelle.jp/
www_chargetrip_com	https://www.chargetrip.com/
www_chdartmaker_com	https://www.chdartmaker.com/
www_chem_kumamoto_u_ac_jp	https://www.chem.kumamoto-u.ac.jp/
www_chery_com_pe	https://www.chery.com.pe/
www_chez_tani_com	https://www.chez-tani.com/
www_chibune_hsp_jp	https://www.chibune-hsp.jp/
www_chikurintei_jp	https://www.chikurintei.jp/
www_chikyu_jin_com	https://www.chikyu-jin.com/
www_chintai_navi_jp	https://www.chintai-navi.jp/
www_chishimatochi_info	https://www.chishimatochi.info/
www_chisou_go_jp	https://www.chisou.go.jp/
www_chitose_home_com	https://www.chitose-home.com/
www_chrom_tokyo_com	https://www.chrom-tokyo.com/
www_chromebagsstore_com	https://www.chromebagsstore.com/
www_chronicle_chronicle_jp	https://www.chronicle-chronicle.jp/
www_chronicle_city	https://www.chronicle.city/
www_chronoba_com	https://www.chronoba.com/
www_chugoku_ds_co_jp	https://www.chugoku-ds.co.jp/
www_chungiyoo_com	https://www.chungiyoo.com/
www_chushin_kensetsu_co_jp	https://www.chushin-kensetsu.co.jp/
www_cia_gov	https://www.cia.gov/
www_ciaopanic_typy_com	https://www.ciaopanic-typy.com/
www_cinedept_com	https://www.cinedept.com/
www_cinra_co_jp	https://www.cinra.co.jp/
www_city_fukuoka_lg_jp	https://www.city.fukuoka.lg.jp/
www_city_himeji_lg_jp	https://www.city.himeji.lg.jp/
www_city_minamishimabara_lg_jp	https://www.city.minamishimabara.lg.jp/
www_city_saitama_jp	https://www.city.saitama.jp/
www_ckd_co_jp	https://www.ckd.co.jp/
www_claska_com	https://www.claska.com/
www_claskashop_com	https://www.claskashop.com/
www_clearimpression_jp	https://www.clearimpression.jp/
www_clearstreet_io	https://www.clearstreet.io/
www_clicktherapeutics_com	https://www.clicktherapeutics.com/
www_cloudcore_jp	https://www.cloudcore.jp/
www_cluch_jp	https://www.cluch.jp/
www_co_co_palm_jp	https://www.co-co-palm.jp/
www_co_lab_jp	https://www.co-lab.jp/
www_coachella_com	https://www.coachella.com/
www_cocacola_co_jp	https://www.cocacola.co.jp/
www_cocacola_pt	https://www.cocacola.pt/
www_cocoro_cc_com	https://www.cocoro-cc.com/
www_codeaward_jp	https://www.codeaward.jp/
www_cofamedia_com	https://www.cofamedia.com/
www_cohaco_rip	https://www.cohaco.rip/
www_colazionedamichy_it	https://www.colazionedamichy.it/
www_coleman_co_jp	https://www.coleman.co.jp/
www_colette_camenisch_com	https://www.colette-camenisch.com/
www_collegehouse_osaka_com	https://www.collegehouse-osaka.com/
www_colocal_jp	https://www.colocal.jp/
www_colombondt_com	https://www.colombondt.com/
www_columbiasports_co_jp	https://www.columbiasports.co.jp/
www_com_haus_net	https://www.com-haus.net/
www_combi_co_jp	https://www.combi.co.jp/
www_comico_jp	https://www.comico.jp/
www_communion_co_jp	https://www.communion.co.jp/
www_comp_jp	https://www.comp.jp/
www_composites_archi	https://www.composites.archi/
www_comsense_jp	https://www.comsense.jp/
www_condenast_com	https://www.condenast.com/
www_condorcycles_com	https://www.condorcycles.com/
www_conran_co_jp	https://www.conran.co.jp/
www_contents_ne_jp	https://www.contents.ne.jp/
www_controlbear_com	https://www.controlbear.com/
www_conversationdesigninstitute_com	https://www.conversationdesigninstitute.com/
www_converse_co_jp	https://www.converse.co.jp/
www_cookmart_co_jp	https://www.cookmart.co.jp/
www_cool_japan_co_jp	https://www.cool-japan.co.jp/
www_coosy_co_jp	https://www.coosy.co.jp/
www_coppice_jp	https://www.coppice.jp/
www_cord3_co_jp	https://www.cord3.co.jp/
www_cornell_edu	https://www.cornell.edu/
www_corso_hw_com	https://www.corso-hw.com/
www_cosawell_co_jp	https://www.cosawell.co.jp/
www_cosmekitchen_webstore_jp	https://www.cosmekitchen-webstore.jp/
www_cosmicb_co_jp	https://www.cosmicb.co.jp/
www_cosmowater_com	https://www.cosmowater.com/
www_cota_co_jp	https://www.cota.co.jp/
www_cotoha_coffee_com	https://www.cotoha-coffee.com/
www_cotta_co_jp	https://www.cotta.co.jp/
www_couleecreative_com	https://www.couleecreative.com/
www_couleur_projet_co_jp	https://www.couleur-projet.co.jp/
www_counter_print_co_uk	https://www.counter-print.co.uk/
www_coupdecoeur_ca	https://www.coupdecoeur.ca/
www_cow_madoca_jp	https://www.cow-madoca.jp/
www_cpbgroup_com	https://www.cpbgroup.com/
www_crack_inc_co_jp	https://www.crack-inc.co.jp/
www_craftscouncil_org_uk	https://www.craftscouncil.org.uk/
www_craypas_co_jp	https://www.craypas.co.jp/
www_creaform_co_jp	https://www.creaform.co.jp/
www_creaktif_com	https://www.creaktif.com/
www_creamu_co_jp	https://www.creamu.co.jp/
www_creationline_com	https://www.creationline.com/
www_creative_language_com	https://www.creative-language.com/
www_creativespaces_net_au	https://www.creativespaces.net.au/
www_creativewebmanual_com	https://www.creativewebmanual.com/
www_crecla_jp	https://www.crecla.jp/
www_creema_jp	https://www.creema.jp/
www_crgarden_jp	https://www.crgarden.jp/
www_crie_co_jp	https://www.crie.co.jp/
www_crisp_co_jp	https://www.crisp.co.jp/
www_crowdgate_co_jp	https://www.crowdgate.co.jp/
www_crypton_co_jp	https://www.crypton.co.jp/
www_crystar_jp	https://www.crystar.jp/
www_cssdesignawards_com	https://www.cssdesignawards.com/
www_ctv_co_jp	https://www.ctv.co.jp/
www_cube_dentsu_co_jp	https://www.cube-dentsu.co.jp/
www_culturalsolutions_co_uk	https://www.culturalsolutions.co.uk/
www_curiotech_co_jp	https://www.curiotech.co.jp/
www_curtain_do_com	https://www.curtain-do.com/
www_customer1st_co_jp	https://www.customer1st.co.jp/
www_cuthousemore_co_jp	https://www.cuthousemore.co.jp/
www_cvltecult_com	https://www.cvltecult.com/
www_cwctokyo_com	https://www.cwctokyo.com/
www_cyberagent_info	https://www.cyberagent.info/
www_cygames_co_jp	https://www.cygames.co.jp/
www_cyphr_studio	https://www.cyphr.studio/
www_d_center_jp	https://www.d-center.jp/
www_d_laboweb_jp	https://www.d-laboweb.jp/
www_d_wake_jp	https://www.d-wake.jp/
www_d2cdot_co_jp	https://www.d2cdot.co.jp/
www_dadway_com	https://www.dadway.com/
www_daiichi_cutter_co_jp	https://www.daiichi-cutter.co.jp/
www_daiichisankyo_hc_co_jp	https://www.daiichisankyo-hc.co.jp/
www_daikin_com	https://www.daikin.com/
www_daiko_co_jp	https://www.daiko.co.jp/
www_daikogiken_com	https://www.daikogiken.com/
www_daikoshop_com	https://www.daikoshop.com/
www_daikumamoto_co_jp	https://www.daikumamoto.co.jp/
www_daikyo_co_jp	https://www.daikyo.co.jp/
www_daimlar_co_jp	https://www.daimlar.co.jp/
www_daisanbank_co_jp	https://www.daisanbank.co.jp/
www_daiseiko_jp	https://www.daiseiko.jp/
www_daisenteien_jp	https://www.daisenteien.jp/
www_daishin_s_co_jp	https://www.daishin-s.co.jp/
www_daitoyo_co_jp	https://www.daitoyo.co.jp/
www_daiwa_am_co_jp	https://www.daiwa-am.co.jp/
www_daiwa_recruit_jp	https://www.daiwa-recruit.jp/
www_daiwa_com	https://www.daiwa.com/
www_daiwabutsuryu_co_jp	https://www.daiwabutsuryu.co.jp/
www_daiwashobo_co_jp	https://www.daiwashobo.co.jp/
www_dakotaplanets_rental_com	https://www.dakotaplanets-rental.com/
www_dan_inc_co_jp	https://www.dan-inc.co.jp/
www_dancenotact_com	https://www.dancenotact.com/
www_dandan_jpn_com	https://www.dandan-jpn.com/
www_danilodemarco_com	https://www.danilodemarco.com/
www_danone_co_jp	https://www.danone.co.jp/
www_danparis_fr	https://www.danparis.fr/
www_darksky_tour_jp	https://www.darksky-tour.jp/
www_dartisan_co_jp	https://www.dartisan.co.jp/
www_dashline_tech	https://www.dashline.tech/
www_davidtrubridge_com	https://www.davidtrubridge.com/
www_daybreak_studio	https://www.daybreak.studio/
www_dayos_com	https://www.dayos.com/
www_daytona_park_com	https://www.daytona-park.com/
www_dcvc_com	https://www.dcvc.com/
www_ddd_it	https://www.ddd.it/
www_dds_plus	https://www.dds.plus/
www_deanfujioka_net	https://www.deanfujioka.net/
www_dec_mo_jp	https://www.dec-mo.jp/
www_defprojetos_com	https://www.defprojetos.com/
www_deguchi_pc_com	https://www.deguchi-pc.com/
www_dejavu_net_jp	https://www.dejavu-net.jp/
www_delight_ventures_com	https://www.delight-ventures.com/
www_delight_web_com	https://www.delight-web.com/
www_delights_home_jp	https://www.delights-home.jp/
www_deluxice_com_au	https://www.deluxice.com.au/
www_dendai_ac_jp	https://www.dendai.ac.jp/
www_denhamjapan_com	https://www.denhamjapan.com/
www_dennys_com	https://www.dennys.com/
www_dennys_jp	https://www.dennys.jp/
www_denon_jp	https://www.denon.jp/
www_denso_wave_com	https://www.denso-wave.com/
www_denso_yamagata_co_jp	https://www.denso-yamagata.co.jp/
www_dentsu_razorfish_com	https://www.dentsu-razorfish.com/
www_dentsu_co_jp	https://www.dentsu.co.jp/
www_dentsuix_com	https://www.dentsuix.com/
www_depo_studio	https://www.depo.studio/
www_depoly_co	https://www.depoly.co/
www_descente_co_jp	https://www.descente.co.jp/
www_descente_com	https://www.descente.com/
www_design_ac_jp	https://www.design.ac.jp/
www_design_kyushu_u_ac_jp	https://www.design.kyushu-u.ac.jp/
www_designembraced_com	https://www.designembraced.com/
www_designfestagallery_com	https://www.designfestagallery.com/
www_designhotels_com	https://www.designhotels.com/
www_designisfunny_co	https://www.designisfunny.co/
www_designroyale_com_au	https://www.designroyale.com.au/
www_details_ch	https://www.details.ch/
www_dewars_jp_com	https://www.dewars-jp.com/
www_dewitt_ch	https://www.dewitt.ch/
www_dfy_co_kr	https://www.dfy.co.kr/
www_dholic_co_jp	https://www.dholic.co.jp/
www_dhw_co_jp	https://www.dhw.co.jp/
www_dia_ne_jp	https://www.dia.ne.jp/
www_diamor_jp	https://www.diamor.jp/
www_diane_betrue_com	https://www.diane-betrue.com/
www_diane_bonheur_com	https://www.diane-bonheur.com/
www_diastandard_com	https://www.diastandard.com/
www_dic_global_com	https://www.dic-global.com/
www_diesel_co_jp	https://www.diesel.co.jp/
www_diesel_com	https://www.diesel.com/
www_dig_co_jp	https://www.dig.co.jp/
www_digiban_co_jp	https://www.digiban.co.jp/
www_digital_biology_co_jp	https://www.digital-biology.co.jp/
www_digital_connect_co_jp	https://www.digital-connect.co.jp/
www_digitalcatalog_jp	https://www.digitalcatalog.jp/
www_digitalmax_jp	https://www.digitalmax.jp/
www_digitalmetal_io	https://www.digitalmetal.io/
www_digitalmosaik_com	https://www.digitalmosaik.com/
www_dimospizza_com	https://www.dimospizza.com/
www_dinnerladies_com_au	https://www.dinnerladies.com.au/
www_diogoakio_com_br	https://www.diogoakio.com.br/
www_dior_com	https://www.dior.com/
www_dir_co_jp	https://www.dir.co.jp/
www_dis_net_jp	https://www.dis-net.jp/
www_discovery_t_com	https://www.discovery-t.com/
www_disk_co_jp	https://www.disk.co.jp/
www_disney_co_jp	https://www.disney.co.jp/
www_ditjapan_com	https://www.ditjapan.com/
www_ditto_com	https://www.ditto.com/
www_dius_co_jp	https://www.dius.co.jp/
www_divisionrebeltackles_com	https://www.divisionrebeltackles.com/
www_diyfactory_jp	https://www.diyfactory.jp/
www_dji_com	https://www.dji.com/
www_dmcg_co	https://www.dmcg.co/
www_dnp_ds_co_jp	https://www.dnp-ds.co.jp/
www_dnx_vc	https://www.dnx.vc/
www_doctorjekyll_com	https://www.doctorjekyll.com/
www_dod_camp	https://www.dod.camp/
www_dogoonsenart_com	https://www.dogoonsenart.com/
www_dogstudio_be	https://www.dogstudio.be/
www_dohto_ac_jp	https://www.dohto.ac.jp/
www_dojima_hotel_com	https://www.dojima-hotel.com/
www_dole_co_jp	https://www.dole.co.jp/
www_dommune_com	https://www.dommune.com/
www_don_guri_com	https://www.don-guri.com/
www_dookiedemastered_com	https://www.dookiedemastered.com/
www_dorokogyo_co_jp	https://www.dorokogyo.co.jp/
www_dosuika_com	https://www.dosuika.com/
www_dot_and_ready_net	https://www.dot-and-ready.net/
www_dotsandlines_io	https://www.dotsandlines.io/
www_doubleplay_studio	https://www.doubleplay.studio/
www_dougsburger_com	https://www.dougsburger.com/
www_dovetail_co	https://www.dovetail.co/
www_dovetail_no	https://www.dovetail.no/
www_dplus_groen_com	https://www.dplus-groen.com/
www_dragonquest_jp	https://www.dragonquest.jp/
www_drcroteau_ca	https://www.drcroteau.ca/
www_dreamcube_com_au	https://www.dreamcube.com.au/
www_drinkopus_com	https://www.drinkopus.com/
www_dripar_jp	https://www.dripar.jp/
www_dripdesign_net	https://www.dripdesign.net/
www_driveplaza_com	https://www.driveplaza.com/
www_drq_co_jp	https://www.drq.co.jp/
www_drwallet_jp	https://www.drwallet.jp/
www_ds_nagoya_cu_ac_jp	https://www.ds.nagoya-cu.ac.jp/
www_duchateau_com	https://www.duchateau.com/
www_dylanbrouwer_design	https://www.dylanbrouwer.design/
www_e_aidma_co_jp	https://www.e-aidma.co.jp/
www_e_begin_jp	https://www.e-begin.jp/
www_e_chowders_com	https://www.e-chowders.com/
www_e_creators_net	https://www.e-creators.net/
www_e_heyaspace_com	https://www.e-heyaspace.com/
www_e_houan_co_jp	https://www.e-houan.co.jp/
www_e_howa_com	https://www.e-howa.com/
www_e_kanbe_com	https://www.e-kanbe.com/
www_e_kominka_com	https://www.e-kominka.com/
www_e_look_jp	https://www.e-look.jp/
www_e_miso_co_jp	https://www.e-miso.co.jp/
www_e_mizuno_co_jp	https://www.e-mizuno.co.jp/
www_ea_com	https://www.ea.com/
www_early_age_co_jp	https://www.early-age.co.jp/
www_earlyref_com	https://www.earlyref.com/
www_earth_work_jp	https://www.earth-work.jp/
www_earth1999_jp	https://www.earth1999.jp/
www_eatapp_net	https://www.eatapp.net/
www_ec_freaksstore_com	https://www.ec.freaksstore.com/
www_ec_kagawa_u_ac_jp	https://www.ec.kagawa-u.ac.jp/
www_eccocu_com	https://www.eccocu.com/
www_echobatterytools_com	https://www.echobatterytools.com/
www_eco_pork_com	https://www.eco-pork.com/
www_eco_sanken_osaka_u_ac_jp	https://www.eco.sanken.osaka-u.ac.jp/
www_ecomott_co_jp	https://www.ecomott.co.jp/
www_ecopiatech_com	https://www.ecopiatech.com/
www_ecruspose_jp	https://www.ecruspose.jp/
www_edamame_me	https://www.edamame.me/
www_edge_intl_co_jp	https://www.edge-intl.co.jp/
www_edicionesdaga_com	https://www.edicionesdaga.com/
www_edito365_com	https://www.edito365.com/
www_editorx_com	https://www.editorx.com/
www_edogawa_juukou_com	https://www.edogawa-juukou.com/
www_edosan_yamatoya_jp	https://www.edosan-yamatoya.jp/
www_effortel_com	https://www.effortel.com/
www_eiko_sp_co_jp	https://www.eiko-sp.co.jp/
www_eisai_jp	https://www.eisai.jp/
www_eiwa_shinkin_co_jp	https://www.eiwa-shinkin.co.jp/
www_elec_inc_com	https://www.elec-inc.com/
www_eleos_la	https://www.eleos.la/
www_elephant_com_co_jp	https://www.elephant-com.co.jp/
www_elisava_net	https://www.elisava.net/
www_elite_co_jp	https://www.elite.co.jp/
www_elleair_jp	https://www.elleair.jp/
www_ellebrand_jp	https://www.ellebrand.jp/
www_emcap_com	https://www.emcap.com/
www_emg_ss_jp	https://www.emg-ss.jp/
www_emme_jp	https://www.emme.jp/
www_eneres_co_jp	https://www.eneres.co.jp/
www_energy_life_co_jp	https://www.energy-life.co.jp/
www_enetopia_jp	https://www.enetopia.jp/
www_ensen24_jp	https://www.ensen24.jp/
www_environmentbank_com	https://www.environmentbank.com/
www_eojapan_org	https://www.eojapan.org/
www_epicurrence_com	https://www.epicurrence.com/
www_epocainfo_com	https://www.epocainfo.com/
www_epoch476_com	https://www.epoch476.com/
www_epson_jp	https://www.epson.jp/
www_equals_soap_jp	https://www.equals-soap.jp/
www_eseagency_ch	https://www.eseagency.ch/
www_essnet_co_jp	https://www.essnet.co.jp/
www_estie_jp	https://www.estie.jp/
www_estilo_sumitomocorp_co_jp	https://www.estilo.sumitomocorp.co.jp/
www_esz_co_jp	https://www.esz.co.jp/
www_etecminds_com	https://www.etecminds.com/
www_etic_or_jp	https://www.etic.or.jp/
www_etq_amsterdam_com	https://www.etq-amsterdam.com/
www_etqstore_com	https://www.etqstore.com/
www_euglab_jp	https://www.euglab.jp/
www_euglena_farm_jp	https://www.euglena-farm.jp/
www_euphoria_jp	https://www.euphoria.jp/
www_eurosport_fr	https://www.eurosport.fr/
www_everess_fr	https://www.everess.fr/
www_every24_co_jp	https://www.every24.co.jp/
www_evian_co_jp	https://www.evian.co.jp/
www_excellence_image_com	https://www.excellence-image.com/
www_excellence_titan_com	https://www.excellence-titan.com/
www_executiveagency_ca	https://www.executiveagency.ca/
www_exoape_com	https://www.exoape.com/
www_exteta_it	https://www.exteta.it/
www_eyescream_jp	https://www.eyescream.jp/
www_eza_animal_com	https://www.eza-animal.com/
www_f_ascent_com	https://www.f-ascent.com/
www_f_bc_jp	https://www.f-bc.jp/
www_fa_maibara_com	https://www.fa-maibara.com/
www_faint_film_com	https://www.faint-film.com/
www_famigliacecchi_it	https://www.famigliacecchi.it/
www_famit_info	https://www.famit.info/
www_fands_c_com	https://www.fands-c.com/
www_fashionszene_com	https://www.fashionszene.com/
www_fast_project_org	https://www.fast-project.org/
www_fastretailing_com	https://www.fastretailing.com/
www_favtown_jp	https://www.favtown.jp/
www_fcinq_com	https://www.fcinq.com/
www_fds_ac_jp	https://www.fds.ac.jp/
www_felissimo_info	https://www.felissimo.info/
www_fender_jp	https://www.fender.jp/
www_festivalmodedesign_com	https://www.festivalmodedesign.com/
www_festivalmundo_com_br	https://www.festivalmundo.com.br/
www_few_far_co	https://www.few-far.co/
www_ffwd_org	https://www.ffwd.org/
www_fgl_co_jp	https://www.fgl.co.jp/
www_fiart_com	https://www.fiart.com/
www_fiat_auto_co_jp	https://www.fiat-auto.co.jp/
www_fib_no	https://www.fib.no/
www_ficc_jp	https://www.ficc.jp/
www_fieldcorp_jp	https://www.fieldcorp.jp/
www_fifteen_net	https://www.fifteen.net/
www_fight4pride_ca	https://www.fight4pride.ca/
www_figma_com	https://www.figma.com/
www_filayyyy_com	https://www.filayyyy.com/
www_films53_12_com	https://www.films53-12.com/
www_firenzelife_co_jp	https://www.firenzelife.co.jp/
www_first_film_com	https://www.first-film.com/
www_fivedotone_com	https://www.fivedotone.com/
www_fivestar_club_jp	https://www.fivestar-club.jp/
www_fjnext_hd_co_jp	https://www.fjnext-hd.co.jp/
www_flambette_com	https://www.flambette.com/
www_flannelsofa_com	https://www.flannelsofa.com/
www_flower_renovation_com	https://www.flower-renovation.com/
www_flowervase_biz	https://www.flowervase.biz/
www_flowfestival_com	https://www.flowfestival.com/
www_foam_org	https://www.foam.org/
www_fontshare_com	https://www.fontshare.com/
www_foofighters_com	https://www.foofighters.com/
www_footballprice_com	https://www.footballprice.com/
www_forcas_com	https://www.forcas.com/
www_forumequitypartners_com	https://www.forumequitypartners.com/
www_fossette_jp	https://www.fossette.jp/
www_foton_jp	https://www.foton.jp/
www_fourseasons_com	https://www.fourseasons.com/
www_fpcorp_co_jp	https://www.fpcorp.co.jp/
www_fphome_jp	https://www.fphome.jp/
www_fplusproject_org	https://www.fplusproject.org/
www_framelunch_jp	https://www.framelunch.jp/
www_framer_com	https://www.framer.com/
www_franshalsmuseum_nl	https://www.franshalsmuseum.nl/
www_frecious_jp	https://www.frecious.jp/
www_fredperry_jp	https://www.fredperry.jp/
www_freedom_co_jp	https://www.freedom.co.jp/
www_freetel_japan_com	https://www.freetel-japan.com/
www_friendlyhome_jp	https://www.friendlyhome.jp/
www_fringe81_com	https://www.fringe81.com/
www_fritzhansen_com	https://www.fritzhansen.com/
www_fubiz_net	https://www.fubiz.net/
www_fubizawards_com	https://www.fubizawards.com/
www_fuelcafedenver_com	https://www.fuelcafedenver.com/
www_fuji_ie_com	https://www.fuji-ie.com/
www_fujibikes_jp	https://www.fujibikes.jp/
www_fujicco_co_jp	https://www.fujicco.co.jp/
www_fujicontact_com	https://www.fujicontact.com/
www_fujidreamairlines_com	https://www.fujidreamairlines.com/
www_fujiidaimaru_co_jp	https://www.fujiidaimaru.co.jp/
www_fujikix_com	https://www.fujikix.com/
www_fujikogyo_com	https://www.fujikogyo.com/
www_fujikyu_co_jp	https://www.fujikyu.co.jp/
www_fujimoto_deburring_co_jp	https://www.fujimoto-deburring.co.jp/
www_fujirockfestival_com	https://www.fujirockfestival.com/
www_fujitv_co_jp	https://www.fujitv.co.jp/
www_fukoku_fs_jp	https://www.fukoku-fs.jp/
www_fukoku_life_co_jp	https://www.fukoku-life.co.jp/
www_fukokutokai_co_jp	https://www.fukokutokai.co.jp/
www_fukudaco_co_jp	https://www.fukudaco.co.jp/
www_fukujincare_com	https://www.fukujincare.com/
www_fukuokabank_co_jp	https://www.fukuokabank.co.jp/
www_funabuse_or_jp	https://www.funabuse.or.jp/
www_funakoshi_naika_net	https://www.funakoshi-naika.net/
www_fungo_com	https://www.fungo.com/
www_funnelbox_com	https://www.funnelbox.com/
www_furyu_jp	https://www.furyu.jp/
www_fuso_inc_co_jp	https://www.fuso-inc.co.jp/
www_future_expansion_com	https://www.future-expansion.com/
www_fuwa_jp	https://www.fuwa.jp/
www_fwinc_co_jp	https://www.fwinc.co.jp/
www_g_a_co_nz	https://www.g-a.co.nz/
www_g_line_ne_jp	https://www.g-line.ne.jp/
www_g_mark_org	https://www.g-mark.org/
www_g_race_com	https://www.g-race.com/
www_g_star_com	https://www.g-star.com/
www_g_uld_dk	https://www.g-uld.dk/
www_gabrielcontassot_com	https://www.gabrielcontassot.com/
www_galeriedepop_com	https://www.galeriedepop.com/
www_galerieslafayettechampselysees_com	https://www.galerieslafayettechampselysees.com/
www_gallerycommon_com	https://www.gallerycommon.com/
www_gankohompo_com	https://www.gankohompo.com/
www_gaora_co_jp	https://www.gaora.co.jp/
www_gar_ten_com	https://www.gar-ten.com/
www_gatsby_jp	https://www.gatsby.jp/
www_gatsbyglobal_com	https://www.gatsbyglobal.com/
www_geekly_co_jp	https://www.geekly.co.jp/
www_geigeki_jp	https://www.geigeki.jp/
www_gen_ten_jp	https://www.gen-ten.jp/
www_generalpurpose_directory	https://www.generalpurpose.directory/
www_genesiaventures_com	https://www.genesiaventures.com/
www_geniussonority_co_jp	https://www.geniussonority.co.jp/
www_genkigolf_jp	https://www.genkigolf.jp/
www_geo_kachou_jp	https://www.geo-kachou.jp/
www_geohankyu_com	https://www.geohankyu.com/
www_geolive_co_jp	https://www.geolive.co.jp/
www_geomatec_co_jp	https://www.geomatec.co.jp/
www_georgia_jp	https://www.georgia.jp/
www_georgjensen_com	https://www.georgjensen.com/
www_gerax_ch	https://www.gerax.ch/
www_gestisoft_com	https://www.gestisoft.com/
www_getblue_com	https://www.getblue.com/
www_gethyped_nl	https://www.gethyped.nl/
www_getnauta_com	https://www.getnauta.com/
www_gettala_com	https://www.gettala.com/
www_gf_nakasatsunai_sakura_ne_jp	https://www.gf-nakasatsunai.sakura.ne.jp/
www_gia_edu	https://www.gia.edu/
www_gib_life_co_jp	https://www.gib-life.co.jp/
www_giba7_com_br	https://www.giba7.com.br/
www_gifu_swoops_com	https://www.gifu-swoops.com/
www_ginbasya_jp	https://www.ginbasya.jp/
www_ginza_komatsu_co_jp	https://www.ginza-komatsu.co.jp/
www_giontsujiri_co_jp	https://www.giontsujiri.co.jp/
www_girafe_crepe_com	https://www.girafe-crepe.com/
www_gitman_com	https://www.gitman.com/
www_giuligartner_com	https://www.giuligartner.com/
www_gizmodo_jp	https://www.gizmodo.jp/
www_gk_cflt_com	https://www.gk-cflt.com/
www_glico_com	https://www.glico.com/
www_global_sports_co_jp	https://www.global-sports.co.jp/
www_global_touch_com	https://www.global-touch.com/
www_globald_net	https://www.globald.net/
www_globalmaritimeforum_org	https://www.globalmaritimeforum.org/
www_globalwork_jp	https://www.globalwork.jp/
www_globe_antiques_com	https://www.globe-antiques.com/
www_glory_shoei_ac_jp	https://www.glory-shoei.ac.jp/
www_glyphic_bio	https://www.glyphic.bio/
www_goa_net_com	https://www.goa-net.com/
www_goen_goen_co_jp	https://www.goen-goen.co.jp/
www_gogodesign_co_jp	https://www.gogodesign.co.jp/
www_gohan_series_jp	https://www.gohan-series.jp/
www_gohawaii_com	https://www.gohawaii.com/
www_goldenisles_com	https://www.goldenisles.com/
www_golf_parismiki_sr_jp	https://www.golf-parismiki-sr.jp/
www_goliathsportswear_com	https://www.goliathsportswear.com/
www_golla_com	https://www.golla.com/
www_goma_soba_jp	https://www.goma-soba.jp/
www_gommagomma_com	https://www.gommagomma.com/
www_good_is	https://www.good.is/
www_good2garden_com	https://www.good2garden.com/
www_gooddesigncompany_com	https://www.gooddesigncompany.com/
www_goodlifemeds_com	https://www.goodlifemeds.com/
www_goodmoods_com	https://www.goodmoods.com/
www_googletagmanager_com	https://www.googletagmanager.com/
www_googleventures_com	https://www.googleventures.com/
www_goonsdesign_com	https://www.goonsdesign.com/
www_gooqx_com	https://www.gooqx.com/
www_gorki_de	https://www.gorki.de/
www_gosho_screw_jp	https://www.gosho-screw.jp/
www_goshu_co_jp	https://www.goshu.co.jp/
www_goto_mono_com	https://www.goto-mono.com/
www_gpol_co_jp	https://www.gpol.co.jp/
www_gqjapan_jp	https://www.gqjapan.jp/
www_gqwp_net	https://www.gqwp.net/
www_gracecoleboutique_com	https://www.gracecoleboutique.com/
www_gracobaby_jp	https://www.gracobaby.jp/
www_gradation_site	https://www.gradation.site/
www_gradito_net	https://www.gradito.net/
www_graf_d3_com	https://www.graf-d3.com/
www_graf_von_faber_castell_com	https://www.graf-von-faber-castell.com/
www_gramco_co_jp	https://www.gramco.co.jp/
www_gramicci_jp	https://www.gramicci.jp/
www_grandaine_luxage_com	https://www.grandaine-luxage.com/
www_granmore_co_jp	https://www.granmore.co.jp/
www_grapass_net	https://www.grapass.net/
www_green_lab_com	https://www.green--lab.com/
www_green_house_co_jp	https://www.green-house.co.jp/
www_green_label_relaxing_jp	https://www.green-label-relaxing.jp/
www_greenbird_jp	https://www.greenbird.jp/
www_greenplanet8624_jp	https://www.greenplanet8624.jp/
www_gro_repu_com	https://www.gro-repu.com/
www_groth_studio	https://www.groth.studio/
www_gtokyo_art_com	https://www.gtokyo-art.com/
www_gucciosteria_com	https://www.gucciosteria.com/
www_guilty_crown_jp	https://www.guilty-crown.jp/
www_gumbo_kitchen	https://www.gumbo.kitchen/
www_gunze_jp	https://www.gunze.jp/
www_gv_com	https://www.gv.com/
www_h_n_h_jp	https://www.h-n-h.jp/
www_habito_studio	https://www.habito.studio/
www_haco_photo_com	https://www.haco-photo.com/
www_hacobell_com	https://www.hacobell.com/
www_haconiwa_mag_com	https://www.haconiwa-mag.com/
www_hacoyadesign_com	https://www.hacoyadesign.com/
www_hacu_jp	https://www.hacu.jp/
www_hada_senka_com	https://www.hada-senka.com/
www_hadalabo_jp	https://www.hadalabo.jp/
www_haier_com	https://www.haier.com/
www_hajime_design_com	https://www.hajime-design.com/
www_hakatamachiya_com	https://www.hakatamachiya.com/
www_hakko_blend_com	https://www.hakko-blend.com/
www_hakubi_net	https://www.hakubi.net/
www_hakuhodo_co_jp	https://www.hakuhodo.co.jp/
www_hakuichi_co_jp	https://www.hakuichi.co.jp/
www_hakuju_ji_com	https://www.hakuju-ji.com/
www_hakurei_co_jp	https://www.hakurei.co.jp/
www_hakuseisha_com	https://www.hakuseisha.com/
www_halekulani_com	https://www.halekulani.com/
www_haleypark_design	https://www.haleypark.design/
www_haluta_jp	https://www.haluta.jp/
www_hamakids_jp	https://www.hamakids.jp/
www_hamatatsu_lab_com	https://www.hamatatsu-lab.com/
www_hammock_jp	https://www.hammock.jp/
www_hana_house_jp	https://www.hana-house.jp/
www_hanakawa_energy_jp	https://www.hanakawa-energy.jp/
www_hanamaruudon_com	https://www.hanamaruudon.com/
www_hananobihaku_jp	https://www.hananobihaku.jp/
www_hanazawa_co_com	https://www.hanazawa-co.com/
www_hanazawakana_music_net	https://www.hanazawakana-music.net/
www_hankyu_co_jp	https://www.hankyu.co.jp/
www_hannan_u_ac_jp	https://www.hannan-u.ac.jp/
www_happyturn_com	https://www.happyturn.com/
www_harajuku_plus_com	https://www.harajuku-plus.com/
www_haramedical_or_jp	https://www.haramedical.or.jp/
www_hare_jp	https://www.hare.jp/
www_haregiya_jp	https://www.haregiya.jp/
www_hareyoshi_com	https://www.hareyoshi.com/
www_harimanics_co_jp	https://www.harimanics.co.jp/
www_harley_davidson_co_jp	https://www.harley-davidson.co.jp/
www_hartford_fr	https://www.hartford.fr/
www_hartmanncapital_com	https://www.hartmanncapital.com/
www_haru_shika_jp	https://www.haru-shika.jp/
www_haruchika_co_jp	https://www.haruchika.co.jp/
www_harvestclub_com	https://www.harvestclub.com/
www_hasamiyaki_jp	https://www.hasamiyaki.jp/
www_haseko_co_jp	https://www.haseko.co.jp/
www_hashimoto_alloy_co_jp	https://www.hashimoto-alloy.co.jp/
www_hashizume_e_co_jp	https://www.hashizume-e.co.jp/
www_hatsuneya_jp	https://www.hatsuneya.jp/
www_hatta_optical_com	https://www.hatta-optical.com/
www_hayakawa_jidousya_com	https://www.hayakawa-jidousya.com/
www_hayama_honten_com	https://www.hayama-honten.com/
www_hc_c_jp	https://www.hc-c.jp/
www_headporter_co_jp	https://www.headporter.co.jp/
www_healios_co_jp	https://www.healios.co.jp/
www_heart_bread_com	https://www.heart-bread.com/
www_heartlabels_jp	https://www.heartlabels.jp/
www_heathceramics_com	https://www.heathceramics.com/
www_heathergreywall_com	https://www.heathergreywall.com/
www_heights_agency	https://www.heights.agency/
www_heimdallpower_com	https://www.heimdallpower.com/
www_heiwadai_dental_com	https://www.heiwadai-dental.com/
www_hellagro_gr	https://www.hellagro.gr/
www_hellocycling_jp	https://www.hellocycling.jp/
www_hellomag_jp	https://www.hellomag.jp/
www_hellyhansen_jp	https://www.hellyhansen.jp/
www_hemster_co	https://www.hemster.co/
www_henge07_com	https://www.henge07.com/
www_hensslerhenssler_de	https://www.hensslerhenssler.de/
www_hep_five_ofc_com	https://www.hep-five-ofc.com/
www_hepfive_jp	https://www.hepfive.jp/
www_hevahealth_com	https://www.hevahealth.com/
www_heyitshowie_com	https://www.heyitshowie.com/
www_hha_no	https://www.hha.no/
www_hhhusher_com	https://www.hhhusher.com/
www_hi_g_net	https://www.hi-g.net/
www_hi7ta_com	https://www.hi7ta.com/
www_higashiya_com	https://www.higashiya.com/
www_higher_frequency_com	https://www.higher-frequency.com/
www_highlights_jp	https://www.highlights.jp/
www_higuchi_m_co_jp	https://www.higuchi-m.co.jp/
www_hikari_supporter_com	https://www.hikari-supporter.com/
www_hikarie_jp	https://www.hikarie.jp/
www_hiltontokyobay_jp	https://www.hiltontokyobay.jp/
www_himeji_kanko_jp	https://www.himeji-kanko.jp/
www_himeno_mugibatake_com	https://www.himeno-mugibatake.com/
www_hipp_health	https://www.hipp.health/
www_hiroshima_hakushima_hp_jp	https://www.hiroshima-hakushima-hp.jp/
www_hisatomo_p_com	https://www.hisatomo-p.com/
www_hitachi_c_m_com	https://www.hitachi-c-m.com/
www_hitachi_ip_co_jp	https://www.hitachi-ip.co.jp/
www_hitoyoshiryokan_com	https://www.hitoyoshiryokan.com/
www_hitsfamily_com	https://www.hitsfamily.com/
www_hizawahome_co_jp	https://www.hizawahome.co.jp/
www_hjsd_co_jp	https://www.hjsd.co.jp/
www_hm_com	https://www.hm.com/
www_hmr_jp	https://www.hmr.jp/
www_hoan_supply_co_jp	https://www.hoan-supply.co.jp/
www_hochbach_de	https://www.hochbach.de/
www_hochburg_net	https://www.hochburg.net/
www_hochiki_co_jp	https://www.hochiki.co.jp/
www_hokennitegami_jp	https://www.hokennitegami.jp/
www_hokkahokka_tei_jp	https://www.hokkahokka-tei.jp/
www_hokuo_design_net	https://www.hokuo-design.net/
www_hokutsu_co_jp	https://www.hokutsu.co.jp/
www_homagames_com	https://www.homagames.com/
www_home_court_jp	https://www.home-court.jp/
www_home_work_co_jp	https://www.home-work.co.jp/
www_honeyee_com	https://www.honeyee.com/
www_honeyroa_jp	https://www.honeyroa.jp/
www_hopeandanchorlondon_com	https://www.hopeandanchorlondon.com/
www_hopnet_co_jp	https://www.hopnet.co.jp/
www_hoppo_group_co_jp	https://www.hoppo-group.co.jp/
www_hoshinoyakaruizawa_com	https://www.hoshinoyakaruizawa.com/
www_hosoda_co_jp	https://www.hosoda.co.jp/
www_hosp_hyo_med_ac_jp	https://www.hosp.hyo-med.ac.jp/
www_hospitalment_nishi_jp	https://www.hospitalment-nishi.jp/
www_hotbiscuits_jp	https://www.hotbiscuits.jp/
www_hotel_daybyday_sala_jp	https://www.hotel-daybyday.sala.jp/
www_hotel_sandalwood_com	https://www.hotel-sandalwood.com/
www_hotelaomori_co_jp	https://www.hotelaomori.co.jp/
www_houndstoothsc_com	https://www.houndstoothsc.com/
www_house_wf_co_jp	https://www.house-wf.co.jp/
www_houseblend_jp	https://www.houseblend.jp/
www_housestory_jp	https://www.housestory.jp/
www_houyhnhnm_jp	https://www.houyhnhnm.jp/
www_how_we_live_design	https://www.how-we-live.design/
www_hozantei_com	https://www.hozantei.com/
www_hr_gift_jp	https://www.hr-gift.jp/
www_hsn_kikai_com	https://www.hsn-kikai.com/
www_htc_com	https://www.htc.com/
www_huaweidevice_jp	https://www.huaweidevice.jp/
www_hublot_com	https://www.hublot.com/
www_hucord_com	https://www.hucord.com/
www_huelemuseum_com	https://www.huelemuseum.com/
www_hugme_co_jp	https://www.hugme.co.jp/
www_hugmug_jp	https://www.hugmug.jp/
www_hugoandmarie_com	https://www.hugoandmarie.com/
www_hugp_com	https://www.hugp.com/
www_huistenbosch_co_jp	https://www.huistenbosch.co.jp/
www_hukla_co_jp	https://www.hukla.co.jp/
www_humaan_com	https://www.humaan.com/
www_humanssince1982_com	https://www.humanssince1982.com/
www_hunterboots_jp	https://www.hunterboots.jp/
www_hus_ac_jp	https://www.hus.ac.jp/
www_hwc_jp	https://www.hwc.jp/
www_hybridhome_co_jp	https://www.hybridhome.co.jp/
www_hyoe_co_jp	https://www.hyoe.co.jp/
www_hyogo_hikitsugi_jp	https://www.hyogo-hikitsugi.jp/
www_hyogo_mitsubishi_com	https://www.hyogo-mitsubishi.com/
www_hyoki_jp	https://www.hyoki.jp/
www_hyper_cube_co_jp	https://www.hyper-cube.co.jp/
www_hytwatches_com	https://www.hytwatches.com/
www_hyundai_com	https://www.hyundai.com/
www_iacc_co_jp	https://www.iacc.co.jp/
www_iarchitect_co_jp	https://www.iarchitect.co.jp/
www_ibank_co_jp	https://www.ibank.co.jp/
www_ic_group_co_jp	https://www.ic-group.co.jp/
www_icc_ac_jp	https://www.icc.ac.jp/
www_icckyoto_or_jp	https://www.icckyoto.or.jp/
www_icebergdoc_org	https://www.icebergdoc.org/
www_ichibanya_co_jp	https://www.ichibanya.co.jp/
www_ichinobo_com	https://www.ichinobo.com/
www_ichiyosenko_jp	https://www.ichiyosenko.jp/
www_ichizawa_co_jp	https://www.ichizawa.co.jp/
www_icon_shop_be	https://www.icon-shop.be/
www_id_frontier_jp	https://www.id-frontier.jp/
www_idcn_jp	https://www.idcn.jp/
www_ideal_tokyo_jp	https://www.ideal-tokyo.jp/
www_ideo_com	https://www.ideo.com/
www_ifperformance_com	https://www.ifperformance.com/
www_iftc_svc_co_jp	https://www.iftc-svc.co.jp/
www_igkhair_com	https://www.igkhair.com/
www_ignitionpoint_inc_com	https://www.ignitionpoint-inc.com/
www_iichi_com	https://www.iichi.com/
www_iino_co_jp	https://www.iino.co.jp/
www_iiyama_ouendan_net	https://www.iiyama-ouendan.net/
www_ikeri_co_jp	https://www.ikeri.co.jp/
www_ikeyan_jp	https://www.ikeyan.jp/
www_ikoi_ryokan_com	https://www.ikoi-ryokan.com/
www_iljavaneck_com	https://www.iljavaneck.com/
www_ilovesimone_com	https://www.ilovesimone.com/
www_imai_dental_office_com	https://www.imai-dental-office.com/
www_imaiunso_com	https://www.imaiunso.com/
www_imajo_co_jp	https://www.imajo.co.jp/
www_imj_ip_co_jp	https://www.imj-ip.co.jp/
www_imjp_co_jp	https://www.imjp.co.jp/
www_in2headphones_com	https://www.in2headphones.com/
www_inatori_ginsuiso_jp	https://www.inatori-ginsuiso.jp/
www_incommonwith_com	https://www.incommonwith.com/
www_incudata_co_jp	https://www.incudata.co.jp/
www_indetail_co_jp	https://www.indetail.co.jp/
www_ineo_sense_com	https://www.ineo-sense.com/
www_infinity_r_jp	https://www.infinity-r.jp/
www_infroneer_com	https://www.infroneer.com/
www_ing_style_jp	https://www.ing-style.jp/
www_inno_centre_com	https://www.inno-centre.com/
www_innocean_com	https://www.innocean.com/
www_innov_kobe_u_ac_jp	https://www.innov.kobe-u.ac.jp/
www_inpartmaint_com	https://www.inpartmaint.com/
www_insins_co_jp	https://www.insins.co.jp/
www_insta360_com	https://www.insta360.com/
www_instrument_com	https://www.instrument.com/
www_intage_healthcare_co_jp	https://www.intage-healthcare.co.jp/
www_intage_co_jp	https://www.intage.co.jp/
www_intelligent_home_jp	https://www.intelligent-home.jp/
www_inter_highschool_ne_jp	https://www.inter-highschool.ne.jp/
www_interbrandjapan_com	https://www.interbrandjapan.com/
www_intercom_com	https://www.intercom.com/
www_internetacademy_jp	https://www.internetacademy.jp/
www_interviewmagazine_com	https://www.interviewmagazine.com/
www_intrepidautomation_com	https://www.intrepidautomation.com/
www_invisionapp_com	https://www.invisionapp.com/
www_invogue_co_jp	https://www.invogue.co.jp/
www_inzone_jp	https://www.inzone.jp/
www_ipsa_co_jp	https://www.ipsa.co.jp/
www_irep_co_jp	https://www.irep.co.jp/
www_iret_co_jp	https://www.iret.co.jp/
www_irie_naika_com	https://www.irie-naika.com/
www_irobot_jp_com	https://www.irobot-jp.com/
www_is_ishii_jp	https://www.is-ishii.jp/
www_isabl_io	https://www.isabl.io/
www_isaka_co_jp	https://www.isaka.co.jp/
www_isetan_co_jp	https://www.isetan.co.jp/
www_isetanspecial_com	https://www.isetanspecial.com/
www_ishida_glass_com	https://www.ishida-glass.com/
www_isleofwightfestival_com	https://www.isleofwightfestival.com/
www_isomorphiclabs_com	https://www.isomorphiclabs.com/
www_ispartners_jp	https://www.ispartners.jp/
www_isseymiyake_com	https://www.isseymiyake.com/
www_isshiki_law_com	https://www.isshiki-law.com/
www_isuka_co_jp	https://www.isuka.co.jp/
www_itani_co_jp	https://www.itani.co.jp/
www_itcenex_com	https://www.itcenex.com/
www_itm_gr_co_jp	https://www.itm-gr.co.jp/
www_ito_noen_com	https://www.ito-noen.com/
www_itoen_jp	https://www.itoen.jp/
www_itohkampo_co_jp	https://www.itohkampo.co.jp/
www_itohkyuemon_co_jp	https://www.itohkyuemon.co.jp/
www_itoki_global_com	https://www.itoki-global.com/
www_itoya_mentaiko_co_jp	https://www.itoya-mentaiko.co.jp/
www_itscom_co_jp	https://www.itscom.co.jp/
www_itskn_jp	https://www.itskn.jp/
www_ivs_events	https://www.ivs.events/
www_iwakioptic_co_jp	https://www.iwakioptic.co.jp/
www_iwate_wakame_jp	https://www.iwate-wakame.jp/
www_iwc_com	https://www.iwc.com/
www_izumi_tanaka_com	https://www.izumi-tanaka.com/
www_izumi_akita_jp	https://www.izumi.akita.jp/
www_izumonomagatama_com	https://www.izumonomagatama.com/
www_izumotaisya_jp	https://www.izumotaisya.jp/
www_izurashi_co_jp	https://www.izurashi.co.jp/
www_izutsu_co_jp	https://www.izutsu.co.jp/
www_j_league_store_jp	https://www.j-league-store.jp/
www_j_milk_jp	https://www.j-milk.jp/
www_j_p_co_jp	https://www.j-p.co.jp/
www_j_q_co_jp	https://www.j-q.co.jp/
www_j_vers_com	https://www.j-vers.com/
www_ja_sukou_iijan_or_jp	https://www.ja-sukou.iijan.or.jp/
www_jaccs_co_jp	https://www.jaccs.co.jp/
www_jack_bunny_net	https://www.jack-bunny.net/
www_jackywinter_com	https://www.jackywinter.com/
www_jaf_co_jp	https://www.jaf-co.jp/
www_jaga_fm	https://www.jaga.fm/
www_jaic_co_jp	https://www.jaic.co.jp/
www_jaist_ac_jp	https://www.jaist.ac.jp/
www_jameenctarlier_com	https://www.jameenctarlier.com/
www_jamsundries_jp	https://www.jamsundries.jp/
www_janu_jp	https://www.janu.jp/
www_japacom_co_jp	https://www.japacom.co.jp/
www_japanbyvan_com	https://www.japanbyvan.com/
www_jaunedechrome_com	https://www.jaunedechrome.com/
www_jazy_co_jp	https://www.jazy.co.jp/
www_jc_spark_co_jp	https://www.jc-spark.co.jp/
www_je_laime_com	https://www.je-laime.com/
www_jeanasis_jp	https://www.jeanasis.jp/
www_jeep_japan_com	https://www.jeep-japan.com/
www_jeia_co_jp	https://www.jeia.co.jp/
www_jelaime_jp	https://www.jelaime.jp/
www_jetblue_com	https://www.jetblue.com/
www_jeton_com	https://www.jeton.com/
www_jfe_shoji_co_jp	https://www.jfe-shoji.co.jp/
www_jfe_systems_com	https://www.jfe-systems.com/
www_jhornig_at	https://www.jhornig.at/
www_ji_partners_co_jp	https://www.ji-partners.co.jp/
www_jibunbank_co_jp	https://www.jibunbank.co.jp/
www_jiem_co_jp	https://www.jiem.co.jp/
www_jikei_hospitality_ac_jp	https://www.jikei-hospitality.ac.jp/
www_jillstuart_beauty_com	https://www.jillstuart-beauty.com/
www_jins_jp_com	https://www.jins-jp.com/
www_jinseikai_or_jp	https://www.jinseikai.or.jp/
www_jiunu_co	https://www.jiunu.co/
www_jiyugaoka_info	https://www.jiyugaoka.info/
www_jj_group_jp	https://www.jj-group.jp/
www_jk_nishiko_jp	https://www.jk-nishiko.jp/
www_jmc_ltd_co_jp	https://www.jmc-ltd.co.jp/
www_jnj_co_jp	https://www.jnj.co.jp/
www_johnbull_co_jp	https://www.johnbull.co.jp/
www_joloves_com	https://www.joloves.com/
www_jonasreymondin_com	https://www.jonasreymondin.com/
www_jonetsu_web_com	https://www.jonetsu-web.com/
www_jonway_studio	https://www.jonway.studio/
www_joshibi_ac_jp	https://www.joshibi.ac.jp/
www_joulevc_com	https://www.joulevc.com/
www_jp_nikon_com	https://www.jp.nikon.com/
www_jr_fukumimi_com	https://www.jr-fukumimi.com/
www_jr_hellokittyshinkansen_jp	https://www.jr-hellokittyshinkansen.jp/
www_jr_takashimaya_co_jp	https://www.jr-takashimaya.co.jp/
www_jrass_jp	https://www.jrass.jp/
www_jrbeetle_com	https://www.jrbeetle.com/
www_jrkyushu_co_jp	https://www.jrkyushu.co.jp/
www_jt_roots_com	https://www.jt-roots.com/
www_jtcdesign_com	https://www.jtcdesign.com/
www_jujunyc_net	https://www.jujunyc.net/
www_juki_co_jp	https://www.juki.co.jp/
www_julienrenau_com	https://www.julienrenau.com/
www_jumblestore_com	https://www.jumblestore.com/
www_jun_co_jp	https://www.jun.co.jp/
www_jungle_so	https://www.jungle.so/
www_junmen_com	https://www.junmen.com/
www_jurijewelry_com	https://www.jurijewelry.com/
www_jusandi_jp	https://www.jusandi.jp/
www_justgowiththeflow_com	https://www.justgowiththeflow.com/
www_jw_advisers_co_jp	https://www.jw-advisers.co.jp/
www_jw_senga_co_jp	https://www.jw-senga.co.jp/
www_jwt_co_jp	https://www.jwt.co.jp/
www_jyunka_jp	https://www.jyunka.jp/
www_jyuzan_jp	https://www.jyuzan.jp/
www_k_hutec_co_jp	https://www.k-hutec.co.jp/
www_k_senka_com	https://www.k-senka.com/
www_k_setagaya_co_jp	https://www.k-setagaya.co.jp/
www_k_swiss_jp	https://www.k-swiss.jp/
www_k_uno_co_jp	https://www.k-uno.co.jp/
www_kagaya_co_jp	https://www.kagaya.co.jp/
www_kagure_jp	https://www.kagure.jp/
www_kahou_com	https://www.kahou.com/
www_kaids_co_jp	https://www.kaids.co.jp/
www_kaiju_palette_com	https://www.kaiju-palette.com/
www_kaikan_co_jp	https://www.kaikan.co.jp/
www_kairos_co_jp	https://www.kairos.co.jp/
www_kajitsudotech_co_jp	https://www.kajitsudotech.co.jp/
www_kakuyasubus_jp	https://www.kakuyasubus.jp/
www_kama_asa_co_jp	https://www.kama-asa.co.jp/
www_kamakuraham_tomioka_co_jp	https://www.kamakuraham-tomioka.co.jp/
www_kamipa_co_jp	https://www.kamipa.co.jp/
www_kamuro_net_co_jp	https://www.kamuro-net.co.jp/
www_kanagawa_u_ac_jp	https://www.kanagawa-u.ac.jp/
www_kanaknaturals_com	https://www.kanaknaturals.com/
www_kanarys_com	https://www.kanarys.com/
www_kandagaigo_ac_jp	https://www.kandagaigo.ac.jp/
www_kanebo_cosmetics_jp	https://www.kanebo-cosmetics.jp/
www_kaneko_optical_co_jp	https://www.kaneko-optical.co.jp/
www_kanekonobuaki_com	https://www.kanekonobuaki.com/
www_kaneryo_co_jp	https://www.kaneryo.co.jp/
www_kanko_setagaya_jp	https://www.kanko-setagaya.jp/
www_kankyou_keisoku_co_jp	https://www.kankyou-keisoku.co.jp/
www_kansaigaidai_ac_jp	https://www.kansaigaidai.ac.jp/
www_kanseido_co_jp	https://www.kanseido.co.jp/
www_kanzan_wedding_net	https://www.kanzan-wedding.net/
www_kappa_ne_jp	https://www.kappa.ne.jp/
www_kappo_yuri_com	https://www.kappo-yuri.com/
www_karak_at	https://www.karak.at/
www_karim_saab_com	https://www.karim-saab.com/
www_karimoku_research_com	https://www.karimoku-research.com/
www_karocrafts_com	https://www.karocrafts.com/
www_karrimor_jp	https://www.karrimor.jp/
www_kartell_com	https://www.kartell.com/
www_kashifuji_co_jp	https://www.kashifuji.co.jp/
www_kashiwayahonten_com	https://www.kashiwayahonten.com/
www_kasiasiwosz_com	https://www.kasiasiwosz.com/
www_katata_co_jp	https://www.katata.co.jp/
www_kate_co_jp	https://www.kate.co.jp/
www_katsura_roller_co_jp	https://www.katsura-roller.co.jp/
www_kawaguchigiken_co_jp	https://www.kawaguchigiken.co.jp/
www_kawai_jp	https://www.kawai.jp/
www_kawasakitrading_co_jp	https://www.kawasakitrading.co.jp/
www_kawata_org	https://www.kawata.org/
www_kawazoe_clinic_jp	https://www.kawazoe-clinic.jp/
www_kayac_com	https://www.kayac.com/
www_kayanoya_com	https://www.kayanoya.com/
www_kazmia_co_jp	https://www.kazmia.co.jp/
www_kazurasei_co_jp	https://www.kazurasei.co.jp/
www_kbu_ac_jp	https://www.kbu.ac.jp/
www_kddi_com	https://www.kddi.com/
www_kds_kddi_com	https://www.kds.kddi.com/
www_kdsnet_co_jp	https://www.kdsnet.co.jp/
www_keego_at	https://www.keego.at/
www_keenfootwear_jp	https://www.keenfootwear.jp/
www_keihanhotels_resorts_co_jp	https://www.keihanhotels-resorts.co.jp/
www_keiho_u_ac_jp	https://www.keiho-u.ac.jp/
www_keio_co_jp	https://www.keio.co.jp/
www_keisatodesign_com	https://www.keisatodesign.com/
www_keishicho_metro_tokyo_lg_jp	https://www.keishicho.metro.tokyo.lg.jp/
www_keitakuen_garden_jp	https://www.keitakuen-garden.jp/
www_kenchikugakubu_jp	https://www.kenchikugakubu.jp/
www_kenei_pharm_com	https://www.kenei-pharm.com/
www_kenko_net_co_jp	https://www.kenko-net.co.jp/
www_kentisburygrange_co_uk	https://www.kentisburygrange.co.uk/
www_keraskin_esthetics_jp	https://www.keraskin-esthetics.jp/
www_kerastase_jp	https://www.kerastase.jp/
www_keukenkastenfabriek_nl	https://www.keukenkastenfabriek.nl/
www_keyaki_kampo_jp	https://www.keyaki-kampo.jp/
www_keyence_co_jp	https://www.keyence.co.jp/
www_ki_ra_ra_jp	https://www.ki-ra-ra.jp/
www_kiaoval_com	https://www.kiaoval.com/
www_kibera_jp	https://www.kibera.jp/
www_kibunesou_com	https://www.kibunesou.com/
www_kickstarter_com	https://www.kickstarter.com/
www_kikk_be	https://www.kikk.be/
www_kikuchi_megane_co_jp	https://www.kikuchi-megane.co.jp/
www_killtu_be	https://www.killtu.be/
www_kimal_jp	https://www.kimal.jp/
www_kiminona_com	https://www.kiminona.com/
www_kimishima_info	https://www.kimishima.info/
www_kimono_hosho_co_jp	https://www.kimono-hosho.co.jp/
www_kimura_unity_co_jp	https://www.kimura-unity.co.jp/
www_kimurasoap_co_jp	https://www.kimurasoap.co.jp/
www_kindai_ac_jp	https://www.kindai.ac.jp/
www_kinezuka_jp	https://www.kinezuka.jp/
www_kinfolk_com	https://www.kinfolk.com/
www_kinggnutgu_com	https://www.kinggnutgu.com/
www_kingshaus_co	https://www.kingshaus.co/
www_kinoshita_reform_com	https://www.kinoshita-reform.com/
www_kinran_ac_jp	https://www.kinran.ac.jp/
www_kintarou_co_jp	https://www.kintarou.co.jp/
www_kirby_jp	https://www.kirby.jp/
www_kirikan_jp	https://www.kirikan.jp/
www_kirin_co_jp	https://www.kirin.co.jp/
www_kirinholdings_com	https://www.kirinholdings.com/
www_kirinichiban_kirin_co_jp	https://www.kirinichiban.kirin.co.jp/
www_kirinuki_jp	https://www.kirinuki.jp/
www_kirishima_co_jp	https://www.kirishima.co.jp/
www_kirkorarchitects_com	https://www.kirkorarchitects.com/
www_kitahora_com	https://www.kitahora.com/
www_kitamura1923_com	https://www.kitamura1923.com/
www_kitamuracamera_jp	https://www.kitamuracamera.jp/
www_kitandace_com	https://www.kitandace.com/
www_kitano_hunter_co_jp	https://www.kitano-hunter.co.jp/
www_kitchouudon_com	https://www.kitchouudon.com/
www_kitzsteinhorn_at	https://www.kitzsteinhorn.at/
www_kk_dainichi_co_jp	https://www.kk-dainichi.co.jp/
www_kk35_jp	https://www.kk35.jp/
www_kkday_com	https://www.kkday.com/
www_kkr_hotel_kumamoto_com	https://www.kkr-hotel-kumamoto.com/
www_kkshinwa_co_jp	https://www.kkshinwa.co.jp/
www_klads_com_cn	https://www.klads.com.cn/
www_kline_recruit_jp	https://www.kline-recruit.jp/
www_kmj_ab_co_jp	https://www.kmj-ab.co.jp/
www_knitting_co_jp	https://www.knitting.co.jp/
www_knk_lab_jp	https://www.knk-lab.jp/
www_koal_ch	https://www.koal.ch/
www_kobe_beauty_cc	https://www.kobe-beauty.cc/
www_kobe_kanagawa_jp	https://www.kobe-kanagawa.jp/
www_kobe_tech_ac_jp	https://www.kobe-tech.ac.jp/
www_kobelco_kyoshu_com	https://www.kobelco-kyoshu.com/
www_kobelco2103_jp	https://www.kobelco2103.jp/
www_kobesan_shoes_jp	https://www.kobesan-shoes.jp/
www_kobesuma_seaworld_jp	https://www.kobesuma-seaworld.jp/
www_koda_agency	https://www.koda.agency/
www_kodamajozo_co_jp	https://www.kodamajozo.co.jp/
www_kodental_co_jp	https://www.kodental.co.jp/
www_kodoukai_or_jp	https://www.kodoukai.or.jp/
www_koeitecmo_co_jp	https://www.koeitecmo.co.jp/
www_kogakuin_ac_jp	https://www.kogakuin.ac.jp/
www_kogeistandard_com	https://www.kogeistandard.com/
www_kohchosai_co_jp	https://www.kohchosai.co.jp/
www_koichaya_jp	https://www.koichaya.jp/
www_koikeya_co_jp	https://www.koikeya.co.jp/
www_koitoba_com	https://www.koitoba.com/
www_kojima_tns_co_jp	https://www.kojima-tns.co.jp/
www_kojitusanso_jp	https://www.kojitusanso.jp/
www_kokoromoi_com	https://www.kokoromoi.com/
www_kokubu_co_jp	https://www.kokubu.co.jp/
www_kokubunji_centralgolf_jp	https://www.kokubunji-centralgolf.jp/
www_kokubunji_sanchi_net	https://www.kokubunji-sanchi.net/
www_kokurakinen_or_jp	https://www.kokurakinen.or.jp/
www_kokuyo_marketing_co_jp	https://www.kokuyo-marketing.co.jp/
www_kolibri_is	https://www.kolibri.is/
www_komatsugawaengei_com	https://www.komatsugawaengei.com/
www_komatsumatere_co_jp	https://www.komatsumatere.co.jp/
www_komei_osaka_jp	https://www.komei-osaka.jp/
www_konan_u_ac_jp	https://www.konan-u.ac.jp/
www_kondosekizaiten_com	https://www.kondosekizaiten.com/
www_konel_co_jp	https://www.konel.co.jp/
www_konohoshi_movie_jp	https://www.konohoshi-movie.jp/
www_kontrapunkt_jp	https://www.kontrapunkt.jp/
www_konture_studio	https://www.konture.studio/
www_koto_corp_co_jp	https://www.koto-corp.co.jp/
www_koto_cp_com	https://www.koto-cp.com/
www_kouraku_com	https://www.kouraku.com/
www_koya_works_jp	https://www.koya-works.jp/
www_koyanagi_dental_com	https://www.koyanagi-dental.com/
www_koyasan_u_ac_jp	https://www.koyasan-u.ac.jp/
www_koyasan_or_jp	https://www.koyasan.or.jp/
www_ksskincare_jp	https://www.ksskincare.jp/
www_ktk_hd_com	https://www.ktk-hd.com/
www_ktm_com	https://www.ktm.com/
www_ktv_jp	https://www.ktv.jp/
www_kubota_paint_jp	https://www.kubota-paint.jp/
www_kultiveret_com	https://www.kultiveret.com/
www_kuma_h_or_jp	https://www.kuma-h.or.jp/
www_kumagaigumi_co_jp	https://www.kumagaigumi.co.jp/
www_kumamoto_coop	https://www.kumamoto.coop/
www_kumiai_chem_co_jp	https://www.kumiai-chem.co.jp/
www_kumon_ne_jp	https://www.kumon.ne.jp/
www_kun_ei_ac_jp	https://www.kun-ei.ac.jp/
www_kunihiro_jp_com	https://www.kunihiro-jp.com/
www_kuniokun_jp	https://www.kuniokun.jp/
www_kunitachi_ac_jp	https://www.kunitachi.ac.jp/
www_kura_kyoto_u_ac_jp	https://www.kura.kyoto-u.ac.jp/
www_kuraci_co_jp	https://www.kuraci.co.jp/
www_kurashi_no_techo_co_jp	https://www.kurashi-no-techo.co.jp/
www_kurashimanet_jp	https://www.kurashimanet.jp/
www_kurastyle_com	https://www.kurastyle.com/
www_kureha_co_jp	https://www.kureha.co.jp/
www_kureyama_com	https://www.kureyama.com/
www_kuryugate_com	https://www.kuryugate.com/
www_kusano_design_com	https://www.kusano-design.com/
www_kyash_co	https://www.kyash.co/
www_kyobi_ac_jp	https://www.kyobi.ac.jp/
www_kyodoprinting_co_jp	https://www.kyodoprinting.co.jp/
www_kyohaku_go_jp	https://www.kyohaku.go.jp/
www_kyokuto_note_co_jp	https://www.kyokuto-note.co.jp/
www_kyoritsu_con_co_jp	https://www.kyoritsu-con.co.jp/
www_kyosen_co_jp	https://www.kyosen.co.jp/
www_kyoto_art_ac_jp	https://www.kyoto-art.ac.jp/
www_kyoto_h_tokyuhotels_co_jp	https://www.kyoto-h.tokyuhotels.co.jp/
www_kyoto_matai_com	https://www.kyoto-matai.com/
www_kyoto_saga_ac_jp	https://www.kyoto-saga.ac.jp/
www_kyoto_su_ac_jp	https://www.kyoto-su.ac.jp/
www_kyoto_tower_jp	https://www.kyoto-tower.jp/
www_kyoto_u_ac_jp	https://www.kyoto-u.ac.jp/
www_kyotographie_jp	https://www.kyotographie.jp/
www_kyotojinjakon_jp	https://www.kyotojinjakon.jp/
www_kyotokon_jp	https://www.kyotokon.jp/
www_kyotomaedori_com	https://www.kyotomaedori.com/
www_kyowa_ei_com	https://www.kyowa-ei.com/
www_kyowa_ltd_jp	https://www.kyowa-ltd.jp/
www_kyowakoki_jp	https://www.kyowakoki.jp/
www_kyuujitsu_com	https://www.kyuujitsu.com/
www_l_s_jp	https://www.l-s.jp/
www_lab_c_co_kr	https://www.lab-c.co.kr/
www_lacasta_jp	https://www.lacasta.jp/
www_laforet_ne_jp	https://www.laforet.ne.jp/
www_lakeside_ac_com	https://www.lakeside-ac.com/
www_lakke_co_jp	https://www.lakke.co.jp/
www_lala_co_jp	https://www.lala.co.jp/
www_lalan_jp	https://www.lalan.jp/
www_lamourfou_be	https://www.lamourfou.be/
www_lancaperfume_com_br	https://www.lancaperfume.com.br/
www_lancome_jp	https://www.lancome.jp/
www_landofride_com	https://www.landofride.com/
www_lany_co_jp	https://www.lany.co.jp/
www_lapierrequitourne_com	https://www.lapierrequitourne.com/
www_laregiondesmusees_fr	https://www.laregiondesmusees.fr/
www_larry_jp	https://www.larry.jp/
www_latelierfenetre_jp	https://www.latelierfenetre.jp/
www_laundrin_jp	https://www.laundrin.jp/
www_lawebdelatelier_com	https://www.lawebdelatelier.com/
www_lawson_co_jp	https://www.lawson.co.jp/
www_lawsonbank_jp	https://www.lawsonbank.jp/
www_lboro_ac_uk	https://www.lboro.ac.uk/
www_ldkware_com	https://www.ldkware.com/
www_le_commu_co_jp	https://www.le-commu.co.jp/
www_leandra_isler_ch	https://www.leandra-isler.ch/
www_lechappeevolee_com	https://www.lechappeevolee.com/
www_lecip_co_jp	https://www.lecip.co.jp/
www_lecoldeclaudine_com	https://www.lecoldeclaudine.com/
www_lecreuset_jp	https://www.lecreuset.jp/
www_leeroy_ca	https://www.leeroy.ca/
www_leftfieldbrewery_ca	https://www.leftfieldbrewery.ca/
www_legoeducation_jp	https://www.legoeducation.jp/
www_lejour_net_com	https://www.lejour-net.com/
www_lento_co_jp	https://www.lento.co.jp/
www_leodislager_com	https://www.leodislager.com/
www_leon_jp	https://www.leon.jp/
www_leopalace21_co_jp	https://www.leopalace21.co.jp/
www_lesouk_jp	https://www.lesouk.jp/
www_levelshoedistrict_com	https://www.levelshoedistrict.com/
www_lexus_int_com	https://www.lexus-int.com/
www_lexus_fr	https://www.lexus.fr/
www_leyon_com	https://www.leyon.com/
www_lg_com	https://www.lg.com/
www_liblock_co_jp	https://www.liblock.co.jp/
www_lieverse_liars_jp	https://www.lieverse-liars.jp/
www_life_and_com_jp	https://www.life-and-com.jp/
www_lift_mag_com	https://www.lift-mag.com/
www_lift_type_fr	https://www.lift-type.fr/
www_limeiq_com	https://www.limeiq.com/
www_limlondon_com	https://www.limlondon.com/
www_lindt_jp	https://www.lindt.jp/
www_lineart_charmant_com	https://www.lineart-charmant.com/
www_liplab_com	https://www.liplab.com/
www_lipton_jp	https://www.lipton.jp/
www_liptonchilled_com	https://www.liptonchilled.com/
www_lisagas_jp	https://www.lisagas.jp/
www_lissage_jp	https://www.lissage.jp/
www_listude_jp	https://www.listude.jp/
www_littleplaces_london	https://www.littleplaces.london/
www_littstar_co_jp	https://www.littstar.co.jp/
www_livesense_co_jp	https://www.livesense.co.jp/
www_livingmotif_com	https://www.livingmotif.com/
www_lm_laduree_com	https://www.lm-laduree.com/
www_locondo_jp	https://www.locondo.jp/
www_loevenmorcel_com	https://www.loevenmorcel.com/
www_loftgarten_co	https://www.loftgarten.co/
www_logicool_co_jp	https://www.logicool.co.jp/
www_lollapalooza_com	https://www.lollapalooza.com/
www_longyong_jp	https://www.longyong.jp/
www_lookout_com	https://www.lookout.com/
www_lorealparisjapan_jp	https://www.lorealparisjapan.jp/
www_lottanieminen_com	https://www.lottanieminen.com/
www_louisaparris_com	https://www.louisaparris.com/
www_louispoulsen_com	https://www.louispoulsen.com/
www_loungedress_jp	https://www.loungedress.jp/
www_louvre_fr	https://www.louvre.fr/
www_lowesinnovationlabs_com	https://www.lowesinnovationlabs.com/
www_lpslyon_fr	https://www.lpslyon.fr/
www_lubie_co	https://www.lubie.co/
www_lucido_jp	https://www.lucido.jp/
www_lueurdoree_jp	https://www.lueurdoree.jp/
www_lunecroissanterie_com	https://www.lunecroissanterie.com/
www_lush_co_uk	https://www.lush.co.uk/
www_lushjapan_com	https://www.lushjapan.com/
www_lux_co_jp	https://www.lux.co.jp/
www_luxe_net	https://www.luxe.net/
www_lwps_jp	https://www.lwps.jp/
www_lycorp_co_jp	https://www.lycorp.co.jp/
www_lyon_beton_com	https://www.lyon-beton.com/
www_lyonandlyon_co_uk	https://www.lyonandlyon.co.uk/
www_lyzon_co_jp	https://www.lyzon.co.jp/
www_m_ms_jp	https://www.m-ms.jp/
www_m_zec_com	https://www.m-zec.com/
www_ma_tech_co_jp	https://www.ma-tech.co.jp/
www_machidukuri_nagano_jp	https://www.machidukuri-nagano.jp/
www_madecrate_com	https://www.madecrate.com/
www_madeinyourvoice_jp	https://www.madeinyourvoice.jp/
www_mademoiselledimanche_com	https://www.mademoiselledimanche.com/
www_madfoot_jp	https://www.madfoot.jp/
www_magnix_com	https://www.magnix.com/
www_maics_jp	https://www.maics.jp/
www_maisondefleur_jp	https://www.maisondefleur.jp/
www_makemepulse_com	https://www.makemepulse.com/
www_makereign_com	https://www.makereign.com/
www_maki_web_co_jp	https://www.maki-web.co.jp/
www_makingsoftware_com	https://www.makingsoftware.com/
www_makita_co_jp	https://www.makita.co.jp/
www_makr_com	https://www.makr.com/
www_mammut_com	https://www.mammut.com/
www_manneken_ec_co_jp	https://www.manneken-ec.co.jp/
www_mansion_project_com	https://www.mansion-project.com/
www_manuel_rueda_com	https://www.manuel-rueda.com/
www_manufacturedessai_it	https://www.manufacturedessai.it/
www_marcmorro_com	https://www.marcmorro.com/
www_margarethowell_jp	https://www.margarethowell.jp/
www_maria_christy_com	https://www.maria-christy.com/
www_mariasanta_com_br	https://www.mariasanta.com.br/
www_marieweber_fr	https://www.marieweber.fr/
www_marimo_ai_co_jp	https://www.marimo-ai.co.jp/
www_marina_dc_com	https://www.marina-dc.com/
www_markdearman_com	https://www.markdearman.com/
www_marketenterprise_co_jp	https://www.marketenterprise.co.jp/
www_marketingvoice_jp	https://www.marketingvoice.jp/
www_marksdiary_jp	https://www.marksdiary.jp/
www_maro_men_jp	https://www.maro-men.jp/
www_marshesshopping_com	https://www.marshesshopping.com/
www_martinbriceno_com	https://www.martinbriceno.com/
www_martinbuilding_com	https://www.martinbuilding.com/
www_marubeni_sys_com	https://www.marubeni-sys.com/
www_maruchan_yakisoba_jp	https://www.maruchan-yakisoba.jp/
www_maruchan_co_jp	https://www.maruchan.co.jp/
www_maruha_nichiro_co_jp	https://www.maruha-nichiro.co.jp/
www_marukome_co_jp	https://www.marukome.co.jp/
www_marukyo_web_co_jp	https://www.marukyo-web.co.jp/
www_marunouchi_infra_co_jp	https://www.marunouchi-infra.co.jp/
www_marutsutsu_co_jp	https://www.marutsutsu.co.jp/
www_masashimuto_com	https://www.masashimuto.com/
www_mashu_kyoto_com	https://www.mashu-kyoto.com/
www_masterbunnyedition_net	https://www.masterbunnyedition.net/
www_matplaza_com	https://www.matplaza.com/
www_matsui_architects_com	https://www.matsui-architects.com/
www_matsushitaseed_jp	https://www.matsushitaseed.jp/
www_mattsbuildingmaterials_com	https://www.mattsbuildingmaterials.com/
www_mauricelacroix_com	https://www.mauricelacroix.com/
www_maxandtiber_com	https://www.maxandtiber.com/
www_mayaruka_com	https://www.mayaruka.com/
www_maybelline_co_jp	https://www.maybelline.co.jp/
www_mc_digitalrealty_com	https://www.mc-digitalrealty.com/
www_mc_dream_com	https://www.mc-dream.com/
www_mcad_edu	https://www.mcad.edu/
www_mcdonalds_co_jp	https://www.mcdonalds.co.jp/
www_mdtimes_jp	https://www.mdtimes.jp/
www_meandoli_com	https://www.meandoli.com/
www_mebukiya_co_jp	https://www.mebukiya.co.jp/
www_med_kindai_ac_jp	https://www.med.kindai.ac.jp/
www_med_tottori_u_ac_jp	https://www.med.tottori-u.ac.jp/
www_mediaparker_com	https://www.mediaparker.com/
www_medicomtoy_co_jp	https://www.medicomtoy.co.jp/
www_medu_jp	https://www.medu.jp/
www_meganeichiba_jp	https://www.meganeichiba.jp/
www_meihoku_sg_co_jp	https://www.meihoku-sg.co.jp/
www_meijibulgariayogurt_com	https://www.meijibulgariayogurt.com/
www_meijioishiigyunyu_com	https://www.meijioishiigyunyu.com/
www_meijiyasuda_co_jp	https://www.meijiyasuda.co.jp/
www_meitec_co_jp	https://www.meitec.co.jp/
www_meitetsu_ooh_jp	https://www.meitetsu-ooh.jp/
www_meiwa_jp	https://www.meiwa.jp/
www_mekke_co	https://www.mekke.co/
www_melagrp_com	https://www.melagrp.com/
www_mellem_ca	https://www.mellem.ca/
www_meltfestival_de	https://www.meltfestival.de/
www_meltin_jp	https://www.meltin.jp/
www_memphis_jp	https://www.memphis.jp/
www_menard_co_jp	https://www.menard.co.jp/
www_mendo_nl	https://www.mendo.nl/
www_menyacocoichi_jp	https://www.menyacocoichi.jp/
www_mera_co_jp	https://www.mera.co.jp/
www_mermet_eu_com	https://www.mermet.eu.com/
www_mes_co_jp	https://www.mes.co.jp/
www_meson_tokyo	https://www.meson.tokyo/
www_meta_com	https://www.meta.com/
www_metro_pro_co_jp	https://www.metro-pro.co.jp/
www_mfr_co_jp	https://www.mfr.co.jp/
www_mhi_co_jp	https://www.mhi.co.jp/
www_mhiec_co_jp	https://www.mhiec.co.jp/
www_michitogoto_com	https://www.michitogoto.com/
www_microsoft_com	https://www.microsoft.com/
www_miguide_jp	https://www.miguide.jp/
www_mihostudio_co_jp	https://www.mihostudio.co.jp/
www_mikasa_byoura_co_jp	https://www.mikasa-byoura.co.jp/
www_mikimoto_cosme_com	https://www.mikimoto-cosme.com/
www_milight_co_jp	https://www.milight.co.jp/
www_milkjapan_net	https://www.milkjapan.net/
www_milkuchinada_com	https://www.milkuchinada.com/
www_millegraph_com	https://www.millegraph.com/
www_millet_jp	https://www.millet.jp/
www_mimcocapital_com	https://www.mimcocapital.com/
www_mina_perhonen_jp	https://www.mina-perhonen.jp/
www_minatobk_co_jp	https://www.minatobk.co.jp/
www_mindfactory_co_jp	https://www.mindfactory.co.jp/
www_mini_jp	https://www.mini.jp/
www_minna_no_ginko_com	https://www.minna-no-ginko.com/
www_mino_co_jp	https://www.mino.co.jp/
www_minus99_com	https://www.minus99.com/
www_misawa_co_jp	https://www.misawa.co.jp/
www_mish_inc_jp	https://www.mish-inc.jp/
www_misterdonut_jp	https://www.misterdonut.jp/
www_mita_is_ed_jp	https://www.mita-is.ed.jp/
www_miter_com	https://www.miter.com/
www_mitsubishi_motors_com_au	https://www.mitsubishi-motors.com.au/
www_mitsubishicars_com	https://www.mitsubishicars.com/
www_mitsubishicorp_com	https://www.mitsubishicorp.com/
www_mitsubishielectric_co_jp	https://www.mitsubishielectric.co.jp/
www_mitsue_co_jp	https://www.mitsue.co.jp/
www_mitsui_soko_co_jp	https://www.mitsui-soko.co.jp/
www_mitsumura_tosho_co_jp	https://www.mitsumura-tosho.co.jp/
www_mitsuwa_freshers_com	https://www.mitsuwa-freshers.com/
www_mitsuyaseika_co_jp	https://www.mitsuyaseika.co.jp/
www_mitutoyo_co_jp	https://www.mitutoyo.co.jp/
www_miwa_dental_jp	https://www.miwa-dental.jp/
www_miyagino_hs_jp	https://www.miyagino-hs.jp/
www_miyai_honten_jp	https://www.miyai-honten.jp/
www_miyazaki_towel_co_jp	https://www.miyazaki-towel.co.jp/
www_mizuno_eye_jp	https://www.mizuno-eye.jp/
www_mizuno_jp	https://www.mizuno.jp/
www_mizuo_co_jp	https://www.mizuo.co.jp/
www_mizutaku_net	https://www.mizutaku.net/
www_mizutori_jp	https://www.mizutori.jp/
www_moabeer_com	https://www.moabeer.com/
www_moca_org	https://www.moca.org/
www_mode_ac_jp	https://www.mode.ac.jp/
www_modelec_com	https://www.modelec.com/
www_modellista_co_jp	https://www.modellista.co.jp/
www_modernline_sk	https://www.modernline.sk/
www_moe_or_jp	https://www.moe.or.jp/
www_mohawkconnects_com	https://www.mohawkconnects.com/
www_mokarico_com	https://www.mokarico.com/
www_momastore_jp	https://www.momastore.jp/
www_momentskis_com	https://www.momentskis.com/
www_momentum_co_jp	https://www.momentum.co.jp/
www_mon_cher_com	https://www.mon-cher.com/
www_monexfx_co_jp	https://www.monexfx.co.jp/
www_mononcle_jp	https://www.mononcle.jp/
www_monreallondon_com	https://www.monreallondon.com/
www_monsen_jp	https://www.monsen.jp/
www_monumento_co	https://www.monumento.co/
www_moonfire_com	https://www.moonfire.com/
www_moooor_com	https://www.moooor.com/
www_moost_design	https://www.moost.design/
www_more_rock_jp	https://www.more-rock.jp/
www_more_trees_org	https://www.more-trees.org/
www_moremo_jp	https://www.moremo.jp/
www_morerare_com	https://www.morerare.com/
www_mori_reform_jp	https://www.mori-reform.jp/
www_morigurashi_com	https://www.morigurashi.com/
www_moriliving_com	https://www.moriliving.com/
www_morinomiya_ac_jp	https://www.morinomiya.ac.jp/
www_morisawa_co_jp	https://www.morisawa.co.jp/
www_moroguchihoikuen_jp	https://www.moroguchihoikuen.jp/
www_moshcam_com	https://www.moshcam.com/
www_mossa_jp	https://www.mossa.jp/
www_mother_co_jp	https://www.mother.co.jp/
www_motionblue_co_jp	https://www.motionblue.co.jp/
www_motomachi_or_jp	https://www.motomachi.or.jp/
www_movabletype_com	https://www.movabletype.com/
www_mozillafoundation_org	https://www.mozillafoundation.org/
www_mpn_or_jp	https://www.mpn.or.jp/
www_mrassociates_org	https://www.mrassociates.org/
www_ms_ins_com	https://www.ms-ins.com/
www_ms_moriyama_co_jp	https://www.ms-moriyama.co.jp/
www_ms_recruit_insides_net	https://www.ms.recruit-insides.net/
www_mstage_corp_jp	https://www.mstage-corp.jp/
www_mtfuji_shizuokaairport_jp	https://www.mtfuji-shizuokaairport.jp/
www_mtl_co_jp	https://www.mtl.co.jp/
www_mtsv_jp	https://www.mtsv.jp/
www_mtv81_com	https://www.mtv81.com/
www_muchachaen_jp	https://www.muchachaen.jp/
www_mugendai_web_jp	https://www.mugendai-web.jp/
www_muginoho_com	https://www.muginoho.com/
www_mugmall_jp	https://www.mugmall.jp/
www_muji_com	https://www.muji.com/
www_muji_net	https://www.muji.net/
www_mukawa_heartclinic_com	https://www.mukawa-heartclinic.com/
www_mulberden_com	https://www.mulberden.com/
www_mumfordandsons_com	https://www.mumfordandsons.com/
www_murad_com	https://www.murad.com/
www_muraki_k_jp	https://www.muraki-k.jp/
www_muranakakinzoku_co_jp	https://www.muranakakinzoku.co.jp/
www_musabi_ac_jp	https://www.musabi.ac.jp/
www_musashino_music_ac_jp	https://www.musashino-music.ac.jp/
www_museothyssen_org	https://www.museothyssen.org/
www_mushroomcoloratlas_com	https://www.mushroomcoloratlas.com/
www_my_fav_jp	https://www.my-fav.jp/
www_my_kagawa_jp	https://www.my-kagawa.jp/
www_myafterglo_com	https://www.myafterglo.com/
www_myblackberry_jp	https://www.myblackberry.jp/
www_myboostars_com	https://www.myboostars.com/
www_mydome_jp	https://www.mydome.jp/
www_myhealthprac_com	https://www.myhealthprac.com/
www_mynavi_jp	https://www.mynavi.jp/
www_myownbike_de	https://www.myownbike.de/
www_mzwallace_com	https://www.mzwallace.com/
www_n_ark_jp	https://www.n-ark.jp/
www_n_designer_net	https://www.n-designer.net/
www_n_seisen_co_jp	https://www.n-seisen.co.jp/
www_n_sns_jp	https://www.n-sns.jp/
www_nabco_door_co_jp	https://www.nabco-door.co.jp/
www_nagano_toshi_gas_co_jp	https://www.nagano-toshi-gas.co.jp/
www_naganonaika_com	https://www.naganonaika.com/
www_nagaoyouchien_com	https://www.nagaoyouchien.com/
www_nagatomi_co_jp	https://www.nagatomi.co.jp/
www_nahare_xyz	https://www.nahare.xyz/
www_najico_co_jp	https://www.najico.co.jp/
www_nakagawashokai_co_jp	https://www.nakagawashokai.co.jp/
www_nakamura_organics_com	https://www.nakamura-organics.com/
www_nakatakogei_com	https://www.nakatakogei.com/
www_nambaparks_com	https://www.nambaparks.com/
www_namikitown_bonesetter_com	https://www.namikitown-bonesetter.com/
www_nanao_drive_co_jp	https://www.nanao-drive.co.jp/
www_naniwaseian_jp	https://www.naniwaseian.jp/
www_nanjoen_com	https://www.nanjoen.com/
www_nao_ac_jp	https://www.nao.ac.jp/
www_naomi_co_jp	https://www.naomi.co.jp/
www_nara_cgc_or_jp	https://www.nara-cgc.or.jp/
www_nara_t_com	https://www.nara-t.com/
www_naramaedori_com	https://www.naramaedori.com/
www_narishige_co_jp	https://www.narishige.co.jp/
www_nat_ant_de	https://www.nat-ant.de/
www_native_instruments_com	https://www.native-instruments.com/
www_natroceutics_com	https://www.natroceutics.com/
www_naviplus_co_jp	https://www.naviplus.co.jp/
www_nb_wellness_jp	https://www.nb-wellness.jp/
www_ncbank_co_jp	https://www.ncbank.co.jp/
www_ncd_or_jp	https://www.ncd.or.jp/
www_ncic_co_jp	https://www.ncic.co.jp/
www_ncsol_co_jp	https://www.ncsol.co.jp/
www_ndkits_co_jp	https://www.ndkits.co.jp/
www_ne_senshu_u_ac_jp	https://www.ne.senshu-u.ac.jp/
www_neamedia_fr	https://www.neamedia.fr/
www_near_nippon_com	https://www.near-nippon.com/
www_nekoya_cho_jp	https://www.nekoya-cho.jp/
www_nemunosato_com	https://www.nemunosato.com/
www_nerdo_tv	https://www.nerdo.tv/
www_nestinn_h_co_jp	https://www.nestinn-h.co.jp/
www_netprotections_com	https://www.netprotections.com/
www_netstream_ch	https://www.netstream.ch/
www_neuebel_com	https://www.neuebel.com/
www_neufdeuxtroisa_fr	https://www.neufdeuxtroisa.fr/
www_new_creators_club	https://www.new-creators.club/
www_new_land_jp	https://www.new-land.jp/
www_new_qedgroup_cz	https://www.new.qedgroup.cz/
www_newbalance_co_jp	https://www.newbalance.co.jp/
www_newbalanceathletics_co_jp	https://www.newbalanceathletics.co.jp/
www_newlondon_co_jp	https://www.newlondon.co.jp/
www_newmusicusa_org	https://www.newmusicusa.org/
www_newt_so	https://www.newt.so/
www_newyorker_co_jp	https://www.newyorker.co.jp/
www_nexbank_com	https://www.nexbank.com/
www_ney_co_jp	https://www.ney.co.jp/
www_nezu_muse_or_jp	https://www.nezu-muse.or.jp/
www_ngest_com	https://www.ngest.com/
www_ngk_co_jp	https://www.ngk.co.jp/
www_nh_ss_co_jp	https://www.nh-ss.co.jp/
www_nhk_or_jp	https://www.nhk.or.jp/
www_nhncorp_jp	https://www.nhncorp.jp/
www_niban_co_jp	https://www.niban.co.jp/
www_nichiasteel_co_jp	https://www.nichiasteel.co.jp/
www_nichireifoods_co_jp	https://www.nichireifoods.co.jp/
www_nichirenshoshu_or_jp	https://www.nichirenshoshu.or.jp/
www_nichiyu_net	https://www.nichiyu.net/
www_nicoe_jp	https://www.nicoe.jp/
www_nifrel_jp	https://www.nifrel.jp/
www_nihon_houzai_co_jp	https://www.nihon-houzai.co.jp/
www_nihon_u_ac_jp	https://www.nihon-u.ac.jp/
www_nihonbashi_tokyo_jp	https://www.nihonbashi-tokyo.jp/
www_nihonmatsu_co_jp	https://www.nihonmatsu.co.jp/
www_nihontechness_co_jp	https://www.nihontechness.co.jp/
www_nii_photo_com	https://www.nii-photo.com/
www_nijikaisatsuei_com	https://www.nijikaisatsuei.com/
www_nijitoumi_jp	https://www.nijitoumi.jp/
www_nikebetterworld_com	https://www.nikebetterworld.com/
www_nikecirculardesign_com	https://www.nikecirculardesign.com/
www_nikkeipanel_co_jp	https://www.nikkeipanel.co.jp/
www_nikken_sangyo_com	https://www.nikken-sangyo.com/
www_nikko_tabletop_jp	https://www.nikko-tabletop.jp/
www_nikon_image_com	https://www.nikon-image.com/
www_nikon_instruments_jp	https://www.nikon-instruments.jp/
www_nikyniky_com	https://www.nikyniky.com/
www_nilgiri_jp	https://www.nilgiri.jp/
www_ninkipen_jp	https://www.ninkipen.jp/
www_nintendo_systems_com	https://www.nintendo-systems.com/
www_nintendo_com	https://www.nintendo.com/
www_nippon_dept_jp	https://www.nippon-dept.jp/
www_nippondailynet_co_jp	https://www.nippondailynet.co.jp/
www_nipponkodohd_com	https://www.nipponkodohd.com/
www_nipponmaru_jp	https://www.nipponmaru.jp/
www_nippy_jp	https://www.nippy.jp/
www_nishimuraya_ne_jp	https://www.nishimuraya.ne.jp/
www_nishino_kinryo_co_jp	https://www.nishino-kinryo.co.jp/
www_nissan_global_com	https://www.nissan-global.com/
www_nissan_co_th	https://www.nissan.co.th/
www_nisseig_com	https://www.nisseig.com/
www_nissenad_co_jp	https://www.nissenad.co.jp/
www_nisshin_com	https://www.nisshin.com/
www_nissin_com	https://www.nissin.com/
www_nissinfoods_co_jp	https://www.nissinfoods.co.jp/
www_nitehi_jp	https://www.nitehi.jp/
www_nittadupont_co_jp	https://www.nittadupont.co.jp/
www_nittobutsuryu_co_jp	https://www.nittobutsuryu.co.jp/
www_nittocs_co_jp	https://www.nittocs.co.jp/
www_nixon_com	https://www.nixon.com/
www_nk_agri_co_jp	https://www.nk-agri.co.jp/
www_no_company_co_jp	https://www.no-company.co.jp/
www_no23_jp	https://www.no23.jp/
www_nodai_ac_jp	https://www.nodai.ac.jp/
www_nogatadenki_jp	https://www.nogatadenki.jp/
www_nojima_jp	https://www.nojima.jp/
www_nokiausa_com	https://www.nokiausa.com/
www_noma_co_jp	https://www.noma.co.jp/
www_nomorerules_net	https://www.nomorerules.net/
www_nomura_tailor_co_jp	https://www.nomura-tailor.co.jp/
www_nonnon_co_uk	https://www.nonnon.co.uk/
www_nono_medtown_com	https://www.nono-medtown.com/
www_nonverbal_co_jp	https://www.nonverbal.co.jp/
www_nooneswatching_me	https://www.nooneswatching.me/
www_noovolife_com	https://www.noovolife.com/
www_nori_fukui_co_jp	https://www.nori-fukui.co.jp/
www_norikura_hanabi_com	https://www.norikura-hanabi.com/
www_noritsu_co_jp	https://www.noritsu.co.jp/
www_norland_co_uk	https://www.norland.co.uk/
www_norsketog_no	https://www.norsketog.no/
www_norterafoods_com	https://www.norterafoods.com/
www_northeast_jp	https://www.northeast.jp/
www_northeastjp_jp	https://www.northeastjp.jp/
www_northside_dk	https://www.northside.dk/
www_not_here_jp	https://www.not-here.jp/
www_notio_inc_com	https://www.notio-inc.com/
www_novarese_co_jp	https://www.novarese.co.jp/
www_novotelkoshien_com	https://www.novotelkoshien.com/
www_nozomi_koi_jp	https://www.nozomi-koi.jp/
www_npb_net_com	https://www.npb-net.com/
www_npsin_com	https://www.npsin.com/
www_ntt_west_recruiting_jp	https://www.ntt-west-recruiting.jp/
www_nttd_i_co_jp	https://www.nttd-i.co.jp/
www_nttdata_com	https://www.nttdata.com/
www_nttdxpn_co_jp	https://www.nttdxpn.co.jp/
www_nucuri_com	https://www.nucuri.com/
www_ny_k_co_jp	https://www.ny-k.co.jp/
www_nytco_com	https://www.nytco.com/
www_o_kitakagu_jp	https://www.o-kitakagu.jp/
www_oakame_com	https://www.oakame.com/
www_oakshop_cz	https://www.oakshop.cz/
www_oakv_co_jp	https://www.oakv.co.jp/
www_obinata_co_jp	https://www.obinata.co.jp/
www_obirin_ac_jp	https://www.obirin.ac.jp/
www_oct_ac_jp	https://www.oct.ac.jp/
www_odakyu_jp	https://www.odakyu.jp/
www_odazo_jp	https://www.odazo.jp/
www_odegoods_com	https://www.odegoods.com/
www_odette_e_odile_jp	https://www.odette-e-odile.jp/
www_office_boston_co_jp	https://www.office-boston.co.jp/
www_officenomura_jp	https://www.officenomura.jp/
www_oginotax_com	https://www.oginotax.com/
www_oharchitecture_com_au	https://www.oharchitecture.com.au/
www_ohayo_milk_co_jp	https://www.ohayo-milk.co.jp/
www_ohayoujapan_com	https://www.ohayoujapan.com/
www_ohi_kanri_com	https://www.ohi-kanri.com/
www_ohm_studio	https://www.ohm.studio/
www_ohmyglasses_jp	https://www.ohmyglasses.jp/
www_ohno_or_jp	https://www.ohno.or.jp/
www_ohs_ac_jp	https://www.ohs.ac.jp/
www_ohtakegakuen_ac_jp	https://www.ohtakegakuen.ac.jp/
www_oic_ok_ac_jp	https://www.oic-ok.ac.jp/
www_oita_min_or_jp	https://www.oita-min.or.jp/
www_okada_museum_com	https://www.okada-museum.com/
www_okadad_com	https://www.okadad.com/
www_okagakuen_com	https://www.okagakuen.com/
www_okakin_com	https://www.okakin.com/
www_okalpha_co	https://www.okalpha.co/
www_okina_pj_com	https://www.okina-pj.com/
www_okinawa_ucc_co_jp	https://www.okinawa-ucc.co.jp/
www_okinomi_com	https://www.okinomi.com/
www_oktp_jp	https://www.oktp.jp/
www_okuchiesthe_jp	https://www.okuchiesthe.jp/
www_okumuragumi_co_jp	https://www.okumuragumi.co.jp/
www_okunoyu_com	https://www.okunoyu.com/
www_okuta_com	https://www.okuta.com/
www_olta_co_jp	https://www.olta.co.jp/
www_olympia_seika_jp	https://www.olympia-seika.jp/
www_omihahanosato_jp	https://www.omihahanosato.jp/
www_omnibusjp_com	https://www.omnibusjp.com/
www_omorovicza_co_uk	https://www.omorovicza.co.uk/
www_omuro_kyoto_jp	https://www.omuro-kyoto.jp/
www_on_nasu_com	https://www.on-nasu.com/
www_on_com	https://www.on.com/
www_onca_coffee_com	https://www.onca-coffee.com/
www_oncri_com	https://www.oncri.com/
www_ondaparts_jp	https://www.ondaparts.jp/
www_oneclub_org	https://www.oneclub.org/
www_onemusiccamp_com	https://www.onemusiccamp.com/
www_ongoing_jp	https://www.ongoing.jp/
www_oniguili_jp	https://www.oniguili.jp/
www_onoyou_jp	https://www.onoyou.jp/
www_onsen_travel_jp	https://www.onsen-travel.jp/
www_onthegrid_nyc	https://www.onthegrid.nyc/
www_ooc_co_jp	https://www.ooc.co.jp/
www_oononouen_com	https://www.oononouen.com/
www_ootoya_com	https://www.ootoya.com/
www_ooyake_net	https://www.ooyake.net/
www_open_meals_com	https://www.open-meals.com/
www_open_road_jp	https://www.open-road.jp/
www_open_world_jp	https://www.open-world.jp/
www_openingceremonyjapan_com	https://www.openingceremonyjapan.com/
www_openresearchlab_org	https://www.openresearchlab.org/
www_operanationaldurhin_eu	https://www.operanationaldurhin.eu/
www_opir_kyoto_u_ac_jp	https://www.opir.kyoto-u.ac.jp/
www_oppen_co_jp	https://www.oppen.co.jp/
www_oppo_com	https://www.oppo.com/
www_opthome_jp	https://www.opthome.jp/
www_orchestre_auvergne_com	https://www.orchestre-auvergne.com/
www_orientalgiken_co_jp	https://www.orientalgiken.co.jp/
www_origami_titech_ac_jp	https://www.origami.titech.ac.jp/
www_orihica_com	https://www.orihica.com/
www_ork_hirugano_co_jp	https://www.ork-hirugano.co.jp/
www_ornis_co_jp	https://www.ornis.co.jp/
www_oro_com	https://www.oro.com/
www_oro53_com	https://www.oro53.com/
www_oruche_co_jp	https://www.oruche.co.jp/
www_osaka_geidai_ac_jp	https://www.osaka-geidai.ac.jp/
www_osaka_johall_com	https://www.osaka-johall.com/
www_osaka_med_ac_jp	https://www.osaka-med.ac.jp/
www_osakac_ac_jp	https://www.osakac.ac.jp/
www_osakamaedori_com	https://www.osakamaedori.com/
www_oscd_jp	https://www.oscd.jp/
www_oshiharakodomoen_jp	https://www.oshiharakodomoen.jp/
www_oslokonserthus_no	https://www.oslokonserthus.no/
www_osmo_supply	https://www.osmo.supply/
www_otabe_jp	https://www.otabe.jp/
www_otafuku_co_jp	https://www.otafuku.co.jp/
www_otaka_law_com	https://www.otaka-law.com/
www_otemae_ac_jp	https://www.otemae.ac.jp/
www_otemon_jh_ed_jp	https://www.otemon-jh.ed.jp/
www_oto_inc_com	https://www.oto-inc.com/
www_otomo_gengaten_jp	https://www.otomo-gengaten.jp/
www_ouiwill_com	https://www.ouiwill.com/
www_ourplanet_com	https://www.ourplanet.com/
www_outline2design_com	https://www.outline2design.com/
www_oval_inc_jp	https://www.oval-inc.jp/
www_ovr_jp	https://www.ovr.jp/
www_owada_h_oiu_ed_jp	https://www.owada-h.oiu.ed.jp/
www_owndays_com	https://www.owndays.com/
www_oxo_com	https://www.oxo.com/
www_oyado_nonohana_com	https://www.oyado-nonohana.com/
www_oyasai_ne_jp	https://www.oyasai.ne.jp/
www_ozconseil_com	https://www.ozconseil.com/
www_ozeki_co_jp	https://www.ozeki.co.jp/
www_ozwork_co_jp	https://www.ozwork.co.jp/
www_p_x_co_jp	https://www.p-x.co.jp/
www_pacific_systems_co_jp	https://www.pacific-systems.co.jp/
www_pacific_co_jp	https://www.pacific.co.jp/
www_paddledesign_co_jp	https://www.paddledesign.co.jp/
www_palantir_com	https://www.palantir.com/
www_palcloset_jp	https://www.palcloset.jp/
www_palgroup_co_jp	https://www.palgroup.co.jp/
www_panasonic_healthcare_com	https://www.panasonic-healthcare.com/
www_panic_lv	https://www.panic.lv/
www_papachristou_org	https://www.papachristou.org/
www_paperandtea_com	https://www.paperandtea.com/
www_papertiger_com	https://www.papertiger.com/
www_papier_com	https://www.papier.com/
www_paradiso_nl	https://www.paradiso.nl/
www_parado_jp	https://www.parado.jp/
www_parco_city_com	https://www.parco-city.com/
www_parco_co_jp	https://www.parco.co.jp/
www_parfumsgivenchy_jp	https://www.parfumsgivenchy.jp/
www_passivedesign_jp	https://www.passivedesign.jp/
www_patisserie_pono_com	https://www.patisserie-pono.com/
www_patrick_jp	https://www.patrick.jp/
www_paulsmith_watch_jp	https://www.paulsmith-watch.jp/
www_paulstuart_jp	https://www.paulstuart.jp/
www_pausefest_com_au	https://www.pausefest.com.au/
www_paypal_jp	https://www.paypal.jp/
www_pbsc_com	https://www.pbsc.com/
www_pc_koubou_jp	https://www.pc-koubou.jp/
www_pc321_jp	https://www.pc321.jp/
www_peace_post_com	https://www.peace-post.com/
www_pearl_kaseihin_co_jp	https://www.pearl-kaseihin.co.jp/
www_pedigree_jp	https://www.pedigree.jp/
www_peppy_ac_jp	https://www.peppy.ac.jp/
www_pernod_ricard_japan_com	https://www.pernod-ricard-japan.com/
www_petal_health_com	https://www.petal-health.com/
www_petit_bateau_co_jp	https://www.petit-bateau.co.jp/
www_petit_philosophe_com	https://www.petit-philosophe.com/
www_pfq_co_jp	https://www.pfq.co.jp/
www_pgcd_jp	https://www.pgcd.jp/
www_pha5e_com	https://www.pha5e.com/
www_phiaro_jp	https://www.phiaro.jp/
www_philorch_org	https://www.philorch.org/
www_physioasten_at	https://www.physioasten.at/
www_piaget_jp	https://www.piaget.jp/
www_pics_tokyo	https://www.pics.tokyo/
www_pienso_com	https://www.pienso.com/
www_pietro_co_jp	https://www.pietro.co.jp/
www_pigment_hd_co_jp	https://www.pigment-hd.co.jp/
www_pilot_frixion_kaiho_jp	https://www.pilot-frixion-kaiho.jp/
www_pilots_co_jp	https://www.pilots.co.jp/
www_pimpan_fr	https://www.pimpan.fr/
www_pinkspage_com	https://www.pinkspage.com/
www_pioneerdj_com	https://www.pioneerdj.com/
www_pitat_com	https://www.pitat.com/
www_pitertsev_ru	https://www.pitertsev.ru/
www_pixiv_net	https://www.pixiv.net/
www_plaiaden_com	https://www.plaiaden.com/
www_planner_web_jp	https://www.planner-web.jp/
www_plantrec_com	https://www.plantrec.com/
www_play_jp	https://www.play.jp/
www_playandstay_jp	https://www.playandstay.jp/
www_playground_it	https://www.playground.it/
www_playknot_co_jp	https://www.playknot.co.jp/
www_plus_synergy_com	https://www.plus-synergy.com/
www_plus81_com	https://www.plus81.com/
www_plusmotif_co_jp	https://www.plusmotif.co.jp/
www_poco_a_poco_style	https://www.poco-a-poco.style/
www_pointedge_work	https://www.pointedge.work/
www_pokemon_foundation_or_jp	https://www.pokemon-foundation.or.jp/
www_pokerface_web_com	https://www.pokerface-web.com/
www_pola_rm_co_jp	https://www.pola-rm.co.jp/
www_polamuseum_or_jp	https://www.polamuseum.or.jp/
www_polene_paris_com	https://www.polene-paris.com/
www_pompadour_co_jp	https://www.pompadour.co.jp/
www_ponos_jp	https://www.ponos.jp/
www_pop_group_net	https://www.pop-group.net/
www_popwebdesign_net	https://www.popwebdesign.net/
www_postalmuseum_jp	https://www.postalmuseum.jp/
www_ppi_jp	https://www.ppi.jp/
www_ppihgroup_com	https://www.ppihgroup.com/
www_prdx_co_jp	https://www.prdx.co.jp/
www_pref_saga_lg_jp	https://www.pref.saga.lg.jp/
www_pressance_group_jp	https://www.pressance-group.jp/
www_price_pierce_co_uk	https://www.price-pierce.co.uk/
www_pride_ru	https://www.pride.ru/
www_primary_paper_com	https://www.primary-paper.com/
www_primeasialeather_com	https://www.primeasialeather.com/
www_princess_co_uk	https://www.princess.co.uk/
www_prm_ooo	https://www.prm.ooo/
www_prmal_com	https://www.prmal.com/
www_pro_seeds_com	https://www.pro-seeds.com/
www_progetta_it	https://www.progetta.it/
www_proglab_education	https://www.proglab.education/
www_project8_co_jp	https://www.project8.co.jp/
www_pronovias_jp_com	https://www.pronovias-jp.com/
www_propodesign_com	https://www.propodesign.com/
www_protea_co_jp	https://www.protea.co.jp/
www_protest_eu	https://www.protest.eu/
www_prototypestudio_fr	https://www.prototypestudio.fr/
www_proxgo_com	https://www.proxgo.com/
www_psy_clone_jp	https://www.psy-clone.jp/
www_pulse_me	https://www.pulse.me/
www_puma_com	https://www.puma.com/
www_puma_jp	https://www.puma.jp/
www_puroland_jp	https://www.puroland.jp/
www_pye_com_hk	https://www.pye.com.hk/
www_q_industrial_com	https://www.q-industrial.com/
www_qbg_io	https://www.qbg.io/
www_qetic_jp	https://www.qetic.jp/
www_qpmagazine_com	https://www.qpmagazine.com/
www_qualitair_ca	https://www.qualitair.ca/
www_quantamagazine_org	https://www.quantamagazine.org/
www_quay_com_au	https://www.quay.com.au/
www_queengarnet_com	https://www.queengarnet.com/
www_quilt_com	https://www.quilt.com/
www_quincy_requin_avocats_com	https://www.quincy-requin-avocats.com/
www_quocard_com	https://www.quocard.com/
www_r_okura_com	https://www.r-okura.com/
www_radiatinghope_org	https://www.radiatinghope.org/
www_radiodays_jp	https://www.radiodays.jp/
www_rainbow_co_jp	https://www.rainbow.co.jp/
www_raincreativelab_com	https://www.raincreativelab.com/
www_rakuten_card_co_jp	https://www.rakuten-card.co.jp/
www_rakuten_design	https://www.rakuten.design/
www_rakuten_ne_jp	https://www.rakuten.ne.jp/
www_rakuwa_dr_recruit_jp	https://www.rakuwa-dr-recruit.jp/
www_rambert_org_uk	https://www.rambert.org.uk/
www_ramune_mamire_net	https://www.ramune-mamire.net/
www_rana007_com	https://www.rana007.com/
www_ranadesign_com	https://www.ranadesign.com/
www_ranaextractive_com	https://www.ranaextractive.com/
www_randcins_jp	https://www.randcins.jp/
www_ravenik_com	https://www.ravenik.com/
www_raymon_co_jp	https://www.raymon.co.jp/
www_rc_age_com	https://www.rc-age.com/
www_rca_ac_uk	https://www.rca.ac.uk/
www_re_d_jp	https://www.re-d.jp/
www_re_trust_com	https://www.re-trust.com/
www_readingfestival_com	https://www.readingfestival.com/
www_rebeccathompson_com_au	https://www.rebeccathompson.com.au/
www_rebirth_nagasaki_com	https://www.rebirth-nagasaki.com/
www_rebooot_me	https://www.rebooot.me/
www_reborn_art_fes_jp	https://www.reborn-art-fes.jp/
www_rechain_co_jp	https://www.rechain.co.jp/
www_recruit_career_jp	https://www.recruit-career.jp/
www_recruit_lifestyle_co_jp	https://www.recruit-lifestyle.co.jp/
www_recruit_rgf_com	https://www.recruit-rgf.com/
www_recruit_jp	https://www.recruit.jp/
www_recruit_muramoto_co_jp	https://www.recruit.muramoto.co.jp/
www_recruit_tokodenko_co_jp	https://www.recruit.tokodenko.co.jp/
www_reda_it	https://www.reda.it/
www_redfox_co_jp	https://www.redfox.co.jp/
www_reebok_com	https://www.reebok.com/
www_reed_be	https://www.reed.be/
www_reedwords_com	https://www.reedwords.com/
www_refinery29_com	https://www.refinery29.com/
www_refocus_jp	https://www.refocus.jp/
www_reformcollective_com	https://www.reformcollective.com/
www_refrec_jp	https://www.refrec.jp/
www_regent_college_edu	https://www.regent-college.edu/
www_rekihaku_ac_jp	https://www.rekihaku.ac.jp/
www_relation2012_com	https://www.relation2012.com/
www_relish_style_net	https://www.relish-style.net/
www_reseau_teria_com	https://www.reseau-teria.com/
www_reserved_com	https://www.reserved.com/
www_resident_hokusoh_jp	https://www.resident-hokusoh.jp/
www_resonabank_co_jp	https://www.resonabank.co.jp/
www_respect_pal_jp	https://www.respect-pal.jp/
www_restance_jp	https://www.restance.jp/
www_restaurant_blancvert_com	https://www.restaurant-blancvert.com/
www_retaw_tokyo_com	https://www.retaw-tokyo.com/
www_revzo_jp	https://www.revzo.jp/
www_rezo_zero_com	https://www.rezo-zero.com/
www_rhr_union_com	https://www.rhr-union.com/
www_ria_co_jp	https://www.ria.co.jp/
www_ribaltalucestudio_it	https://www.ribaltalucestudio.it/
www_rich_co_jp	https://www.rich.co.jp/
www_richmond_edu	https://www.richmond.edu/
www_rijksmuseum_nl	https://www.rijksmuseum.nl/
www_rikkyo_ac_jp	https://www.rikkyo.ac.jp/
www_rikuba_jp	https://www.rikuba.jp/
www_rino_pelle_com	https://www.rino-pelle.com/
www_ririmew_com	https://www.ririmew.com/
www_rise_sc	https://www.rise.sc/
www_ristorante_fanfare_com	https://www.ristorante-fanfare.com/
www_rittor_music_co_jp	https://www.rittor-music.co.jp/
www_ritz_cs_com	https://www.ritz-cs.com/
www_ritz_medical_com	https://www.ritz-medical.com/
www_rivre_co_jp	https://www.rivre.co.jp/
www_rmg_co_uk	https://www.rmg.co.uk/
www_rnt_co_jp	https://www.rnt.co.jp/
www_robotpayment_co_jp	https://www.robotpayment.co.jp/
www_rock_am_ring_com	https://www.rock-am-ring.com/
www_rockenseine_com	https://www.rockenseine.com/
www_rockinon_co_jp	https://www.rockinon.co.jp/
www_rockinrio_com	https://www.rockinrio.com/
www_rockwerchter_be	https://www.rockwerchter.be/
www_rocky_ichimaru_co_jp	https://www.rocky-ichimaru.co.jp/
www_rodesk_com	https://www.rodesk.com/
www_rogergoulart_ne_jp	https://www.rogergoulart.ne.jp/
www_rohto_jp	https://www.rohto.jp/
www_roju_jp	https://www.roju.jp/
www_rokivo_com	https://www.rokivo.com/
www_rokkosan_com	https://www.rokkosan.com/
www_roku_shop_com	https://www.roku-shop.com/
www_rokusei_co_jp	https://www.rokusei.co.jp/
www_roland_co_jp	https://www.roland.co.jp/
www_roland_com	https://www.roland.com/
www_rolex_com	https://www.rolex.com/
www_rollienation_com	https://www.rollienation.com/
www_rom_on_ca	https://www.rom.on.ca/
www_ropepicnic_com	https://www.ropepicnic.com/
www_ross_nl	https://www.ross.nl/
www_rosso_me_uk	https://www.rosso.me.uk/
www_royalcopenhagen_jp	https://www.royalcopenhagen.jp/
www_rre_com	https://www.rre.com/
www_rucca_jp	https://www.rucca.jp/
www_rudolphcare_com	https://www.rudolphcare.com/
www_rudys_paris	https://www.rudys.paris/
www_russet_jp	https://www.russet.jp/
www_rustic_jp_com	https://www.rustic-jp.com/
www_rydeenbeer_jp	https://www.rydeenbeer.jp/
www_rynapse_co_jp	https://www.rynapse.co.jp/
www_ryorakkyomurakami_com	https://www.ryorakkyomurakami.com/
www_ryoyo_co_jp	https://www.ryoyo.co.jp/
www_ryukoku_ac_jp	https://www.ryukoku.ac.jp/
www_ryukyoin_jp	https://www.ryukyoin.jp/
www_s_design_jp	https://www.s-design.jp/
www_s_groove_co_jp	https://www.s-groove.co.jp/
www_s_orange_jp	https://www.s-orange.jp/
www_s2factory_co_jp	https://www.s2factory.co.jp/
www_s3seismic_com	https://www.s3seismic.com/
www_sacs_bar_co_jp	https://www.sacs-bar.co.jp/
www_safesafe_co_jp	https://www.safesafe.co.jp/
www_saga_hirakawaya_jp	https://www.saga-hirakawaya.jp/
www_sagami_wu_ac_jp	https://www.sagami-wu.ac.jp/
www_sageflyfish_com	https://www.sageflyfish.com/
www_saginomiya_co_jp	https://www.saginomiya.co.jp/
www_saishunkan_co_jp	https://www.saishunkan.co.jp/
www_saison_am_co_jp	https://www.saison-am.co.jp/
www_saito_hajimeru_com	https://www.saito-hajimeru.com/
www_saiyo_info_net	https://www.saiyo-info.net/
www_saiyou2_metro_tokyo_jp	https://www.saiyou2.metro.tokyo.jp/
www_sakamoto_gr_co_jp	https://www.sakamoto-gr.co.jp/
www_sakinaga_co_jp	https://www.sakinaga.co.jp/
www_sakura_shinkyusalon_com	https://www.sakura-shinkyusalon.com/
www_sakura_ad_jp	https://www.sakura.ad.jp/
www_sakuzan_co_jp	https://www.sakuzan.co.jp/
www_sal_ne_jp	https://www.sal.ne.jp/
www_salesnavi_co_jp	https://www.salesnavi.co.jp/
www_salon_de_parure_jp	https://www.salon-de-parure.jp/
www_salt_gk_co_jp	https://www.salt-gk.co.jp/
www_salyu_jp	https://www.salyu.jp/
www_samco_co_jp	https://www.samco.co.jp/
www_san_ai_oil_co_jp	https://www.san-ai-oil.co.jp/
www_sanbe_sou_jp	https://www.sanbe-sou.jp/
www_sanby_co_jp	https://www.sanby.co.jp/
www_sandisk_jp_com	https://www.sandisk-jp.com/
www_sandsshirts_com	https://www.sandsshirts.com/
www_sanei_art_jp	https://www.sanei-art.jp/
www_sanei_trading_co_jp	https://www.sanei-trading.co.jp/
www_sanghan_co	https://www.sanghan.co/
www_saninji_jp	https://www.saninji.jp/
www_saniswiss_com	https://www.saniswiss.com/
www_sankarahotel_spa_com	https://www.sankarahotel-spa.com/
www_sankei_denki_jp	https://www.sankei-denki.jp/
www_sankou_r_co_jp	https://www.sankou-r.co.jp/
www_sanrikufisherman_jp	https://www.sanrikufisherman.jp/
www_sanrinkk_co_jp	https://www.sanrinkk.co.jp/
www_sanrio_co_jp	https://www.sanrio.co.jp/
www_sansei_gakuen_com	https://www.sansei-gakuen.com/
www_sansui_hoikuen_jp	https://www.sansui-hoikuen.jp/
www_santafe_edu	https://www.santafe.edu/
www_santouka_co_jp	https://www.santouka.co.jp/
www_sanwa_paint_jp	https://www.sanwa-paint.jp/
www_sanwa21_com	https://www.sanwa21.com/
www_sanyo_shokai_co_jp	https://www.sanyo-shokai.co.jp/
www_sanyocoat_jp	https://www.sanyocoat.jp/
www_sapporo_internationalartfestival_jp	https://www.sapporo-internationalartfestival.jp/
www_sapporo_toyopet_jp	https://www.sapporo-toyopet.jp/
www_sapporo_u_ac_jp	https://www.sapporo-u.ac.jp/
www_sapporo_belle_ac_jp	https://www.sapporo.belle.ac.jp/
www_sapporoseishu_ed_jp	https://www.sapporoseishu.ed.jp/
www_saranosono_jp	https://www.saranosono.jp/
www_sararth_com	https://www.sararth.com/
www_sarto_jp	https://www.sarto.jp/
www_sashaandlucca_com	https://www.sashaandlucca.com/
www_saturdaysnyc_com	https://www.saturdaysnyc.com/
www_saucony_japan_com	https://www.saucony-japan.com/
www_sawada_co_ltd_co_jp	https://www.sawada-co-ltd.co.jp/
www_sawamura_shiga_co_jp	https://www.sawamura-shiga.co.jp/
www_sazaby_league_co_jp	https://www.sazaby-league.co.jp/
www_sazae_co_jp	https://www.sazae.co.jp/
www_sbenergy_jp	https://www.sbenergy.jp/
www_scalp_d_com	https://www.scalp-d.com/
www_scalvinimarmi_it	https://www.scalvinimarmi.it/
www_scft_co_jp	https://www.scft.co.jp/
www_scg_recruit_jp	https://www.scg-recruit.jp/
www_schick_jp_com	https://www.schick-jp.com/
www_sci_tohoku_ac_jp	https://www.sci.tohoku.ac.jp/
www_scimes_co_jp	https://www.scimes.co.jp/
www_scmc_or_jp	https://www.scmc.or.jp/
www_scope_ne_jp	https://www.scope.ne.jp/
www_scotch_soda_com	https://www.scotch-soda.com/
www_screwpunch_jp	https://www.screwpunch.jp/
www_seaharvest_net_au	https://www.seaharvest.net.au/
www_secomtrust_net	https://www.secomtrust.net/
www_secureedge_jp	https://www.secureedge.jp/
www_seebuyflyhappyhour_nl	https://www.seebuyflyhappyhour.nl/
www_seed_co_jp	https://www.seed.co.jp/
www_seedlipdrinks_com	https://www.seedlipdrinks.com/
www_seee_ooo	https://www.seee.ooo/
www_seiban_co_jp	https://www.seiban.co.jp/
www_seibuen_amusement_park_jp	https://www.seibuen-amusement-park.jp/
www_seiburailway_jp	https://www.seiburailway.jp/
www_seika_cb_jp	https://www.seika-cb.jp/
www_seiko_watch_co_jp	https://www.seiko-watch.co.jp/
www_seimen_co_jp	https://www.seimen.co.jp/
www_seirogan_co_jp	https://www.seirogan.co.jp/
www_seitoku_jp	https://www.seitoku.jp/
www_seiyu_co_jp	https://www.seiyu.co.jp/
www_sekisui_co_jp	https://www.sekisui.co.jp/
www_semba_center_com	https://www.semba-center.com/
www_sendwyre_com	https://www.sendwyre.com/
www_sennarido_co_jp	https://www.sennarido.co.jp/
www_sennen_koujiya_jp	https://www.sennen-koujiya.jp/
www_senri_shokusan_jp	https://www.senri-shokusan.jp/
www_sensess_jp	https://www.sensess.jp/
www_senshukai_make_co_com	https://www.senshukai-make-co.com/
www_senvus_com	https://www.senvus.com/
www_seoulsemicon_com	https://www.seoulsemicon.com/
www_sep_co_jp	https://www.sep.co.jp/
www_seqsense_com	https://www.seqsense.com/
www_seraku_co_jp	https://www.seraku.co.jp/
www_seria_group_com	https://www.seria-group.com/
www_serverworks_co_jp	https://www.serverworks.co.jp/
www_setouchi_oyster_com	https://www.setouchi-oyster.com/
www_seuse_net	https://www.seuse.net/
www_sfc_keio_ac_jp	https://www.sfc.keio.ac.jp/
www_sg_hldgs_co_jp	https://www.sg-hldgs.co.jp/
www_shackletonsltd_co_uk	https://www.shackletonsltd.co.uk/
www_shaker_co_jp	https://www.shaker.co.jp/
www_shakyo_sendai_or_jp	https://www.shakyo-sendai.or.jp/
www_sharecorp_co_jp	https://www.sharecorp.co.jp/
www_sharp_co_jp	https://www.sharp.co.jp/
www_shashin_kan_harada_com	https://www.shashin-kan-harada.com/
www_shc_co_jp	https://www.shc.co.jp/
www_shcl_co_jp	https://www.shcl.co.jp/
www_sheltter_jp	https://www.sheltter.jp/
www_sheratontokyobay_co_jp	https://www.sheratontokyobay.co.jp/
www_sheridan_com_au	https://www.sheridan.com.au/
www_sherpany_com	https://www.sherpany.com/
www_shiawasetofu_com	https://www.shiawasetofu.com/
www_shibaurahouse_jp	https://www.shibaurahouse.jp/
www_shiftparadigm_com	https://www.shiftparadigm.com/
www_shiki_jp	https://www.shiki.jp/
www_shikisai_miyuki_jp	https://www.shikisai-miyuki.jp/
www_shimadzu_co_jp	https://www.shimadzu.co.jp/
www_shimofuri_ginza_com	https://www.shimofuri-ginza.com/
www_shin_kukan_com	https://www.shin-kukan.com/
www_shinei_cc_jp	https://www.shinei-cc.jp/
www_shinko_el_com	https://www.shinko-el.com/
www_shinseidenki_co_jp	https://www.shinseidenki.co.jp/
www_shinseiki_kaiun_co_jp	https://www.shinseiki-kaiun.co.jp/
www_shinshu_u_ac_jp	https://www.shinshu-u.ac.jp/
www_shinsotsu_recruit_lifestyle_co_jp	https://www.shinsotsu.recruit-lifestyle.co.jp/
www_shintetsu_co_jp	https://www.shintetsu.co.jp/
www_shionogi_hc_co_jp	https://www.shionogi-hc.co.jp/
www_shipsmag_jp	https://www.shipsmag.jp/
www_shirakaba_studio	https://www.shirakaba.studio/
www_shiroiya_com	https://www.shiroiya.com/
www_shiroyama_g_co_jp	https://www.shiroyama-g.co.jp/
www_shiseidogroup_jp	https://www.shiseidogroup.jp/
www_shitara_kousan_group_co_jp	https://www.shitara-kousan-group.co.jp/
www_shizuokawedding_net	https://www.shizuokawedding.net/
www_shm_afeela_com	https://www.shm-afeela.com/
www_sho_ps_co_jp	https://www.sho-ps.co.jp/
www_shochikugeino_co_jp	https://www.shochikugeino.co.jp/
www_shoesysport_com	https://www.shoesysport.com/
www_shogakukan_co_jp	https://www.shogakukan.co.jp/
www_shojiya_jp	https://www.shojiya.jp/
www_shokubun_co_jp	https://www.shokubun.co.jp/
www_shonan_cloud_com	https://www.shonan-cloud.com/
www_shonan_ipark_com	https://www.shonan-ipark.com/
www_shonan_it_ac_jp	https://www.shonan-it.ac.jp/
www_shop_rohto_co_jp	https://www.shop.rohto.co.jp/
www_shopfunner_com	https://www.shopfunner.com/
www_shoprevolution_com	https://www.shoprevolution.com/
www_shotoku_netsushori_co_jp	https://www.shotoku-netsushori.co.jp/
www_showakinen_koen_jp	https://www.showakinen-koen.jp/
www_shuhenka_net	https://www.shuhenka.net/
www_shunpanro_com	https://www.shunpanro.com/
www_shunshokuyoho_jp	https://www.shunshokuyoho.jp/
www_shuuemura_jp	https://www.shuuemura.jp/
www_sifce_co_jp	https://www.sifce.co.jp/
www_sigma_global_com	https://www.sigma-global.com/
www_sigmaxyz_com	https://www.sigmaxyz.com/
www_significo_com	https://www.significo.com/
www_silana_com	https://www.silana.com/
www_simms_jp	https://www.simms.jp/
www_simplehouse_co_jp	https://www.simplehouse.co.jp/
www_simplxr_com	https://www.simplxr.com/
www_single_ouen_navi_metro_tokyo_lg_jp	https://www.single-ouen-navi.metro.tokyo.lg.jp/
www_siroari_net	https://www.siroari.net/
www_sirthomaslipton_jp	https://www.sirthomaslipton.jp/
www_sisleyjp_com	https://www.sisleyjp.com/
www_sitelaw_jp	https://www.sitelaw.jp/
www_siu_ac_jp	https://www.siu.ac.jp/
www_sixseconds_co_jp	https://www.sixseconds.co.jp/
www_sj_fukuoka_or_jp	https://www.sj-fukuoka.or.jp/
www_sjcoop_or_jp	https://www.sjcoop.or.jp/
www_skazy_ai	https://www.skazy.ai/
www_sketchstudios_co_uk	https://www.sketchstudios.co.uk/
www_skincare_labo_com	https://www.skincare-labo.com/
www_skincare_univ_com	https://www.skincare-univ.com/
www_skydiveguam_com	https://www.skydiveguam.com/
www_skygate_co_jp	https://www.skygate.co.jp/
www_skymill_co_jp	https://www.skymill.co.jp/
www_smash_guitar_com	https://www.smash-guitar.com/
www_smile_navi_web_com	https://www.smile-navi-web.com/
www_smilesharing100_jp	https://www.smilesharing100.jp/
www_sneakersnstuff_com	https://www.sneakersnstuff.com/
www_snowbird_com	https://www.snowbird.com/
www_snowsand_jp	https://www.snowsand.jp/
www_socon_co_jp	https://www.socon.co.jp/
www_sodastream_jp	https://www.sodastream.jp/
www_sofina_co_jp	https://www.sofina.co.jp/
www_softbank_jp	https://www.softbank.jp/
www_softbankselection_jp	https://www.softbankselection.jp/
www_softbanktech_co_jp	https://www.softbanktech.co.jp/
www_sofy_jp	https://www.sofy.jp/
www_sogo_ad_jp	https://www.sogo-ad.jp/
www_sogoodstories_com	https://www.sogoodstories.com/
www_sohya_jp	https://www.sohya.jp/
www_sokamocka_com	https://www.sokamocka.com/
www_solanomachi_com	https://www.solanomachi.com/
www_solution_design_co_jp	https://www.solution-design.co.jp/
www_solvida_jp	https://www.solvida.jp/
www_somefolk_co	https://www.somefolk.co/
www_sony_semicon_com	https://www.sony-semicon.com/
www_sony_net	https://www.sony.net/
www_sonymusicsolutions_co_jp	https://www.sonymusicsolutions.co.jp/
www_sonysonpo_co_jp	https://www.sonysonpo.co.jp/
www_sooth_co_jp	https://www.sooth.co.jp/
www_soph_net	https://www.soph.net/
www_sorafuel_com	https://www.sorafuel.com/
www_soso_hayama_com	https://www.soso-hayama.com/
www_sotetsufudosan_co_jp	https://www.sotetsufudosan.co.jp/
www_sotsuten_archive_kds_ac_jp	https://www.sotsuten-archive.kds.ac.jp/
www_soundethics_org	https://www.soundethics.org/
www_sowxp_co_jp	https://www.sowxp.co.jp/
www_sp_extremes_jp	https://www.sp-extremes.jp/
www_space10_io	https://www.space10.io/
www_spaceshowertv_com	https://www.spaceshowertv.com/
www_sparkandriot_com	https://www.sparkandriot.com/
www_spectrum_life	https://www.spectrum.life/
www_spic_int_jp	https://www.spic-int.jp/
www_spicebox_co_jp	https://www.spicebox.co.jp/
www_spintank_fr	https://www.spintank.fr/
www_splinegroup_ca	https://www.splinegroup.ca/
www_splinterteal_com	https://www.splinterteal.com/
www_sports_f_co_jp	https://www.sports-f.co.jp/
www_spyder_com	https://www.spyder.com/
www_spykercars_com	https://www.spykercars.com/
www_sqoopy_co_jp	https://www.sqoopy.co.jp/
www_ssc_slp_or_jp	https://www.ssc.slp.or.jp/
www_ssgrroastery_com	https://www.ssgrroastery.com/
www_sskamo_co_jp	https://www.sskamo.co.jp/
www_sskstores_jp	https://www.sskstores.jp/
www_ssp_co_jp	https://www.ssp.co.jp/
www_st_santandrea_it	https://www.st-santandrea.it/
www_st_zero_net	https://www.st-zero.net/
www_stack_vc	https://www.stack.vc/
www_staelsborco_com	https://www.staelsborco.com/
www_standardinc_jp	https://www.standardinc.jp/
www_star_jewelry_com	https://www.star-jewelry.com/
www_star_m_jp	https://www.star-m.jp/
www_starbucks_co_jp	https://www.starbucks.co.jp/
www_starmine_co_jp	https://www.starmine.co.jp/
www_starwars_com	https://www.starwars.com/
www_stewartpartners_studio	https://www.stewartpartners.studio/
www_stitch_co_jp	https://www.stitch.co.jp/
www_stockholmdesignlab_se	https://www.stockholmdesignlab.se/
www_storyandco_co	https://www.storyandco.co/
www_straightfromyard_co_uk	https://www.straightfromyard.co.uk/
www_strawberry_fields_co_jp	https://www.strawberry-fields.co.jp/
www_sts_hd_co_jp	https://www.sts-hd.co.jp/
www_studio_alice_recruit_com	https://www.studio-alice-recruit.com/
www_studio_csa_com	https://www.studio-csa.com/
www_studio_job_com	https://www.studio-job.com/
www_studio_kuma_net	https://www.studio-kuma.net/
www_studio_yoggy_com	https://www.studio-yoggy.com/
www_studiodado_com	https://www.studiodado.com/
www_studioline_jp	https://www.studioline.jp/
www_studiomast_co	https://www.studiomast.co/
www_studiomove_jp	https://www.studiomove.jp/
www_studionico_jp	https://www.studionico.jp/
www_stvkohatu_co_jp	https://www.stvkohatu.co.jp/
www_stylaonline_jp	https://www.stylaonline.jp/
www_styles_tokyo_jp	https://www.styles-tokyo.jp/
www_subaru_global_com	https://www.subaru-global.com/
www_subaru_jp	https://www.subaru.jp/
www_suewang_net	https://www.suewang.net/
www_sugitani_seitai_com	https://www.sugitani-seitai.com/
www_sugiyamajinja_or_jp	https://www.sugiyamajinja.or.jp/
www_sui_io	https://www.sui.io/
www_suimintaisya_shinjuku_jp	https://www.suimintaisya-shinjuku.jp/
www_sukeno_com	https://www.sukeno.com/
www_sukusukuball_jp	https://www.sukusukuball.jp/
www_sumidenshoji_co_jp	https://www.sumidenshoji.co.jp/
www_suminavi_com	https://www.suminavi.com/
www_sumirin_hs_co_jp	https://www.sumirin-hs.co.jp/
www_sumitomocorp_co_jp	https://www.sumitomocorp.co.jp/
www_sumiyoshitaisha_net	https://www.sumiyoshitaisha.net/
www_summersonic_com	https://www.summersonic.com/
www_sumoto_golf_com	https://www.sumoto-golf.com/
www_sun_hope_co_jp	https://www.sun-hope.co.jp/
www_sun_oike_co_jp	https://www.sun-oike.co.jp/
www_sun_product_co_jp	https://www.sun-product.co.jp/
www_sun_ste_com	https://www.sun-ste.com/
www_sunday_issue_com	https://www.sunday-issue.com/
www_sunstar_com	https://www.sunstar.com/
www_super_kinokuniya_jp	https://www.super-kinokuniya.jp/
www_superette_co_nz	https://www.superette.co.nz/
www_supermicro_jp	https://www.supermicro.jp/
www_surcraft_jp	https://www.surcraft.jp/
www_surrattbeauty_com	https://www.surrattbeauty.com/
www_sus_g_co_jp	https://www.sus-g.co.jp/
www_sustena_org	https://www.sustena.org/
www_susume_shukatsusei_com	https://www.susume-shukatsusei.com/
www_sut_ac_jp	https://www.sut.ac.jp/
www_suunto_jp	https://www.suunto.jp/
www_suzuki_co_jp	https://www.suzuki.co.jp/
www_suzuyoshoji_co_jp	https://www.suzuyoshoji.co.jp/
www_swedenhouse_co_jp	https://www.swedenhouse.co.jp/
www_sweetloveshower_com	https://www.sweetloveshower.com/
www_swiss_com	https://www.swiss.com/
www_sxsw_com	https://www.sxsw.com/
www_syd_tech_jp	https://www.syd-tech.jp/
www_synbio_jst_go_jp	https://www.synbio.jst.go.jp/
www_systemforest_com	https://www.systemforest.com/
www_t_colourspice_com	https://www.t-colourspice.com/
www_t_lifesupport_co_jp	https://www.t-lifesupport.co.jp/
www_t_nishikawa_co_jp	https://www.t-nishikawa.co.jp/
www_taberutokurashi_com	https://www.taberutokurashi.com/
www_tabi_tabi_com	https://www.tabi-tabi.com/
www_tabio_com	https://www.tabio.com/
www_tabjapan_com	https://www.tabjapan.com/
www_tac_co_com	https://www.tac-co.com/
www_tactyc_studio	https://www.tactyc.studio/
www_tadokoro_biz	https://www.tadokoro.biz/
www_taffy8_com	https://www.taffy8.com/
www_tag_ie_com	https://www.tag-ie.com/
www_tagami_bunguten_com	https://www.tagami-bunguten.com/
www_taguchi_co_jp	https://www.taguchi.co.jp/
www_taicoclub_com	https://www.taicoclub.com/
www_taiheisha_co_jp	https://www.taiheisha.co.jp/
www_taikisha_co_jp	https://www.taikisha.co.jp/
www_tais_ac_jp	https://www.tais.ac.jp/
www_taisei_shiki_jp	https://www.taisei-shiki.jp/
www_taiyoelec_co_jp	https://www.taiyoelec.co.jp/
www_taka_art_co_jp	https://www.taka-art.co.jp/
www_takachiho_shirasu_co_jp	https://www.takachiho-shirasu.co.jp/
www_takahiromotonami_com	https://www.takahiromotonami.com/
www_takaki_bakery_co_jp	https://www.takaki-bakery.co.jp/
www_takamatsunana_com	https://www.takamatsunana.com/
www_takami_labo_com	https://www.takami-labo.com/
www_takamiclinic_com	https://www.takamiclinic.com/
www_takaratomy_arts_co_jp	https://www.takaratomy-arts.co.jp/
www_takashiro_co_jp	https://www.takashiro.co.jp/
www_takaten_com	https://www.takaten.com/
www_takemoto_cosmetics_co_jp	https://www.takemoto-cosmetics.co.jp/
www_takiken_com	https://www.takiken.com/
www_takiron_p_co_jp	https://www.takiron-p.co.jp/
www_takram_com	https://www.takram.com/
www_takumikobo1915_co_jp	https://www.takumikobo1915.co.jp/
www_takumitaniguchi_com	https://www.takumitaniguchi.com/
www_tamahome_jp	https://www.tamahome.jp/
www_tamarando_com	https://www.tamarando.com/
www_tambien_studio	https://www.tambien.studio/
www_tanakakozo_com	https://www.tanakakozo.com/
www_tanita_co_jp	https://www.tanita.co.jp/
www_tanka_in	https://www.tanka.in/
www_tankumakita_jp	https://www.tankumakita.jp/
www_tartaruga_co_jp	https://www.tartaruga.co.jp/
www_tateishi_ae_jp	https://www.tateishi-ae.jp/
www_tb_m_com	https://www.tb-m.com/
www_tb_net_jp	https://www.tb-net.jp/
www_tbsradio_jp	https://www.tbsradio.jp/
www_tbwahakuhodo_co_jp	https://www.tbwahakuhodo.co.jp/
www_tcg_kagawa_com	https://www.tcg-kagawa.com/
www_tdwa_com	https://www.tdwa.com/
www_tea_shimada_com	https://www.tea-shimada.com/
www_techmatrix_co_jp	https://www.techmatrix.co.jp/
www_techstyle_com	https://www.techstyle.com/
www_tedy_app	https://www.tedy.app/
www_teeter_totter_tokyo	https://www.teeter-totter.tokyo/
www_teiregi_jp	https://www.teiregi.jp/
www_teko_leverage_com	https://www.teko-leverage.com/
www_tel_co_jp	https://www.tel.co.jp/
www_tenite_jp	https://www.tenite.jp/
www_tenku_f_jp	https://www.tenku-f.jp/
www_tenobetakadaya_com	https://www.tenobetakadaya.com/
www_tenslife_com	https://www.tenslife.com/
www_tensodo_co_jp	https://www.tensodo.co.jp/
www_tentatu_com	https://www.tentatu.com/
www_teoro_org_nz	https://www.teoro.org.nz/
www_teotoriatte_info	https://www.teotoriatte.info/
www_tepco_ht_co_jp	https://www.tepco-ht.co.jp/
www_tepco_co_jp	https://www.tepco.co.jp/
www_tepika_net	https://www.tepika.net/
www_tera_buddha_net	https://www.tera-buddha.net/
www_terrada_co_jp	https://www.terrada.co.jp/
www_tess_hd_co_jp	https://www.tess-hd.co.jp/
www_tetsumi_kudo_ex_com	https://www.tetsumi-kudo-ex.com/
www_tfd_saiyo_jp	https://www.tfd-saiyo.jp/
www_tfm_co_jp	https://www.tfm.co.jp/
www_thcu_ac_jp	https://www.thcu.ac.jp/
www_the_body_shop_co_jp	https://www.the-body-shop.co.jp/
www_the_wing_com	https://www.the-wing.com/
www_thealien_design	https://www.thealien.design/
www_theatredelaville_paris_com	https://www.theatredelaville-paris.com/
www_thedailybeast_com	https://www.thedailybeast.com/
www_thefamilycg_com	https://www.thefamilycg.com/
www_thefirsttake_jp	https://www.thefirsttake.jp/
www_thefoundation_house	https://www.thefoundation.house/
www_thehighloft_com	https://www.thehighloft.com/
www_themeskingdom_com	https://www.themeskingdom.com/
www_theoceanagency_org	https://www.theoceanagency.org/
www_theofficegroup_co_uk	https://www.theofficegroup.co.uk/
www_theory11_com	https://www.theory11.com/
www_theredlionstodmarsh_com	https://www.theredlionstodmarsh.com/
www_thermofix_co_jp	https://www.thermofix.co.jp/
www_thescottresort_com	https://www.thescottresort.com/
www_theshelttertokyo_com	https://www.theshelttertokyo.com/
www_thesocialitefamily_com	https://www.thesocialitefamily.com/
www_thinktheearth_net	https://www.thinktheearth.net/
www_thisiscrowd_com	https://www.thisiscrowd.com/
www_thisistommy_com	https://www.thisistommy.com/
www_thorsskyr_com	https://www.thorsskyr.com/
www_thruster_co_jp	https://www.thruster.co.jp/
www_tid_ac_jp	https://www.tid.ac.jp/
www_tiestation_jp	https://www.tiestation.jp/
www_tiffany_co_jp	https://www.tiffany.co.jp/
www_tiger_jp	https://www.tiger.jp/
www_time_com	https://www.time.com/
www_tioluchin_com	https://www.tioluchin.com/
www_tipness_partner_jp	https://www.tipness-partner.jp/
www_tis_home_com	https://www.tis-home.com/
www_titicaca_jp	https://www.titicaca.jp/
www_tjf_or_jp	https://www.tjf.or.jp/
www_tki_nl	https://www.tki.nl/
www_tktk_co_jp	https://www.tktk.co.jp/
www_tlchealthcare_com_au	https://www.tlchealthcare.com.au/
www_tmi_gr_jp	https://www.tmi.gr.jp/
www_tmu_ac_jp	https://www.tmu.ac.jp/
www_toa_nagano_com	https://www.toa-nagano.com/
www_toaseiko_com	https://www.toaseiko.com/
www_toayakuhin_co_jp	https://www.toayakuhin.co.jp/
www_tobu_co_jp	https://www.tobu.co.jp/
www_tobu_saiseikai_or_jp	https://www.tobu.saiseikai.or.jp/
www_toco_co_jp	https://www.toco.co.jp/
www_toga_jp	https://www.toga.jp/
www_togu_co_jp	https://www.togu.co.jp/
www_toho_ent_co_jp	https://www.toho-ent.co.jp/
www_tohoekika_jp	https://www.tohoekika.jp/
www_tohogas_co_jp	https://www.tohogas.co.jp/
www_tohotheater_jp	https://www.tohotheater.jp/
www_tokiolab_it	https://www.tokiolab.it/
www_tokitofilm_com	https://www.tokitofilm.com/
www_tokusei_ins_co_jp	https://www.tokusei-ins.co.jp/
www_tokushinkai_or_jp	https://www.tokushinkai.or.jp/
www_tokyo_beast_com	https://www.tokyo-beast.com/
www_tokyo_co2down_jp	https://www.tokyo-co2down.jp/
www_tokyo_jazz_com	https://www.tokyo-jazz.com/
www_tokyo_lemonche_jp	https://www.tokyo-lemonche.jp/
www_tokyo_skytree_jp	https://www.tokyo-skytree.jp/
www_tokyo_solamachi_jp	https://www.tokyo-solamachi.jp/
www_tokyobase_co_jp	https://www.tokyobase.co.jp/
www_tokyobookmark_jp	https://www.tokyobookmark.jp/
www_tokyoeki_1bangai_co_jp	https://www.tokyoeki-1bangai.co.jp/
www_tokyokankyo_jp	https://www.tokyokankyo.jp/
www_tokyometro_jp	https://www.tokyometro.jp/
www_tokyonishi_hp_or_jp	https://www.tokyonishi-hp.or.jp/
www_tokyostarbank_co_jp	https://www.tokyostarbank.co.jp/
www_tokyostationhotel_jp	https://www.tokyostationhotel.jp/
www_tokyu_agc_co_jp	https://www.tokyu-agc.co.jp/
www_tokyu_cnst_co_jp	https://www.tokyu-cnst.co.jp/
www_tokyu_dept_co_jp	https://www.tokyu-dept.co.jp/
www_tokyukuramo_jp	https://www.tokyukuramo.jp/
www_toli_life_com	https://www.toli-life.com/
www_tomareruengeki_com	https://www.tomareruengeki.com/
www_tomei_co_jp	https://www.tomei.co.jp/
www_tomihiro_co_jp	https://www.tomihiro.co.jp/
www_tomishin_co_jp	https://www.tomishin.co.jp/
www_tomointro_jp	https://www.tomointro.jp/
www_toranomon_gr_jp	https://www.toranomon.gr.jp/
www_torio_tokyo	https://www.torio.tokyo/
www_toromi_co_jp	https://www.toromi.co.jp/
www_tosen_com	https://www.tosen.com/
www_toshiba_elevator_co_jp	https://www.toshiba-elevator.co.jp/
www_toto_co_jp	https://www.toto.co.jp/
www_tourism_ac_jp	https://www.tourism.ac.jp/
www_town_yuza_yamagata_jp	https://www.town.yuza.yamagata.jp/
www_toyoink1050plus_com	https://www.toyoink1050plus.com/
www_toyonaka_pa_net	https://www.toyonaka-pa.net/
www_toyonut_co_jp	https://www.toyonut.co.jp/
www_toyota_boshoku_com	https://www.toyota-boshoku.com/
www_toyota_careers_com	https://www.toyota-careers.com/
www_toyota_monozukuri_jp	https://www.toyota-monozukuri.jp/
www_toyota_com	https://www.toyota.com/
www_toyotahalloffame_com	https://www.toyotahalloffame.com/
www_toyotown_jp	https://www.toyotown.jp/
www_toysfactory_co_jp	https://www.toysfactory.co.jp/
www_tpximpact_com	https://www.tpximpact.com/
www_tradershd_com	https://www.tradershd.com/
www_transitcrew_com	https://www.transitcrew.com/
www_transtructure_com	https://www.transtructure.com/
www_tranzition_agency	https://www.tranzition.agency/
www_trefectamobility_com	https://www.trefectamobility.com/
www_tribeck_jp	https://www.tribeck.jp/
www_trion_net_co_jp	https://www.trion-net.co.jp/
www_trionndesign_com	https://www.trionndesign.com/
www_triterasu_co_jp	https://www.triterasu.co.jp/
www_triton_cafe_jp	https://www.triton-cafe.jp/
www_troa_fr	https://www.troa.fr/
www_trymore_inc_jp	https://www.trymore-inc.jp/
www_tsm_ac_jp	https://www.tsm.ac.jp/
www_tsubamesanjo_trade_com	https://www.tsubamesanjo-trade.com/
www_tsubudateru_com	https://www.tsubudateru.com/
www_tsuda_ac_jp	https://www.tsuda.ac.jp/
www_tsuji_ac_jp	https://www.tsuji.ac.jp/
www_tsukinowa_co_jp	https://www.tsukinowa.co.jp/
www_tsumari_shop_jp	https://www.tsumari-shop.jp/
www_tsunagi_art_jp	https://www.tsunagi-art.jp/
www_tsunagu_life_com	https://www.tsunagu-life.com/
www_tsuruha_hd_recruit_jp	https://www.tsuruha-hd-recruit.jp/
www_ttcorp_co_jp	https://www.ttcorp.co.jp/
www_ttrinity_jp	https://www.ttrinity.jp/
www_tuad_ac_jp	https://www.tuad.ac.jp/
www_tvu_co_jp	https://www.tvu.co.jp/
www_twilio_com	https://www.twilio.com/
www_txttok_com	https://www.txttok.com/
www_tyo_id_jp	https://www.tyo-id.jp/
www_typ_morpho_jp	https://www.typ-morpho.jp/
www_uber_com	https://www.uber.com/
www_uber_design	https://www.uber.design/
www_ucc_co_jp	https://www.ucc.co.jp/
www_uchicc_co_jp	https://www.uchicc.co.jp/
www_uchinoko_cat_com	https://www.uchinoko-cat.com/
www_udo_jp	https://www.udo.jp/
www_uedanishi_ed_jp	https://www.uedanishi.ed.jp/
www_ueshima_coffee_ten_jp	https://www.ueshima-coffee-ten.jp/
www_ukai_online_com	https://www.ukai-online.com/
www_uktsc_com	https://www.uktsc.com/
www_ultrasupernew_com	https://www.ultrasupernew.com/
www_umber_jp_com	https://www.umber-jp.com/
www_umino_hotel_com	https://www.umino-hotel.com/
www_un_daiichi_co_jp	https://www.un-daiichi.co.jp/
www_un_photo_com	https://www.un-photo.com/
www_un_tdesign_com	https://www.un-tdesign.com/
www_un_tsystem_com	https://www.un-tsystem.com/
www_unanime_fr	https://www.unanime.fr/
www_uncovertruth_co_jp	https://www.uncovertruth.co.jp/
www_undone_me	https://www.undone.me/
www_uneven_jp	https://www.uneven.jp/
www_uni_spot_com	https://www.uni-spot.com/
www_unico_fan_co_jp	https://www.unico-fan.co.jp/
www_uniform_net_jp	https://www.uniform-net.jp/
www_union_art_japan_com	https://www.union-art-japan.com/
www_unipos_co_jp	https://www.unipos.co.jp/
www_uniqloichiropost_com	https://www.uniqloichiropost.com/
www_unison_tech_jp	https://www.unison-tech.jp/
www_united_arrows_jp	https://www.united-arrows.jp/
www_unity_g_com	https://www.unity-g.com/
www_univelhd_co_jp	https://www.univelhd.co.jp/
www_universal_fp_com	https://www.universal-fp.com/
www_unlearn_ai	https://www.unlearn.ai/
www_unouplus_com	https://www.unouplus.com/
www_uny_co_jp	https://www.uny.co.jp/
www_unzen_org	https://www.unzen.org/
www_updroid_com	https://www.updroid.com/
www_upriseart_com	https://www.upriseart.com/
www_uragami_co_jp	https://www.uragami.co.jp/
www_urban_research_com	https://www.urban-research.com/
www_urban_tube_com	https://www.urban-tube.com/
www_urbanbase_co_jp	https://www.urbanbase.co.jp/
www_ureshii_h_jp	https://www.ureshii-h.jp/
www_usen_com	https://www.usen.com/
www_usestate_org	https://www.usestate.org/
www_utocods_co_jp	https://www.utocods.co.jp/
www_uv0_jp	https://www.uv0.jp/
www_uzabase_com	https://www.uzabase.com/
www_uzu_team	https://www.uzu.team/
www_vacheron_constantin_com	https://www.vacheron-constantin.com/
www_valveat81_com	https://www.valveat81.com/
www_valvrave_com	https://www.valvrave.com/
www_vaxx_cz	https://www.vaxx.cz/
www_vegeovegeco_com	https://www.vegeovegeco.com/
www_veloretti_com	https://www.veloretti.com/
www_venwork_com	https://www.venwork.com/
www_verdy_co_jp	https://www.verdy.co.jp/
www_versailles3d_com	https://www.versailles3d.com/
www_vertu_com	https://www.vertu.com/
www_very_make_com	https://www.very-make.com/
www_videoplant_jp	https://www.videoplant.jp/
www_vill_matsukawa_nagano_jp	https://www.vill.matsukawa.nagano.jp/
www_villaeliana_com	https://www.villaeliana.com/
www_vinci_airports_com	https://www.vinci-airports.com/
www_vipp_com	https://www.vipp.com/
www_visee_jp	https://www.visee.jp/
www_visjp_com	https://www.visjp.com/
www_vitamin_i_jp	https://www.vitamin-i.jp/
www_vivace_love_com	https://www.vivace-love.com/
www_vntus_jp	https://www.vntus.jp/
www_vogue_co_jp	https://www.vogue.co.jp/
www_vogue_it	https://www.vogue.it/
www_volleyball_ca	https://www.volleyball.ca/
www_volvic_co_jp	https://www.volvic.co.jp/
www_vonvape_com	https://www.vonvape.com/
www_vooma_com	https://www.vooma.com/
www_vr_sessions_com	https://www.vr-sessions.com/
www_vrtlwrld_io	https://www.vrtlwrld.io/
www_vsolution_jp	https://www.vsolution.jp/
www_vumf_net	https://www.vumf.net/
www_vv_yotsuya_jp	https://www.vv-yotsuya.jp/
www_vzdn_co_jp	https://www.vzdn.co.jp/
www_w_wing_jp	https://www.w-wing.jp/
www_wadass_com	https://www.wadass.com/
www_wait_less_com	https://www.wait-less.com/
www_waiting_for_ideas_com	https://www.waiting-for-ideas.com/
www_wakabayashi_co_jp	https://www.wakabayashi.co.jp/
www_wakasugi_bldg_jp	https://www.wakasugi-bldg.jp/
www_waldmannpen_com	https://www.waldmannpen.com/
www_walkerart_org	https://www.walkerart.org/
www_wamokei_com	https://www.wamokei.com/
www_wanget_jp	https://www.wanget.jp/
www_wantstobegreat_com	https://www.wantstobegreat.com/
www_warabimochi_kamakura_com	https://www.warabimochi-kamakura.com/
www_warnerbros_co_jp	https://www.warnerbros.co.jp/
www_washin_optical_co_jp	https://www.washin-optical.co.jp/
www_wasoumaedori_com	https://www.wasoumaedori.com/
www_watsonfurniture_com	https://www.watsonfurniture.com/
www_waveco_co_jp	https://www.waveco.co.jp/
www_waxpoetics_com	https://www.waxpoetics.com/
www_wdb_eu_com	https://www.wdb-eu.com/
www_wealthnavi_com	https://www.wealthnavi.com/
www_wearea2b_com	https://www.wearea2b.com/
www_weareimpero_com	https://www.weareimpero.com/
www_weareinertia_com	https://www.weareinertia.com/
www_wearenoodz_com	https://www.wearenoodz.com/
www_weareshepherd_com	https://www.weareshepherd.com/
www_wearetennis_com	https://www.wearetennis.com/
www_webbyawards_com	https://www.webbyawards.com/
www_weblounge_be	https://www.weblounge.be/
www_webydo_com	https://www.webydo.com/
www_wecargo_be	https://www.wecargo.be/
www_wed_camp_com	https://www.wed-camp.com/
www_wedgwood_jp	https://www.wedgwood.jp/
www_weider_jp_com	https://www.weider-jp.com/
www_welcomekyushu_jp	https://www.welcomekyushu.jp/
www_wellmesp_co_jp	https://www.wellmesp.co.jp/
www_west_lock_co_jp	https://www.west-lock.co.jp/
www_westjr_co_jp	https://www.westjr.co.jp/
www_wetmaster_co_jp	https://www.wetmaster.co.jp/
www_whatwatch_com	https://www.whatwatch.com/
www_wheeebo_com	https://www.wheeebo.com/
www_wheregiantsroam_co_uk	https://www.wheregiantsroam.co.uk/
www_whitebell_str_com	https://www.whitebell-str.com/
www_whitebirdjewellery_com	https://www.whitebirdjewellery.com/
www_whiteoutworks_com	https://www.whiteoutworks.com/
www_whitesummer_es	https://www.whitesummer.es/
www_why_juice_me	https://www.why-juice.me/
www_widelab_co	https://www.widelab.co/
www_wildsouls_gr	https://www.wildsouls.gr/
www_wildturkey_jp	https://www.wildturkey.jp/
www_wilson_co_jp	https://www.wilson.co.jp/
www_wimpdecaf_com	https://www.wimpdecaf.com/
www_wincos_film_com	https://www.wincos-film.com/
www_windleandmoodie_com	https://www.windleandmoodie.com/
www_wiredfit_jp	https://www.wiredfit.jp/
www_wirelesscity_jp	https://www.wirelesscity.jp/
www_with_oiu_ac_jp	https://www.with.oiu.ac.jp/
www_wix_com	https://www.wix.com/
www_wiz_io	https://www.wiz.io/
www_wm_dw_jp	https://www.wm-dw.jp/
www_wokine_com	https://www.wokine.com/
www_wolfandson_net	https://www.wolfandson.net/
www_wolfwhale_com	https://www.wolfwhale.com/
www_womb_co_jp	https://www.womb.co.jp/
www_wonderlandams_com	https://www.wonderlandams.com/
www_workshophospitality_com	https://www.workshophospitality.com/
www_worksonpapers_jp	https://www.worksonpapers.jp/
www_world_com_co_jp	https://www.world-com.co.jp/
www_world_co_jp	https://www.world.co.jp/
www_worldquantfoundry_com	https://www.worldquantfoundry.com/
www_worldwedding_jp	https://www.worldwedding.jp/
www_woven_city_global	https://www.woven-city.global/
www_wrass_co_jp	https://www.wrass.co.jp/
www_wwdjapan_com	https://www.wwdjapan.com/
www_wwf_or_jp	https://www.wwf.or.jp/
www_wysemeter_com	https://www.wysemeter.com/
www_x_dignity_kgri_keio_ac_jp	https://www.x-dignity.kgri.keio.ac.jp/
www_xapobank_com	https://www.xapobank.com/
www_xlarge_jp	https://www.xlarge.jp/
www_xlrecordings_com	https://www.xlrecordings.com/
www_y_aoyama_jp	https://www.y-aoyama.jp/
www_y_enjin_co_jp	https://www.y-enjin.co.jp/
www_y_gsa_jp	https://www.y-gsa.jp/
www_ya_man_com	https://www.ya-man.com/
www_yahagijisyo_co_jp	https://www.yahagijisyo.co.jp/
www_yakiniku_king_jp	https://www.yakiniku-king.jp/
www_yamaki_co_jp	https://www.yamaki.co.jp/
www_yamakita_kids_jp	https://www.yamakita-kids.jp/
www_yamako_jp	https://www.yamako.jp/
www_yamanefukuoka_com	https://www.yamanefukuoka.com/
www_yamasaki_mfg_com	https://www.yamasaki-mfg.com/
www_yamatoprotec_co_jp	https://www.yamatoprotec.co.jp/
www_yamazaki_kk_jp	https://www.yamazaki-kk.jp/
www_yamazaki_sangyo_jp	https://www.yamazaki-sangyo.jp/
www_yanmar_com	https://www.yanmar.com/
www_yanmarmarche_com	https://www.yanmarmarche.com/
www_yanokinzoku_co_jp	https://www.yanokinzoku.co.jp/
www_yasuda_fw_co_jp	https://www.yasuda-fw.co.jp/
www_yasukin_co_jp	https://www.yasukin.co.jp/
www_yatzer_com	https://www.yatzer.com/
www_yaxell_co_jp	https://www.yaxell.co.jp/
www_yeccavecca_jp	https://www.yeccavecca.jp/
www_ykdw_org	https://www.ykdw.org/
www_ykkap_co_jp	https://www.ykkap.co.jp/
www_ymobile_jp	https://www.ymobile.jp/
www_yobiko_do_com	https://www.yobiko-do.com/
www_yodensha_co_jp	https://www.yodensha.co.jp/
www_yokohama_cu_ac_jp	https://www.yokohama-cu.ac.jp/
www_yomeishu_co_jp	https://www.yomeishu.co.jp/
www_yonex_co_jp	https://www.yonex.co.jp/
www_yorozukensetsu_co_jp	https://www.yorozukensetsu.co.jp/
www_yoshicon_co_jp	https://www.yoshicon.co.jp/
www_yoshikei_interior_co_jp	https://www.yoshikei-interior.co.jp/
www_yoshimatsukouki_com	https://www.yoshimatsukouki.com/
www_youcafe_jp	https://www.youcafe.jp/
www_ysabella_me	https://www.ysabella.me/
www_ystrdy_nz	https://www.ystrdy.nz/
www_ystudio_co_kr	https://www.ystudio.co.kr/
www_ytsamuse_com	https://www.ytsamuse.com/
www_yu_nakagawa_co_jp	https://www.yu-nakagawa.co.jp/
www_yuasakensetsu_com	https://www.yuasakensetsu.com/
www_yue_japan_com	https://www.yue-japan.com/
www_yuhaku_co_jp	https://www.yuhaku.co.jp/
www_yuitech_jp	https://www.yuitech.jp/
www_yukon1000_org	https://www.yukon1000.org/
www_yukotakada_work_com	https://www.yukotakada-work.com/
www_yume_kura_jp	https://www.yume-kura.jp/
www_yunker_jp	https://www.yunker.jp/
www_yurbuds_com	https://www.yurbuds.com/
www_yurikago_or_jp	https://www.yurikago.or.jp/
www_zabo_inc_jp	https://www.zabo-inc.jp/
www_zabocon_yoichi_villa_jp	https://www.zabocon-yoichi-villa.jp/
www_zakuzaku_co_jp	https://www.zakuzaku.co.jp/
www_zamst_jp	https://www.zamst.jp/
www_zaptec_com	https://www.zaptec.com/
www_zaus_co_com	https://www.zaus-co.com/
www_zebra_co_jp	https://www.zebra.co.jp/
www_zegna_com	https://www.zegna.com/
www_zeitmedia_vn	https://www.zeitmedia.vn/
www_zero_office_biz	https://www.zero-office.biz/
www_zerohalliburton_jp	https://www.zerohalliburton.jp/
www_zinacor_com	https://www.zinacor.com/
www_zoff_com	https://www.zoff.com/
www_zomahoun_com	https://www.zomahoun.com/
www_zutto_co_jp	https://www.zutto.co.jp/
www_zypsy_com	https://www.zypsy.com/
www1_nyc_gov	https://www1.nyc.gov/
www2_gwc_gakushuin_ac_jp	https://www2.gwc.gakushuin.ac.jp/
www2_nissan_co_jp	https://www2.nissan.co.jp/
www3_pref_nara_jp	https://www3.pref.nara.jp/
www5_mercedes_benz_com	https://www5.mercedes-benz.com/
x_doria_com	https://x-doria.com/
x_point_1_net	https://x-point-1.net/
xd_sfc_keio_ac_jp	https://xd.sfc.keio.ac.jp/
xi_docomo_jp	https://xi-docomo.jp/
xn_w0w51m_com	https://xn--w0w51m.com/
xtrememac_jp	https://xtrememac.jp/
yacchiro_jp	https://yacchiro.jp/
yadoito_18rou_com	https://yadoito.18rou.com/
yagyu_shop_com	https://yagyu-shop.com/
yajima_f_com	https://yajima-f.com/
yakumogeihinkan_jp	https://yakumogeihinkan.jp/
yamadai_group_com	https://yamadai-group.com/
yamadute_nosegawa_com	https://yamadute-nosegawa.com/
yamaguchiakiko_jp	https://yamaguchiakiko.jp/
yamamotocoffeekan_jp	https://yamamotocoffeekan.jp/
yamamotomachinery_co_jp	https://yamamotomachinery.co.jp/
yamamototakashi_jp	https://yamamototakashi.jp/
yamani_g_co_jp	https://yamani-g.co.jp/
yamanocheese_com	https://yamanocheese.com/
yamanoue_design_jp	https://yamanoue-design.jp/
yamaosm_com	https://yamaosm.com/
yamap_com	https://yamap.com/
yamasamisokoji_com	https://yamasamisokoji.com/
yamashin_yamco_co_jp	https://yamashin.yamco.co.jp/
yamashita_fruit_com	https://yamashita-fruit.com/
yamato_f_jp	https://yamato-f.jp/
yamatologia_com	https://yamatologia.com/
yamatowa_co_jp	https://yamatowa.co.jp/
yamazaki_r_co_jp	https://yamazaki-r.co.jp/
yambaru_artfes_jp	https://yambaru-artfes.jp/
yane_tateyama_jp	https://yane-tateyama.jp/
yaoya_io	https://yaoya.io/
yapp_li	https://yapp.li/
yarn_jp	https://yarn.jp/
yasaka_hoikuen_net	https://yasaka-hoikuen.net/
yasudatakahiro_com	https://yasudatakahiro.com/
yasumiworks_com	https://yasumiworks.com/
yasutaka_nakata_com	https://yasutaka-nakata.com/
yaxphoto_jp	https://yaxphoto.jp/
yazawa_tora_clinic_com	https://yazawa-tora-clinic.com/
ydc_pref_yamanashi_jp	https://ydc.pref.yamanashi.jp/
yfc_iwasaki_ac_jp	https://yfc.iwasaki.ac.jp/
ygmc_jp	https://ygmc.jp/
yjica2015_10th_jp	https://yjica2015-10th.jp/
ykdw_org	https://ykdw.org/
ykokd_com	https://ykokd.com/
yohak_kokuyo_com	https://yohak.kokuyo.com/
yoiyoi_haccoba_com	https://yoiyoi.haccoba.com/
yoka_yohaku_com	https://yoka-yohaku.com/
yokanavi_com	https://yokanavi.com/
yokoku_pass_the_baton_com	https://yokoku.pass-the-baton.com/
yokospiano_com	https://yokospiano.com/
yokotanojo_co_jp	https://yokotanojo.co.jp/
yoneshima_shuzo_co_jp	https://yoneshima-shuzo.co.jp/
yonimo_jp	https://yonimo.jp/
yorozu_yess_com	https://yorozu-yess.com/
yosami_ed_jp	https://yosami.ed.jp/
yosuga_akiu_jp	https://yosuga-akiu.jp/
yosukesuzuki_jp	https://yosukesuzuki.jp/
yoteistock_com	https://yoteistock.com/
youngcarerjapan_com	https://youngcarerjapan.com/
your_unknown_music_com	https://your-unknown-music.com/
yourkins_com	https://yourkins.com/
yrf_jp	https://yrf.jp/
yrglm_co_jp	https://yrglm.co.jp/
ysa_dena_com	https://ysa.dena.com/
yu_san_chae_com	https://yu-san-chae.com/
yubetsu_gyugun_com	https://yubetsu-gyugun.com/
yuhikaku_com	https://yuhikaku.com/
yui_hakuichi_co_jp	https://yui.hakuichi.co.jp/
yuien_life	https://yuien.life/
yuinchu_com	https://yuinchu.com/
yukiyamamoto_site	https://yukiyamamoto.site/
yukos_kospro_jp	https://yukos.kospro.jp/
yululuka_jp	https://yululuka.jp/
yunomachi_clinic	https://yunomachi.clinic/
yuraji_inochi_studio_site	https://yuraji-inochi.studio.site/
yushoku_co_jp	https://yushoku.co.jp/
yusukefukunaga_com	https://yusukefukunaga.com/
yuta_abe_com	https://yuta-abe.com/
yuten_city_tsukuba_lg_jp	https://yuten.city.tsukuba.lg.jp/
yutori_tokyo	https://yutori.tokyo/
yuugi_life_jp	https://yuugi-life.jp/
yuushinunyu_jp	https://yuushinunyu.jp/
yuyuhome_favstyle_jp	https://yuyuhome-favstyle.jp/
z_mobility_co_jp	https://z-mobility.co.jp/
zajno_com	https://zajno.com/
zakuzaku_co_jp	https://zakuzaku.co.jp/
zaq_jcom_co_jp	https://zaq.jcom.co.jp/
ze_studio_com	https://ze-studio.com/
zekkei_hokkaido_jp	https://zekkei-hokkaido.jp/
zen_amamispirits_com	https://zen-amamispirits.com/
zenandbed_com	https://zenandbed.com/
zenkojidaira_or_jp	https://zenkojidaira.or.jp/
zensho_ji_com	https://zensho-ji.com/
zeppelin_co_jp	https://zeppelin.co.jp/
zero_c_jp	https://zero-c.jp/
zerofinancial_com	https://zerofinancial.com/
zeromedical_recruit_com	https://zeromedical-recruit.com/
zetta_joule_com	https://zetta-joule.com/
zhetainternational_com	https://zhetainternational.com/
ziatile_com	https://ziatile.com/
zipl_pro	https://zipl.pro/
ziploc_life_jp	https://ziploc-life.jp/
zippuku_net	https://zippuku.net/
zizino_jp	https://zizino.jp/
zoccon_me	https://zoccon.me/
zoomlife_tokyo	https://zoomlife.tokyo/
ztokyo_net	https://ztokyo.net/
zuihoen_jp	https://zuihoen.jp/
zumtobel_us	https://zumtobel.us/
zurriola_jp	https://zurriola.jp/
